sentence,actual,predicted
event reminder mona tuesday,B-event_name B-date,B-event_name B-event_name B-event_name B-date
put meeting with pawel for tomorrow ten am,B-event_name B-person B-date B-time I-time,B-player_setting B-event_name I-event_name B-person I-person B-date B-time I-time
what is the exchange rate of us dollar to pound sterling,B-news_topic I-news_topic I-news_topic I-news_topic I-news_topic I-news_topic I-news_topic I-news_topic,B-business_type B-person B-definition_word B-currency_name B-currency_name B-currency_name B-currency_name I-currency_name B-currency_name B-currency_name I-currency_name
increase the brightness of the lights,,B-event_name B-audiobook_name B-device_type B-house_place B-device_type B-device_type
which film the music comes from what is the name of the music,,B-player_setting I-business_type B-audiobook_name B-device_type I-device_type I-player_setting B-song_name B-person B-definition_word B-definition_word I-podcast_name I-podcast_name B-podcast_name
turn up the brightness,,B-player_setting I-player_setting B-audiobook_name B-device_type
can you give me the movie schedule,B-event_name,B-business_type B-player_setting B-definition_word B-personal_info B-audiobook_name B-event_name B-person
please send a mail to my friend <unk> how are you,B-relation B-person,B-player_setting B-event_name B-definition_word B-personal_info B-person B-relation B-relation B-person B-person I-person B-relation
take out the milk from the shopping list,B-list_name,B-order_type I-order_type I-order_type B-event_name I-event_name B-list_name B-list_name I-list_name
anything on your mind,,B-place_name I-event_name B-event_name B-date
please scan my social media and tell me what's happening,,B-player_setting B-event_name B-relation B-media_type I-media_type I-time B-person B-person B-person B-person
i want to know more about this event,,B-cooking_type B-date B-list_name B-person B-person B-news_topic B-date I-date
new tweet to consumer service,B-media_type B-business_name I-business_name,B-place_name B-media_type B-list_name B-business_name I-business_name
clear my calendar all events,,B-person B-order_type B-event_name B-device_type B-event_name
do i have any appointments,B-event_name,I-list_name B-cooking_type B-personal_info B-event_name B-event_name
make new schedule for tomorrow meeting,B-date B-event_name,B-food_type B-place_name B-artist_name I-event_name B-date B-event_name
i want the status on my screen brightness,,B-cooking_type B-date B-audiobook_name B-device_type B-radio_name B-media_type B-device_type I-device_type
is there snow in the forecast,B-weather_descriptor,B-person B-business_type B-weather_descriptor I-weather_descriptor B-place_name B-time
i would like to hear some rap music,B-music_genre,B-cooking_type B-personal_info B-color_type B-list_name B-song_name B-music_genre B-music_genre I-music_genre
send email to jessica,B-person,B-event_name B-personal_info B-relation B-person
schedule a meeting with the accounting department on two thirty pm on friday,B-event_name B-business_name I-business_name B-time I-time I-time B-date,B-person B-event_name B-event_name I-event_name B-relation I-relation I-relation B-event_name B-date I-date I-time I-time B-date
just let me know the important meetings with my boss over the week,B-event_name B-event_name I-event_name I-event_name I-event_name B-time I-time I-time,B-person B-place_name B-joke_type B-person B-date B-time B-event_name I-event_name B-relation B-relation I-relation B-relation B-time
say the list,,B-person B-audiobook_name B-list_name
can many <unk> did sally sell by the <unk>,,B-business_type B-podcast_name B-currency_name B-person B-person I-person B-time I-time I-time
lets have a chat,,B-player_setting B-food_type B-list_name B-event_name
turn off bedroom light at nine thirty pm,B-house_place B-time I-time I-time,B-player_setting B-device_type B-house_place I-device_type B-change_amount B-time I-time I-time
give me some health <unk>,,B-personal_info B-personal_info B-music_genre B-business_type I-news_topic
find me info on cars,B-news_topic,I-business_type B-personal_info B-news_topic B-radio_name B-news_topic
i would like my robot to feed and pet my dog when i'm not home,,B-cooking_type B-personal_info B-color_type B-list_name B-device_type B-change_amount I-change_amount I-radio_name I-radio_name B-list_name B-list_name B-event_name B-list_name I-event_name I-game_name
launch super mario,B-game_name I-game_name,B-podcast_descriptor B-game_name I-game_name
review all alarms,,B-media_type B-device_type B-person
how do i make a turkey,B-food_type,B-date I-list_name B-cooking_type B-food_type B-food_type B-food_type
please alert me,,B-player_setting B-device_type B-event_name
i am unavailable from four to six in the evening tomorrow mark my calendar,B-time B-time B-timeofday B-date,B-cooking_type I-time B-event_name I-song_name B-time I-time B-time I-time I-time B-timeofday B-date B-date B-time B-event_name
what are the coordinates of the <unk>,B-place_name I-place_name,B-business_type B-definition_word B-definition_word B-weather_descriptor I-personal_info B-definition_word B-event_name
light colour for study room,B-house_place I-house_place,I-device_type B-color_type B-color_type B-house_place I-house_place
could you please confirm if leonardo is married,B-person,B-meal_type B-player_setting B-event_name B-device_type B-media_type B-business_name B-event_name B-business_name
i would like it to be able to <unk> answer from search results like <unk> <unk> does,,B-cooking_type B-personal_info B-color_type B-weather_descriptor B-change_amount B-weather_descriptor B-weather_descriptor B-weather_descriptor B-time B-time I-event_name B-business_name I-business_name I-event_name I-event_name I-event_name I-event_name
turn off the porch light,B-house_place,B-player_setting B-device_type B-device_type B-house_place I-device_type
what is the time in chicago,B-place_name,B-business_type B-person B-definition_word B-transport_type B-place_name B-place_name
please tell me the <unk> of the game,,B-player_setting B-person B-personal_info B-definition_word B-personal_info I-personal_info B-definition_word I-definition_word
can you send an email to,,B-business_type B-player_setting B-event_name B-event_name B-personal_info B-relation
is <unk> birthday on april twelfth,B-person I-person B-date,B-person B-person I-person B-event_name B-date B-date
set a reminder for two days prior of the event,B-date I-date,I-time B-event_name B-event_name I-event_name B-time I-date I-date I-date I-date I-event_name
tell me something to remind this week,B-date I-date,B-event_name B-personal_info B-definition_word B-list_name B-person B-date I-date
post to facebook i'm hungry,B-media_type,B-food_type B-list_name B-media_type B-business_name I-business_name
i love this music can you please save this to my dance playlist and remember that i like it,,B-cooking_type I-song_name B-date B-device_type B-device_type B-song_name B-event_name B-event_name B-definition_word B-list_name B-place_name B-relation I-relation I-playlist_name I-event_name B-playlist_name B-playlist_name B-date I-event_name
is there a <unk> in town for cats only,,B-person B-business_type B-event_name B-business_type I-business_type B-place_name I-place_name I-place_name I-place_name
shut the lights off,,B-media_type B-audiobook_name B-device_type I-device_type
hey what will the weather be like to today in los angeles california,B-date B-place_name I-place_name I-place_name,B-time B-definition_word B-business_type B-weather_descriptor B-weather_descriptor B-weather_descriptor B-weather_descriptor B-weather_descriptor B-date B-time B-place_name I-place_name I-place_name
speak softer please,,B-event_name B-event_name B-event_name
i have my clothes list,B-list_name,B-cooking_type B-food_type B-list_name B-list_name I-list_name
remind me to send email to boss after one hour,B-relation,B-event_name B-event_name B-event_name B-event_name B-event_name I-event_name B-relation B-date B-time I-time
<unk> reply to jack so please send a mail,B-person,B-event_name B-person B-list_name B-person I-person I-person B-event_name B-event_name B-relation
clear haircut today,B-event_name B-date,B-person B-event_name B-date
am i free at four pm,B-time I-time,I-time B-date B-event_name B-time B-time I-time
anything new on <unk>,B-media_type,B-place_name B-place_name I-place_name B-date
what is the definition of <unk>,B-definition_word,B-business_type B-person B-definition_word B-definition_word B-definition_word B-definition_word
remind me two days before my wife birthday,B-relation B-event_name,B-event_name B-event_name B-date I-date I-date I-time B-relation B-event_name
send an email to <unk> dot com,B-email_address I-email_address I-email_address,B-event_name B-date B-personal_info B-relation B-person I-email_address I-email_address
light up the lights in the kitchen,B-house_place,I-device_type I-device_type B-audiobook_name B-device_type B-time B-house_place B-house_place
what items are on my shopping list,B-list_name,B-business_type B-person I-place_name I-event_name B-list_name B-list_name B-list_name
wake me up,,B-alarm_type B-personal_info I-alarm_type
please show me marathon nearby me,B-event_name,B-player_setting B-event_name B-personal_info B-person B-event_name I-event_name
search the locality,,I-podcast_name B-audiobook_name B-podcast_name
did i get new emails from sarah,B-person,B-person B-date B-event_name B-place_name B-date B-person B-person
what day of the week does christmas fall on this year,B-event_name B-date I-date,B-business_type B-date I-date I-date I-date B-event_name B-event_name I-event_name I-event_name B-date I-date
what events are going in my town this week,B-place_name B-date I-date,B-business_type B-date B-weather_descriptor B-weather_descriptor B-time B-place_name B-place_name B-date I-date
health,,B-date
can you book an uber for me,B-transport_agency,B-business_type B-player_setting B-media_type I-time B-transport_agency B-transport_agency B-timeofday
what is the population of russia,B-place_name,B-business_type B-person B-definition_word B-personal_info I-news_topic B-place_name
help complaint to consumer service,B-business_name I-business_name,B-device_type B-media_type B-media_type B-business_name I-business_name
<unk> <unk> panda three,B-movie_name I-movie_name I-movie_name I-movie_name,B-event_name B-event_name I-event_name B-time
where was president madison born,B-person,B-business_type B-person B-place_name I-place_name I-place_name
what causes <unk>,,B-business_type B-definition_word I-definition_word
please tell me how to i bake twelve <unk> cookies,B-food_type I-food_type,B-player_setting B-person B-personal_info I-business_type I-business_type B-cooking_type B-cooking_type B-time I-time I-time
is it raining tonight,B-weather_descriptor B-timeofday,B-person B-weather_descriptor B-weather_descriptor B-timeofday
give me the weather forecast for this week,B-date I-date,B-personal_info B-personal_info B-audiobook_name B-transport_type B-time B-time B-date I-date
remind me of how many lists i have,,B-event_name B-event_name B-event_name B-person B-news_topic B-news_topic B-place_name B-personal_info
add business contacts to contact list,B-list_name I-list_name,B-event_name B-event_name I-person I-event_name B-email_address I-list_name
please open chess game i would like to play with you,B-game_name,B-player_setting B-player_setting B-game_name B-game_name I-game_name I-game_name I-game_name I-game_name B-game_name B-game_name I-song_name
anything good happening this weekend in the area,B-date I-date,B-place_name B-music_genre B-radio_name B-date B-date I-date B-place_name B-place_name
in how many hours will it be midnight in london england,B-time B-place_name I-place_name,B-time B-place_name B-news_topic B-news_topic I-event_name B-weather_descriptor B-weather_descriptor B-time B-time B-place_name B-place_name
bring me the title of current music,,B-transport_type B-order_type B-device_type B-event_name I-event_name B-time B-currency_name
what is robin williams birthday,B-person I-person,B-business_type B-person B-person I-person I-person
listen to radio,,B-podcast_descriptor I-player_setting B-radio_name
remind me to take out the garbage at six pm,B-time I-time,B-event_name B-event_name B-event_name B-event_name B-event_name I-event_name I-event_name I-event_name B-time I-time
let's tweet a complaint,B-media_type,B-player_setting B-media_type B-business_name B-business_name
what new emails do i have,,B-business_type B-place_name B-personal_info B-person B-person B-personal_info
play something from <unk> <unk> and <unk> album,B-artist_name I-artist_name,B-song_name B-song_name I-song_name B-artist_name I-artist_name I-playlist_name I-playlist_name B-media_type
get me the popular news from bbc,B-media_type,B-event_name B-order_type B-place_name B-news_topic I-media_type B-media_type B-media_type
i need to get a ticket via train to orlando from hollywood,B-transport_type B-place_name I-place_name I-place_name,B-cooking_type B-weather_descriptor B-list_name B-list_name B-list_name B-list_name B-place_name B-transport_type B-transport_type B-place_name B-place_name B-place_name
go on sweet talk me,,B-player_setting I-player_setting B-media_type I-business_name I-business_name
what time is it in new york city,B-place_name I-place_name I-place_name,B-business_type B-person B-event_name B-event_name B-place_name B-place_name I-place_name I-place_name
tell me my schedule for later this afternoon,B-timeofday I-timeofday,B-event_name B-personal_info B-relation B-artist_name I-relation B-date B-date I-timeofday
current time in japan,B-place_name,I-news_topic I-time B-time B-place_name
start playlist,,B-player_setting B-playlist_name
has it been a busy day,,B-person B-weather_descriptor B-weather_descriptor B-weather_descriptor B-weather_descriptor B-date
book my train ticket from las vegas to los angeles,B-transport_type B-place_name I-place_name B-place_name I-place_name,B-media_type B-list_name B-transport_type B-transport_type B-place_name B-place_name I-place_name I-place_name B-place_name I-place_name
ask for the weather today evening,B-date B-timeofday,B-media_type B-place_name B-time B-food_type B-date B-timeofday
what's the funniest joke you know,B-joke_type,B-person B-audiobook_name B-event_name B-joke_type B-joke_type B-joke_type
turn on favorite songs,,B-player_setting I-player_setting B-device_type B-media_type
do i have any new email,,I-list_name B-cooking_type B-personal_info B-event_name B-place_name B-personal_info
what is a <unk>,B-definition_word,B-business_type B-person B-definition_word B-definition_word
is it going to rain on monday,B-weather_descriptor B-date,B-person B-weather_descriptor B-weather_descriptor B-weather_descriptor B-weather_descriptor I-weather_descriptor B-date
do you have any <unk> action movies,B-movie_type,I-list_name I-list_name B-food_type B-event_name B-event_name I-event_name I-event_name
current time new york,B-time_zone B-place_name I-place_name,I-news_topic I-time B-place_name I-place_name
speak loudly,,B-event_name B-event_name
set notification from world news,B-media_type I-media_type,I-time B-time B-person B-place_name I-media_type
play me an upbeat song through your speakers,B-music_descriptor,B-song_name B-artist_name B-music_genre B-music_descriptor I-song_name B-music_descriptor I-song_name B-artist_name
what time is it in pacific standard time,B-time_zone,B-business_type B-person B-event_name B-event_name B-place_name B-time_zone I-place_name I-place_name
start the vacuum cleaner,B-device_type I-device_type,B-player_setting B-audiobook_name B-device_type I-device_type
searching information online,,B-date B-media_type B-relation
i need to change my house lights colour to blue,B-house_place B-color_type,B-cooking_type B-weather_descriptor B-list_name B-place_name B-place_name B-house_place I-device_type B-color_type B-color_type B-color_type
play me a song by <unk> <unk>,B-artist_name I-artist_name,B-song_name B-artist_name B-music_genre I-song_name B-artist_name B-artist_name I-artist_name
prepare coffee now,,B-food_type B-date I-date
find me a train ticket to boston,B-transport_type B-place_name,I-business_type B-personal_info B-place_name B-transport_type B-transport_type B-place_name B-place_name
please find all name start with alphabetic of a and create a list,,B-player_setting B-definition_word B-business_type B-food_type B-player_setting B-device_type B-food_type I-food_type B-game_name I-food_type I-food_type I-food_type B-list_name
currency <unk> please,,B-date I-date B-event_name
did the price of walmart stock go up or down,B-business_name,B-person B-date B-business_name B-business_name B-business_name I-business_name B-business_name I-business_name I-business_name I-business_name
save my opinion on <unk> song,B-artist_name I-artist_name,B-device_type B-list_name B-list_name I-event_name B-date I-song_name
please add practice on <unk> four at <unk> park at two pm,B-date I-date B-place_name I-place_name I-place_name B-time,B-player_setting B-event_name B-event_name I-event_name B-date I-date B-time B-place_name I-place_name I-place_name B-time I-time
send an email to my brother and say wedding anniversary,B-relation B-event_name I-event_name,B-event_name B-date B-personal_info B-relation B-relation B-relation I-relation B-person I-relation B-event_name
is this program is scheduled,,B-person B-date I-date B-person B-person
confirm a travel ticket to german,B-place_name,B-time B-time B-event_name B-coffee_type B-list_name B-place_name
road traffic,,B-place_name B-business_type
turn the lights off,,B-player_setting B-audiobook_name B-device_type I-device_type
what reminders did i set,,B-business_type B-event_name B-person B-person B-artist_name
how is the weather like today,B-date,B-date B-person B-date B-weather_descriptor B-place_name B-date
add tomorrows dinner date to the calendar,B-date B-meal_type,B-event_name B-date B-meal_type B-meal_type I-event_name I-event_name I-event_name
delete item,,B-event_name B-event_name
is my schedule for july seventh completely open,B-date I-date,B-person B-relation B-relation I-event_name B-date I-date I-date I-date
add <unk> to the list of things i need to buy,B-list_name I-list_name I-list_name I-list_name I-list_name,B-event_name B-event_name I-event_name B-list_name B-list_name I-list_name I-list_name I-list_name I-list_name I-list_name I-list_name
<unk> i have to get up at six in morning,B-time B-timeofday,B-event_name B-cooking_type B-food_type B-list_name B-event_name I-list_name B-time B-time B-time B-timeofday
what do i have to do this week,B-date I-date,B-business_type I-list_name B-cooking_type B-food_type B-list_name I-list_name B-date I-date
get me up in half an hour,B-time I-time I-time,B-event_name B-order_type B-person B-time B-business_name I-time I-time
that last email needs to be answer <unk>,,B-timeofday B-date B-personal_info B-person B-relation B-person B-person I-person
reserve the closest uber,B-transport_agency,B-person B-date B-weather_descriptor B-transport_agency
start playing my most recent podcast,,B-player_setting I-player_setting B-playlist_name B-playlist_name I-playlist_name I-podcast_descriptor
please tell me news related to the stock market,B-news_topic I-news_topic,B-player_setting B-person B-personal_info I-media_type B-news_topic B-list_name B-place_name B-business_name I-news_topic
i want to hear the last news from cnn,B-media_type,B-cooking_type B-date B-list_name B-song_name B-radio_name B-song_name I-song_name I-song_name B-media_type
what's the date of the winter <unk> two years from now,B-event_name I-event_name B-time I-time,B-person B-audiobook_name B-event_name I-event_name B-date B-event_name I-event_name B-date I-date I-date I-date
olly clear the list,,B-transport_type B-person B-place_name B-list_name
resume the song from the audiobook by the beatles,B-player_setting B-media_type B-artist_name,B-player_setting B-audiobook_name B-audiobook_name I-player_setting I-audiobook_name B-media_type B-artist_name B-audiobook_name B-artist_name
could you reschedule my meeting,B-event_name,B-meal_type B-player_setting B-date B-event_name B-event_name
what is the first metro to dc,B-transport_type B-place_name,B-business_type B-person B-definition_word B-date I-date I-date B-place_name
show me the best recipe for spaghetti,B-food_type,B-food_type B-personal_info B-date B-radio_name B-food_type B-food_type B-food_type
display list of recent emails,,B-place_name I-list_name B-list_name B-list_name I-list_name
get me a uber,B-transport_agency,B-event_name B-order_type B-list_name B-transport_agency
give me the description of a smartphone <unk>,B-definition_word I-definition_word,B-personal_info B-personal_info B-audiobook_name B-definition_word B-definition_word B-definition_word B-definition_word I-definition_word
<unk> special podcast play it,B-podcast_name I-podcast_name,B-event_name B-event_name I-podcast_descriptor I-podcast_descriptor B-podcast_name
add podcast favourites to playlist and start,B-player_setting,B-event_name I-podcast_descriptor I-podcast_name I-podcast_name I-playlist_name I-playlist_name B-player_setting
set an alarm for six thirty am,B-time I-time I-time,I-time B-event_name B-event_name B-time B-time I-time I-time
when is my brunch with jennifer,B-event_name B-person,B-event_name B-event_name B-relation B-event_name I-event_name B-person
replay the <unk>,B-player_setting,B-player_setting B-audiobook_name I-audiobook_name
add conference call at four pm to my reminders for today,B-event_name I-event_name B-time I-time B-date,B-event_name B-event_name I-event_name I-event_name B-time I-time I-time B-list_name B-event_name I-event_name B-date
will it be a <unk> night,B-weather_descriptor B-timeofday,B-date B-weather_descriptor B-weather_descriptor B-weather_descriptor B-weather_descriptor B-time
has amy sent me any new emails,B-person,B-person B-person I-person I-person B-person B-place_name B-date
olly set alarm for reminder,,B-transport_type B-device_type B-weather_descriptor B-time B-time
slow down the speaker volume,,B-music_genre I-playlist_name B-audiobook_name B-device_type B-change_amount
set a reminder for the thirteenth that i have a lunch with dale,B-date B-meal_type,I-time B-event_name B-event_name I-event_name B-time B-date I-time I-time B-event_name B-event_name B-event_name I-event_name B-person
my day is going well add a memo,,B-relation B-date B-date B-weather_descriptor B-weather_descriptor B-event_name B-event_name B-event_name
whats the currency exchange rate for china,,B-person B-audiobook_name B-date B-currency_name B-currency_name B-currency_name B-currency_name
start playlist and play music,,B-player_setting B-playlist_name I-playlist_name I-player_setting I-playlist_name
i want to know more about the fair this weekend,B-date I-date,B-cooking_type B-date B-list_name B-person B-person B-news_topic B-news_topic B-event_name B-date I-date
tell me if i have any new messages in my inbox,B-email_folder,B-event_name B-personal_info B-business_name B-business_name B-food_type B-food_type B-place_name B-list_name B-time B-list_name B-email_folder
play atmosphere next,B-song_name,B-song_name B-song_name B-podcast_descriptor
please <unk> this post on twitter,B-media_type,B-player_setting B-event_name B-date B-timeofday I-date B-media_type
what is the minimum temperature of london,B-weather_descriptor B-place_name,B-business_type B-person B-definition_word B-personal_info B-weather_descriptor I-business_type B-place_name
olly does shibaru sushi deliver,B-business_name I-business_name,B-transport_type B-business_name B-business_name I-business_name B-order_type
play the young turks podcast,B-podcast_name I-podcast_name,B-song_name B-audiobook_name B-podcast_name I-podcast_name I-podcast_name
i want to know everything that <unk> about the <unk> breaking in california,B-place_name,B-cooking_type B-date B-list_name B-person I-person B-food_type B-food_type B-person B-audiobook_name I-person I-person I-food_type B-place_name
play me a random audio book that has to do with love,B-media_type I-media_type,B-song_name B-artist_name B-music_genre B-music_genre B-media_type I-media_type I-media_type B-event_name B-event_name B-person I-event_name I-event_name
show me news about the environment,B-news_topic,B-food_type B-personal_info B-news_topic B-news_topic B-news_topic B-news_topic
and the <unk> has fallen,,I-food_type I-movie_name B-device_type B-person B-person
when will the world end,,B-event_name I-event_name I-event_name B-place_name I-event_name
how is i. b. m. doing,B-business_name I-business_name I-business_name,B-date B-person B-business_name I-business_name I-business_name I-business_name
describe what a <unk> is,B-definition_word,B-definition_word B-definition_word B-definition_word B-definition_word B-definition_word
who won the presidential election this year,B-news_topic I-news_topic I-news_topic B-date I-date,B-person B-person B-audiobook_name I-news_topic I-news_topic B-date I-date
turn on vacuum cleaner,B-device_type I-device_type,B-player_setting I-player_setting B-device_type I-device_type
add this to the list,,B-event_name B-date B-timeofday B-list_name B-list_name
how is traffic in city,,B-date B-person B-place_name B-place_name B-place_name
please play me songs from the eighties,B-music_genre,B-player_setting B-artist_name B-artist_name B-music_genre B-music_descriptor B-music_genre B-music_genre
set an alarm at six am,B-time I-time,I-time B-event_name B-event_name B-time B-time I-time
email my appointments to reschedule,B-event_name,B-personal_info B-relation B-event_name I-event_name B-person
olly put dark colours instead of light ones in the house,B-color_type B-house_place,B-transport_type B-player_setting B-date B-person I-person I-person B-person I-person I-food_type B-place_name B-house_place
set the living room lights to fifty percent,B-house_place I-house_place B-change_amount I-change_amount I-change_amount,I-time B-device_type B-house_place I-house_place I-device_type B-change_amount I-change_amount I-change_amount
remind me about my anniversary in one day advance,B-event_name B-date I-date I-date I-date,B-event_name B-event_name B-event_name B-event_name B-event_name I-event_name B-time I-time I-time
i <unk> pay attention,,B-cooking_type B-weather_descriptor B-event_name I-business_name
delete my meeting for two o'clock pm today,B-event_name B-time I-time I-time,B-event_name B-event_name B-event_name I-event_name B-time I-time I-time B-date
tell me what shops are nearby,B-business_type,B-event_name B-personal_info B-definition_word B-business_type I-business_name B-business_type
what day of the week is the twenty third of this month,B-date I-date I-date I-date I-date I-date,B-business_type B-date I-date I-date I-date B-event_name B-date I-date I-date I-date I-date I-date
clear out the problem,,B-person I-order_type B-currency_name B-media_type
what day of the week does the fifteenth of march fall on,B-date I-date I-date,B-business_type B-date I-date I-date I-date B-event_name B-date I-date I-date I-date I-date B-date
play some christian music,B-music_descriptor,B-song_name B-music_genre B-music_genre I-music_genre
what kind of weather should i expect this week,B-date I-date,B-business_type B-definition_word I-date B-place_name I-date B-cooking_type B-weather_descriptor B-date I-date
is it twentieth march today,B-date I-date B-date,B-person B-weather_descriptor B-date I-date B-date
set a reminder about tomorrow's meeting at nine am,B-date I-date B-event_name B-time,I-time B-event_name B-event_name B-event_name B-date I-date B-event_name B-time B-time
give me <unk> telephone number,B-person I-person B-personal_info,B-personal_info B-personal_info B-person B-personal_info I-personal_info
tune to classic hits,B-radio_name I-radio_name,B-radio_name B-change_amount B-music_genre I-music_genre
olly turn the lights off in the bedroom,B-house_place,B-transport_type B-player_setting B-audiobook_name B-device_type I-device_type B-time B-house_place B-house_place
open stock price for name,,B-player_setting B-business_name B-business_name B-business_name B-business_name
temperature outside,B-weather_descriptor,B-weather_descriptor B-weather_descriptor
tell me about the new foreign policy of trump,B-news_topic I-news_topic I-news_topic I-news_topic,B-event_name B-personal_info B-definition_word B-definition_word B-place_name I-definition_word I-news_topic I-news_topic B-person
define <unk>,B-definition_word,B-definition_word B-definition_word
internet please,,B-event_name B-event_name
tag this song with five stars,,B-game_name B-date I-date I-song_name B-time I-person
olly play next recording,,B-transport_type B-song_name B-podcast_descriptor I-podcast_descriptor
make my usual,B-coffee_type,B-food_type B-device_type B-coffee_type
turn my lights down to a lower level of brightness,,B-player_setting B-device_type B-device_type B-change_amount B-change_amount B-change_amount I-change_amount I-change_amount I-color_type B-player_setting
crack a joke,,B-person B-list_name B-joke_type
what is the time now in new york,B-place_name I-place_name,B-business_type B-person B-definition_word B-transport_type B-time_zone B-place_name B-place_name I-place_name
remind me that i like that song,,B-event_name B-event_name B-event_name B-event_name B-date I-timeofday I-song_name
make an alarm for the meeting with bob at seven today,B-event_name B-person B-time B-date,B-food_type B-event_name B-time B-time B-time B-event_name I-event_name B-person B-time B-time B-date
what movies are playing tonight,B-timeofday,B-business_type B-definition_word B-definition_word B-business_name B-timeofday
twitter to destination <unk> that they run out of <unk> too fast,B-media_type B-business_name I-business_name,B-media_type B-list_name B-business_name I-business_name I-business_name B-date B-date I-date I-business_name B-business_name I-business_name I-business_name
i wish it could give me <unk>,,B-cooking_type B-place_name B-weather_descriptor B-date I-date B-personal_info B-person
is the last order is ready,,B-person B-date B-date B-event_name B-event_name B-news_topic
can i know what i have to do the next saturday at six pm,B-date B-time I-time,B-business_type B-cooking_type B-business_type B-business_type B-food_type B-food_type B-list_name I-list_name I-list_name B-date B-date B-date B-time I-time
<unk> the <unk> about <unk> on <unk> in someone's budget,,B-event_name B-audiobook_name B-event_name I-device_type B-person I-news_topic B-news_topic I-news_topic B-place_name I-place_name
do you have the train times for beaumont tx,B-transport_type B-place_name I-place_name,I-list_name I-list_name B-food_type B-definition_word B-transport_type B-place_name B-place_name B-place_name I-place_name
playback tom clancy <unk> cell,B-player_setting B-audiobook_author I-audiobook_author B-audiobook_name I-audiobook_name,B-business_type B-person B-person I-person I-person
find a recipe for dinner tonight,B-meal_type B-timeofday,I-business_type B-business_type B-food_type B-food_type B-meal_type B-timeofday
what is the best way to cook pasta al <unk>,B-food_type I-food_type I-food_type,B-business_type B-person B-definition_word B-joke_type B-food_type B-list_name B-cooking_type B-food_type I-food_type I-food_type
add selected song,,B-event_name B-food_type I-player_setting
divide two hundred by four,,B-person B-time I-time I-time I-time
turn off sound,,B-player_setting B-device_type B-device_type
what year did this song come out,,B-business_type B-date B-person B-date I-date B-event_name I-event_name
show all emails sent to me from my boss,B-relation,B-food_type B-device_type B-personal_info B-person B-person B-person B-person B-list_name B-relation
do i have a sales meeting today,B-event_name I-event_name B-date,I-list_name B-cooking_type B-personal_info B-list_name B-event_name I-event_name B-date
what does oscillate mean,B-definition_word,B-business_type B-definition_word B-definition_word I-definition_word
what's happening around the world,,B-person B-person B-news_topic B-news_topic B-place_name
siri please check exchange rates,,B-person B-player_setting B-event_name I-person B-food_type
i need a recipe of <unk> <unk>,B-food_type I-food_type,B-cooking_type B-weather_descriptor B-weather_descriptor B-food_type B-food_type B-food_type I-food_type
will it be rainy day tomorrow,B-weather_descriptor B-date,B-date B-weather_descriptor B-weather_descriptor B-weather_descriptor B-weather_descriptor B-date
i want to reply to bob smith's email,B-person I-person I-person,B-cooking_type B-date B-list_name B-person B-list_name B-person I-person I-person
turn on the vacuum cleaner,B-device_type I-device_type,B-player_setting I-player_setting B-audiobook_name B-device_type I-device_type
tell me the weather this week,B-date I-date,B-event_name B-personal_info B-definition_word B-transport_type B-date I-date
send a <unk> my way,,B-event_name B-definition_word B-event_name B-relation I-weather_descriptor
how many euros can i get for one dollar,B-currency_name B-currency_name,B-date B-event_name B-currency_name B-currency_name I-currency_name B-food_type B-place_name B-time B-currency_name
will i need to shovel my driveway this morning,B-weather_descriptor B-timeofday,B-date B-weather_descriptor B-weather_descriptor B-weather_descriptor B-weather_descriptor I-weather_descriptor I-weather_descriptor B-date B-timeofday
let's <unk> out the dust,,B-player_setting B-game_name I-order_type I-event_name B-event_name
mute for fifteen minutes,B-time I-time,B-weather_descriptor B-time B-time I-time
lower the lights please,,B-player_setting B-audiobook_name B-device_type I-device_type
how many <unk> does a dog have,,B-date B-event_name B-currency_name B-person B-definition_word B-list_name I-person
how far is california from georgia,B-place_name B-place_name,B-date B-weather_descriptor B-person B-place_name B-place_name B-place_name
do i have emails from this sender,,I-list_name B-cooking_type B-personal_info B-personal_info B-person B-date I-date
what is the quickest way to my work downtown without <unk> any traffic,B-place_name,B-business_type B-person B-definition_word B-news_topic I-news_topic B-list_name B-place_name B-list_name I-list_name I-list_name I-list_name I-place_name B-business_type
tell me all the current events in my <unk>,B-place_name,B-event_name B-personal_info B-business_type B-business_type B-news_topic B-place_name B-place_name B-place_name B-place_name
i need next week's lunch put on the calendar,B-date I-date I-date B-meal_type,B-cooking_type B-weather_descriptor B-date I-date I-date B-meal_type B-meal_type B-date B-event_name
rock,B-music_genre,B-music_genre
resume harry potter from the place i have stopped listening to last time,B-player_setting B-audiobook_name I-audiobook_name,B-player_setting B-audiobook_name I-audiobook_name I-audiobook_name I-audiobook_name I-audiobook_name I-audiobook_name I-audiobook_name I-audiobook_name I-audiobook_name I-audiobook_name I-audiobook_name I-audiobook_name
please turn lights off,,B-player_setting B-player_setting I-device_type I-device_type
what's <unk> in time of india,B-media_type I-media_type,B-person B-person B-person B-place_name B-place_name B-place_name
turn off the bathroom light please,B-house_place,B-player_setting B-device_type B-device_type B-house_place I-device_type B-house_place
what would you call this kind of music that we're listening to,,B-business_type B-definition_word B-definition_word B-event_name B-date I-definition_word I-date B-food_type I-time B-game_name B-person I-event_name
what are the definitions of orange,B-definition_word,B-business_type B-definition_word B-definition_word B-food_type I-personal_info B-definition_word
what does the traffic look like on my usual route to work,,B-business_type B-definition_word B-definition_word B-definition_word B-definition_word B-definition_word I-business_type B-list_name B-list_name I-date B-list_name B-place_name
play station <unk> in the radio,B-radio_name I-radio_name,B-song_name B-radio_name I-radio_name I-radio_name I-radio_name I-radio_name
look up,,B-event_name B-business_type
play music playlist,,B-song_name B-media_type I-playlist_name
i want to hear <unk> by rush,B-song_name B-artist_name,B-cooking_type B-date B-list_name B-song_name B-song_name I-song_name B-artist_name
please make me coffee without <unk>,B-coffee_type I-coffee_type,B-player_setting B-food_type B-coffee_type B-coffee_type B-player_setting B-media_type
please select the first song in my itunes library,B-playlist_name I-playlist_name,B-player_setting B-artist_name B-audiobook_name B-date I-song_name B-time I-time I-time I-music_descriptor
show latest email,,B-food_type I-media_type B-personal_info
hey what time is it in dallas texas,B-place_name I-place_name,B-time B-definition_word B-person B-event_name B-date B-place_name B-place_name I-place_name
nice lyrics,,B-place_name B-place_name
tell me some business news,B-news_topic,B-event_name B-personal_info B-music_genre B-business_type I-media_type
keep me <unk> about <unk> price,B-news_topic I-news_topic,B-player_setting B-personal_info B-person B-person B-news_topic B-news_topic
can you tell me the recipe to cook pav bhaji,B-food_type I-food_type,B-business_type B-player_setting B-definition_word B-order_type B-definition_word B-food_type B-personal_info B-cooking_type B-food_type I-food_type
open chess app and begin game,B-game_name,B-player_setting B-game_name B-game_name I-game_name I-game_name I-game_name
at what time is the italian cafe <unk> between lunch and dinner,B-business_name I-business_name,B-time B-place_name I-time B-event_name B-event_name B-event_name I-event_name I-event_name I-event_name B-meal_type I-place_name B-meal_type
is the thanks giving event on fourteenth of this month true,B-event_name I-event_name B-date I-date I-date I-date,B-person B-date B-event_name I-event_name I-event_name B-date B-date I-date B-date I-date I-date
play me john's podcast,B-person I-person,B-song_name B-artist_name B-person I-podcast_name
post my business on twitter,B-media_type,B-food_type B-list_name B-list_name I-event_name B-media_type
resume series podcast,B-podcast_descriptor I-podcast_descriptor,B-player_setting B-audiobook_name I-audiobook_name
what i like today,B-date,B-business_type B-date B-music_genre B-date
what alarms did i set today,B-date,B-business_type B-definition_word I-business_type B-place_name I-date B-date
answer for three times four,,B-person B-time B-time I-time I-time
erase all,,B-date B-event_name
give me to do list,,B-personal_info B-personal_info B-list_name B-person I-list_name
<unk> to <unk>,,B-event_name B-list_name B-place_name
what's the latest news on cnn,,B-person B-audiobook_name B-news_topic B-news_topic B-news_topic B-media_type
i want to eat some spicy thing,B-food_type,B-cooking_type B-date B-list_name I-business_type B-food_type B-food_type I-food_type
show all emails regarding the <unk>,,B-food_type B-device_type B-personal_info B-person B-time I-time
play next podcast,B-podcast_descriptor I-podcast_descriptor,B-song_name B-podcast_descriptor I-podcast_descriptor
get me match highlights,B-news_topic I-news_topic,B-event_name B-order_type B-event_name B-place_name
i need a cup of coffee,,B-cooking_type B-weather_descriptor B-weather_descriptor B-weather_descriptor B-coffee_type B-coffee_type
please resume my audiobook,B-player_setting B-media_type,B-player_setting B-player_setting B-player_setting B-media_type
do not wake me up tomorrow,B-date,I-list_name B-media_type B-alarm_type I-weather_descriptor I-alarm_type B-date
please open and play chess with me,B-game_name,B-player_setting B-player_setting I-player_setting B-game_name B-game_name B-game_name I-game_name
play fm,,B-song_name B-radio_name
call yellow cab,B-transport_type,B-event_name B-relation B-transport_type
will you mark that i am busy for an event tomorrow at two pm,B-date B-time I-time,B-date B-food_type B-event_name B-event_name B-event_name B-date B-event_name I-event_name B-event_name B-event_name B-date B-date B-time I-time
what's happening around town,B-place_name,B-person B-person B-news_topic B-event_name
how much <unk> <unk> to invest in my company in meeting which held today at five hundred and twenty pm,B-person B-event_name B-date B-time I-time I-time I-time I-time,B-date B-currency_name B-currency_name B-food_type B-order_type B-person I-food_type B-list_name B-relation I-relation B-event_name I-event_name I-business_name B-date B-date B-time I-time I-time I-time I-time
can you put on the <unk>,B-player_setting I-player_setting B-audiobook_name I-audiobook_name,B-business_type B-player_setting B-player_setting B-radio_name B-audiobook_name B-device_type
wake me up in thirty minutes,B-time I-time,B-alarm_type B-personal_info I-alarm_type B-time B-time I-time
check outlook,,B-media_type I-event_name
i want to hear the bob <unk> show,,B-cooking_type B-date B-list_name B-song_name B-radio_name B-radio_name I-artist_name I-radio_name
a quarter to two,B-time I-time I-time I-time,B-event_name B-event_name B-list_name B-time
please check for new emails,,B-player_setting B-event_name I-event_name B-place_name B-date
if you had to kill someone to save three people would you do it and if so why,,B-media_type B-food_type B-food_type B-list_name B-place_name I-place_name B-list_name B-place_name B-time B-event_name I-event_name I-event_name I-list_name I-list_name I-list_name I-list_name B-event_name I-event_name
please search the internet and display the suitable youtube videos for cooking italian foods,B-media_type B-media_type B-food_type,B-player_setting B-event_name B-audiobook_name B-device_type I-radio_name I-radio_name I-radio_name I-radio_name I-podcast_descriptor I-podcast_descriptor I-podcast_descriptor B-podcast_name I-podcast_descriptor I-podcast_descriptor
please check all new email of income <unk> department,B-business_name I-business_name I-business_name,B-player_setting B-event_name B-event_name B-media_type B-personal_info I-personal_info B-person I-person I-person
do not play rock metal,B-music_genre I-music_genre,I-list_name B-media_type B-radio_name B-radio_name I-game_name
clean the floor,B-house_place,B-movie_name B-house_place B-house_place
what is <unk> <unk> birthday,B-person I-person I-person,B-business_type B-person B-person I-person I-person
read that back,,B-player_setting B-timeofday B-radio_name
play track one from my david bowie playlist,B-artist_name I-artist_name,B-song_name B-song_name B-song_name I-song_name B-playlist_name B-artist_name I-artist_name I-playlist_name
august fifteenth is what day of the week,B-date I-date,B-date I-date B-person B-person B-date I-date I-date I-date
read me my list for shopping,B-list_name,B-player_setting B-media_type B-list_name B-list_name B-list_name B-list_name
turn off the <unk> light,B-house_place,B-player_setting B-device_type B-device_type B-device_type I-device_type
add to calendar and repeat,,B-event_name B-list_name B-event_name I-radio_name B-player_setting
where on earth has the most <unk>,,B-business_type B-date B-radio_name I-date I-date B-news_topic I-place_name
can you make the room brighter,B-house_place,B-business_type B-player_setting B-food_type B-audiobook_name B-house_place I-house_place
do you know how to cook risotto,B-food_type,I-list_name I-list_name B-person B-person B-list_name B-cooking_type B-food_type
play last <unk> podcast,B-podcast_name I-podcast_name,B-song_name B-song_name I-song_name I-podcast_name
put on some led zeppelin,B-artist_name I-artist_name,B-player_setting I-player_setting B-music_genre B-movie_name I-movie_name
cancel dinner tonight,B-meal_type B-timeofday,B-date B-meal_type B-timeofday
divide seventy six in two parts,,B-person I-date B-time B-time I-time I-time
add event to calendar app,,B-event_name B-event_name B-event_name B-event_name I-app_name
does pink have a new baby,B-person,B-event_name B-person I-person B-list_name B-list_name B-event_name
how <unk> is the city regarding law and order,,B-date B-person B-person B-place_name B-place_name I-place_name I-place_name I-place_name B-food_type
start reply,,B-player_setting B-person
please give me todays forecast for new york city,B-date B-place_name I-place_name I-place_name,B-player_setting B-definition_word B-personal_info B-date I-date B-place_name B-place_name I-place_name I-place_name
set alarm at six thirty am,B-time I-time I-time,I-time B-weather_descriptor B-time B-time I-time I-time
let me know about the exchange rate of rupee to dirham,B-currency_name B-currency_name,B-relation B-artist_name B-person B-person B-news_topic B-currency_name I-currency_name B-currency_name B-currency_name B-currency_name B-currency_name
what is the exchange rate for <unk> money,B-currency_name,B-business_type B-person B-definition_word B-currency_name B-currency_name B-currency_name B-currency_name I-currency_name
tweet mcdonald's down reseda has terrible service,B-media_type,B-media_type B-business_name I-business_name I-business_name I-business_name I-business_name I-business_name
alexa please turn down the lights in the house,B-house_place,B-business_name B-event_name B-player_setting B-device_type B-device_type B-device_type B-time B-house_place B-house_place
from dollar to euro,B-currency_name B-currency_name,B-list_name B-currency_name B-list_name B-currency_name
set alarm for eight am,B-time I-time,I-time B-weather_descriptor B-time B-time I-time
how long will my lunch meeting be on tuesday,B-event_name I-event_name B-date,B-date B-place_name B-place_name B-relation B-meal_type I-event_name I-event_name I-event_name B-date
could you please play this programme for me,,B-meal_type B-player_setting B-event_name B-artist_name B-date B-podcast_name I-audiobook_name I-song_name
what would you recommend for me to read,,B-business_type B-definition_word B-definition_word B-definition_word B-food_type B-food_type B-list_name B-place_name
<unk> products in recent market,,B-event_name B-person B-time B-place_name I-place_name
make the lights off,,B-food_type B-audiobook_name B-device_type I-device_type
set repeating reminder for every sunday,B-general_frequency I-general_frequency,I-time B-general_frequency I-event_name I-event_name B-general_frequency I-general_frequency
notify me when g. b. p. to u. s. d. rate as i <unk>,B-currency_name I-currency_name I-currency_name B-currency_name I-currency_name I-currency_name,B-time B-time B-event_name B-event_name I-event_name I-event_name I-event_name B-currency_name I-currency_name I-currency_name I-currency_name B-currency_name I-currency_name I-currency_name
tell me the current time,,B-event_name B-personal_info B-definition_word B-news_topic B-transport_type
have i received any emails since noon,B-timeofday,B-food_type B-cooking_type B-personal_info B-person B-personal_info B-person B-timeofday
remind upcoming meeting with eminem,B-event_name B-person,B-event_name B-event_name B-event_name I-event_name B-person
who was the current prime minister of <unk>,B-place_name,B-person B-person B-date B-news_topic B-news_topic I-news_topic I-news_topic B-place_name
can you make me a cup of coffee,,B-business_type B-player_setting B-food_type B-device_type B-list_name B-event_name B-coffee_type B-coffee_type
alarm ten am,B-time I-time,I-alarm_type B-time I-time
i would be happy if you update me the events going on our area,,B-cooking_type B-personal_info B-weather_descriptor B-business_type B-cooking_type B-food_type B-food_type B-food_type B-definition_word B-date B-weather_descriptor I-event_name B-date I-place_name
where is a good wine bar near me,B-business_type I-business_type,B-business_type B-person B-place_name B-joke_type B-business_type I-business_type I-business_type B-place_name
please reserve the next taxi a nine am,B-transport_type B-time I-time,B-player_setting B-person B-definition_word B-podcast_descriptor B-transport_type B-transport_type B-time I-time
time now,,I-movie_name B-time_zone
what's the name of the piece you are playing,,B-person B-audiobook_name B-news_topic I-audiobook_name I-audiobook_name I-audiobook_name I-definition_word I-list_name B-list_name
tell me billy <unk> address,B-person I-person,B-event_name B-personal_info B-person I-person B-personal_info
what is the difference between bake and <unk>,,B-business_type B-person B-definition_word B-joke_type B-time_zone B-place_name I-date B-place_name
i feel like jazz right now how about you,B-music_genre,B-cooking_type B-date B-music_genre B-music_genre B-music_genre I-news_topic B-person B-person B-definition_word
did i remember to set a reminder alarm for my next doctor's appointment,B-event_name I-event_name,B-person B-date I-person B-list_name B-event_name B-event_name B-event_name B-event_name B-time B-time B-event_name B-event_name I-event_name
find today's <unk> articles about trump,B-date I-date B-media_type,I-business_type B-date I-date I-date B-news_topic B-person
lower lights in kitchen,B-house_place,B-player_setting I-device_type B-time B-house_place
i want to listen to a sports podcast,B-podcast_name I-podcast_name,B-cooking_type B-date B-list_name B-radio_name B-radio_name B-music_genre B-radio_name I-podcast_descriptor
remove events from calendar,,B-list_name B-date I-event_name B-event_name
remind me that i have a birthday party on the thirtieth,B-event_name I-event_name B-date,B-event_name B-event_name B-event_name B-event_name B-event_name B-event_name B-event_name I-event_name I-event_name I-event_name B-date
remove from my calendar meeting at nine am,B-event_name B-time I-time,B-list_name B-list_name B-list_name B-list_name B-event_name B-event_name B-time I-time
any lighting news emails,,B-event_name B-event_name I-media_type B-date
olly what time is it in this city,B-place_name I-place_name,B-transport_type B-person B-person B-event_name B-event_name B-place_name B-place_name I-place_name
tell me the info about india's geography,B-place_name I-place_name,B-event_name B-personal_info B-definition_word B-personal_info B-person B-news_topic I-news_topic
thirteenth june is a day of election result please set it,B-date I-date B-event_name I-event_name,B-person B-date B-date B-definition_word B-date I-date B-event_name I-event_name I-date I-date B-weather_descriptor
find some smooth jazz for me,B-music_genre I-music_genre,I-business_type B-music_genre B-music_genre B-music_genre B-music_genre B-food_type
set a notification for sports game,B-event_name I-event_name,I-time B-event_name B-time B-time B-event_name B-event_name
hi google play me playlist <unk> in my gaana application,B-playlist_name,B-weather_descriptor B-business_name B-song_name B-artist_name B-music_genre B-music_descriptor I-music_descriptor B-playlist_name I-music_descriptor I-music_descriptor
activate the vacuum cleaner and use it,B-device_type I-device_type,B-player_setting B-device_type B-device_type I-device_type I-device_type I-device_type I-device_type
play videos,,B-song_name B-song_name
bring up papa <unk> <unk>,B-game_name I-game_name I-game_name,B-transport_type I-player_setting B-business_name I-event_name I-event_name
what is the capital of <unk>,B-place_name,B-business_type B-person B-definition_word B-time_zone B-place_name B-place_name
do i have anything scheduled for today,B-date,I-list_name B-cooking_type B-personal_info B-list_name I-event_name B-time B-date
please google location and information of mount rushmore,,B-player_setting B-business_name B-business_name I-business_name B-place_name I-person B-place_name I-place_name
just set me reminders about pending bill payments,B-event_name I-event_name I-event_name,B-person I-time B-general_frequency B-event_name B-event_name B-event_name I-event_name I-event_name
who is the prime minister of russia,B-place_name,B-person B-person B-date B-news_topic B-news_topic I-news_topic B-place_name
weekly weather report,,B-event_name B-date B-place_name
i like this song,,B-cooking_type B-music_genre B-date I-date
latest news on <unk>,B-news_topic,I-media_type B-news_topic B-news_topic B-news_topic
new york,B-place_name I-place_name,B-place_name I-place_name
olly where did the first <unk> settle,,B-transport_type B-place_name B-person B-place_name B-date I-date I-place_name
please tune nine hundred and thirty eight fm radio <unk>,B-radio_name I-radio_name I-radio_name I-radio_name I-radio_name I-radio_name,B-player_setting B-device_type B-radio_name I-radio_name I-radio_name I-radio_name I-radio_name I-radio_name I-radio_name I-radio_name
meaning of,,B-event_name B-definition_word
show me my meetings this friday,B-date I-date,B-food_type B-personal_info B-list_name B-event_name B-date B-date
i need to ask you how many <unk> can dance on a <unk>,,B-cooking_type B-weather_descriptor B-list_name B-place_name B-place_name B-date B-event_name B-currency_name B-currency_name B-currency_name I-event_name B-definition_word B-currency_name
what's for today,,B-person I-song_name B-date
list out my schedule today,B-date,I-list_name I-list_name B-relation B-relation B-date
remove the list called party time,B-list_name I-list_name,B-list_name B-list_name B-list_name B-list_name B-list_name I-list_name
let me know the list,,B-relation B-artist_name B-person B-date B-list_name
how much is lebron james worth,B-person I-person,B-date B-currency_name B-currency_name B-currency_name I-currency_name I-currency_name
let me know when the meeting is gonna happen,B-event_name,B-relation B-artist_name B-person B-person B-date B-event_name B-event_name B-person I-person
tweet complain at comcast,B-media_type B-business_name,B-media_type B-business_name B-business_name B-business_name
<unk> the way to the place,,B-event_name B-audiobook_name B-list_name B-list_name B-list_name B-place_name
what is the definition of the word perpetual,B-definition_word,B-business_type B-person B-definition_word B-definition_word B-definition_word B-definition_word B-definition_word B-definition_word
what do you think,,B-business_type I-list_name B-food_type B-food_type
will it rain tomorrow,B-weather_descriptor B-date,B-date B-weather_descriptor B-weather_descriptor B-date
how long should i cook a steak to <unk> medium rare,B-food_type,B-date B-place_name B-person B-cooking_type B-cooking_type B-food_type B-food_type B-food_type B-business_name B-food_type I-food_type
remind me to something in sometime,,B-event_name B-event_name B-event_name B-event_name B-time B-place_name
contact detail of paul,B-personal_info I-personal_info B-person,B-personal_info B-person B-person B-person
where is the pharmacy in <unk>,B-business_type B-place_name,B-business_type B-person B-place_name B-business_type I-business_type B-place_name
what is the capital of nigeria,B-place_name,B-business_type B-person B-definition_word B-time_zone B-place_name B-place_name
delete the shopping trip i have scheduled march twenty third,B-event_name I-event_name B-date I-date I-date,B-event_name B-event_name B-list_name I-event_name I-event_name B-date B-time B-date I-date I-date
give me the list of <unk> shows going on in the city right now,B-event_name B-place_name,B-personal_info B-personal_info B-audiobook_name B-list_name B-list_name B-list_name I-list_name I-list_name I-list_name B-date B-date B-place_name I-place_name I-place_name
could you turn the light off,,B-meal_type B-player_setting B-player_setting B-audiobook_name B-device_type B-device_type
what time is it in london right now,B-place_name,B-business_type B-person B-event_name B-event_name B-place_name B-place_name I-place_name I-place_name
show weather,,B-food_type B-date
olly how many tornadoes have there been this month,B-news_topic B-date I-date,B-transport_type I-business_type B-date B-news_topic I-news_topic B-news_topic B-news_topic B-date I-date
olly play music from the jazz genre,B-music_genre,B-transport_type B-song_name B-media_type B-media_type B-audiobook_name B-music_genre I-music_genre
nobody knows,B-song_name I-song_name,B-song_name I-song_name
show me latest notifications,,B-food_type B-personal_info B-person B-news_topic
add new email to my contacts <unk> dot com,B-email_address I-email_address I-email_address,B-event_name B-music_descriptor B-personal_info B-list_name B-relation B-relation I-relation I-email_address I-email_address
add the post office to my list of <unk> for saturday,B-list_name B-date,B-event_name B-event_name B-event_name B-food_type B-list_name B-place_name I-list_name I-list_name I-list_name I-list_name B-date
how much is one dollar in pounds,B-currency_name B-currency_name,B-date B-currency_name B-currency_name B-currency_name B-currency_name B-currency_name B-currency_name
yesterday at noontime in times square what was the protest about,B-date B-time B-place_name I-place_name,B-date B-time B-time I-time B-place_name I-place_name I-time B-person B-date B-news_topic B-news_topic
please describe that object for me,,B-player_setting B-definition_word B-definition_word B-definition_word B-game_name B-food_type
more information on this event,,B-media_type B-media_type B-media_type B-date B-date
turn off my wifi,,B-player_setting B-device_type B-device_type B-device_type
what day is the fifth,B-date,B-business_type B-date B-date B-date B-time_zone
please read my new mails,,B-player_setting B-player_setting B-device_type B-media_type I-list_name
have any emails come in since four hundred today,B-time I-time B-date,B-food_type B-event_name B-personal_info B-person B-person B-place_name I-person I-time B-date
go to contacts and enter a new email address,,B-player_setting B-list_name B-list_name I-audiobook_name I-audiobook_name B-list_name B-place_name B-personal_info I-personal_info
where does kate <unk> buy her kids clothes,B-person I-person,B-business_type B-person B-person I-person I-date B-relation B-relation B-person
play the most popular elton john song,B-artist_name I-artist_name,B-song_name B-audiobook_name B-playlist_name I-podcast_name B-artist_name I-artist_name B-song_name
add tal meeting on twenty first at seven,B-event_name I-event_name B-date I-date B-time,B-event_name B-event_name I-event_name I-event_name B-date I-date I-date B-time
erase my appointment for march seven,B-event_name B-date I-date,B-date B-relation B-event_name I-event_name B-date I-date
alexa please send an email to mom,B-relation,B-business_name B-event_name B-event_name B-event_name B-personal_info B-relation B-relation
what is the weather,,B-business_type B-person B-definition_word B-transport_type
tweet to google costumer service my new <unk> phone stop working help please,B-media_type,B-media_type B-business_name B-business_name I-business_name I-business_name I-business_name B-business_name I-business_name I-business_name I-business_name B-person I-person B-event_name
what's the rate between pesos and yen,B-currency_name,B-person B-audiobook_name B-currency_name B-currency_name B-currency_name B-currency_name B-currency_name
add a reminder for april twenty as my <unk> birthday,B-date I-date B-relation I-relation,B-event_name B-event_name B-event_name I-event_name B-date I-date I-date B-event_name B-relation I-event_name
please set the alarm for next friday at six thirty am,B-date B-time I-time I-time,B-player_setting B-device_type B-device_type B-list_name B-time B-time I-date I-date B-time I-time I-time
i want to know what <unk> near me has the best price on <unk> free bread,B-business_type B-food_type I-food_type I-food_type,B-cooking_type B-date B-list_name B-person B-person B-food_type I-food_type B-media_type B-person I-food_type B-news_topic B-business_name B-media_type B-business_name I-news_topic I-news_topic
check if alarm is set for six am,B-time I-time,B-media_type B-media_type B-business_name B-person B-person B-date B-time I-time
when was the bolshoi theatre <unk>,B-place_name I-place_name,B-event_name B-person B-date B-person B-business_type I-business_type
play the next episode of a podcast,B-podcast_descriptor I-podcast_descriptor,B-song_name B-audiobook_name B-podcast_descriptor I-podcast_descriptor I-podcast_descriptor B-podcast_name I-podcast_descriptor
i want <unk> lights,,B-cooking_type B-date B-event_name I-device_type
take me to <unk> st and <unk>,B-place_name I-place_name I-place_name I-place_name,B-order_type B-order_type B-list_name B-business_name I-business_name I-food_type I-food_type
play songs,,B-song_name B-music_genre
what movies are out this week,B-date I-date,B-business_type B-definition_word B-definition_word I-order_type B-date I-date
turn on the playlist i have <unk> to rock music,B-music_genre,B-player_setting I-player_setting B-audiobook_name B-device_type I-playlist_name I-music_descriptor I-radio_name B-list_name B-music_genre I-music_genre
please schedule a meeting with <unk> in <unk> at noon,B-event_name B-person B-place_name B-timeofday,B-player_setting B-artist_name B-event_name B-event_name I-event_name B-person I-person B-place_name I-time B-timeofday
check email for received from mom,B-relation,B-media_type B-personal_info B-person B-person B-person B-relation
i need to know how to make <unk> peppers,B-food_type I-food_type,B-cooking_type B-weather_descriptor B-list_name B-person I-person B-weather_descriptor B-food_type B-food_type I-food_type
check celebrity where <unk>,,B-media_type I-game_name B-personal_info B-person
are there any <unk> of rain or snow this week,B-weather_descriptor I-weather_descriptor I-weather_descriptor B-date I-date,B-list_name B-event_name B-event_name B-event_name I-event_name B-weather_descriptor I-weather_descriptor I-weather_descriptor B-date I-date
do i have new emails,,I-list_name B-cooking_type B-personal_info B-place_name B-personal_info
make a new shopping list,B-list_name,B-food_type B-time B-media_type B-list_name I-list_name
alert me when <unk> <unk>,B-event_name,B-device_type B-event_name B-event_name B-event_name I-event_name
is this true about this date,,B-person B-date I-date B-relation B-date I-date
please play the latest song from the album <unk>,B-music_album,B-player_setting B-artist_name B-audiobook_name B-podcast_descriptor I-song_name I-song_name I-song_name B-media_type I-podcast_name
did angelina jolie leave brad pitt,B-person I-person B-person I-person,B-person B-person I-person I-person B-person I-person
latest movies in theatres,,I-media_type B-news_topic B-place_name B-place_name
please tweet a complaint to comcast for bad customer service,B-media_type B-business_name,B-player_setting B-media_type B-business_name B-business_name B-business_name B-business_name I-business_name B-business_name I-business_name I-business_name
run coffee maker,B-device_type I-device_type,B-date B-device_type I-device_type
foreign exchange rates,,B-event_name B-currency_name B-currency_name
reply to last received email,,B-date B-list_name B-time I-time B-personal_info
please remove the alarm that is set for weekdays at nine,B-date B-time,B-player_setting B-event_name B-event_name B-list_name B-timeofday B-person B-person I-event_name B-date B-event_name B-time
anything interesting from bob's news,B-media_type I-media_type,B-place_name I-place_name B-list_name B-media_type I-media_type
what is your age,,B-business_type B-person B-person I-person
turn the lights to red color,B-color_type,B-player_setting B-audiobook_name B-device_type B-change_amount B-color_type B-color_type
please begin <unk> of <unk>,B-game_name I-game_name I-game_name,B-player_setting B-player_setting B-person I-audiobook_name B-place_name
what's happening around me,,B-person B-person B-news_topic B-artist_name
set the coffee maker to on,B-device_type I-device_type,I-time B-device_type B-device_type I-device_type B-change_amount I-event_name
how do i set my coffee machine to make coffee,B-device_type I-device_type,B-date I-list_name B-cooking_type B-weather_descriptor B-relation B-device_type I-device_type B-change_amount B-time B-device_type
what is your name,,B-business_type B-person B-person B-food_type
do i have any alarms set for six am tomorrow,B-time I-time B-date,I-list_name B-cooking_type B-personal_info B-event_name B-event_name I-news_topic B-place_name B-time I-time B-date
play netflix on my ps four,B-app_name B-device_type I-device_type,B-song_name B-app_name B-app_name B-device_type B-device_type I-device_type
how do i get to the train station for a ticket,B-place_name I-place_name,B-date I-list_name B-cooking_type B-food_type B-list_name B-place_name B-place_name I-place_name I-place_name B-place_name B-place_name
can you tell me about <unk> <unk>,B-person I-person,B-business_type B-player_setting B-definition_word B-order_type B-definition_word B-definition_word I-person
how's the weather today,,B-radio_name B-audiobook_name B-radio_name B-date
do add this on my calendar,,I-list_name B-event_name B-date B-date B-event_name B-event_name
what time is it in new york now,B-place_name I-place_name,B-business_type B-person B-event_name B-event_name B-place_name B-place_name I-place_name I-place_name
add song to running list,B-playlist_name,B-event_name B-song_name I-song_name B-song_name I-list_name
are there any free events on in my area today,B-date,B-list_name B-event_name B-event_name B-event_name I-event_name I-event_name B-date B-place_name B-place_name B-date
let's play hits on the radio,,B-player_setting I-player_setting B-game_name B-game_name B-audiobook_name B-radio_name
remove my next event,,B-list_name B-list_name B-event_name B-event_name
olly i have to tell you about my day,,B-transport_type B-cooking_type B-food_type B-list_name B-person B-food_type B-person B-relation I-event_name
which teams are playing today in the <unk> league,B-date B-news_topic I-news_topic,B-player_setting B-business_type B-weather_descriptor I-player_setting B-date B-time B-time I-time I-time
is there anything special going on nearby,,B-person B-business_type B-business_type I-event_name B-weather_descriptor I-event_name B-date
do you know math,,I-list_name I-list_name B-person B-weather_descriptor
send an email to mom to tell her wyatt's birthday party is on sunday,B-relation B-person I-person B-event_name I-event_name,B-event_name B-date B-personal_info B-relation B-relation B-relation B-person I-person B-person I-person B-event_name I-event_name I-event_name B-date
send john smith and email,B-person I-person,B-event_name B-person I-person I-person B-personal_info
how many hours distance is between my location and new york,B-place_name I-place_name,B-date B-event_name B-event_name I-event_name B-person B-time I-time B-place_name I-time B-place_name I-place_name
can you find me a furniture store near me,B-business_type I-business_type,B-business_type B-player_setting B-definition_word B-business_type B-place_name B-business_type I-business_type I-business_type B-place_name
book a cab to office for me,B-transport_type B-place_name,B-media_type B-transport_type B-transport_type B-transport_type B-place_name B-place_name B-place_name
let me know any new emails i've received,,B-relation B-artist_name B-person B-person B-place_name B-personal_info B-personal_info B-person
delete alarm,,B-event_name B-event_name
do i have anything planned,,I-list_name B-cooking_type B-personal_info B-list_name B-time
california,B-place_name,B-place_name
remove the old music list,B-list_name I-list_name,B-list_name B-list_name B-event_name I-relation I-list_name
erase all events from my calendar,,B-date B-event_name B-place_name B-place_name B-place_name B-event_name
change the lights to dim,,B-player_setting B-audiobook_name B-device_type B-change_amount B-color_type
if it is from a very familiar place mark it as important,,B-media_type B-weather_descriptor B-person B-person B-place_name B-event_name I-event_name I-event_name B-date B-date B-time B-time
what happened on the walking dead,B-news_topic I-news_topic,B-business_type B-event_name B-event_name B-news_topic I-news_topic I-news_topic
tell me about alarms,,B-event_name B-personal_info B-definition_word B-person
show me the best podcast of rock songs having good rating,B-podcast_descriptor I-podcast_descriptor I-podcast_descriptor I-podcast_descriptor I-podcast_descriptor,B-food_type B-personal_info B-date B-radio_name B-podcast_descriptor I-podcast_name B-podcast_descriptor I-podcast_descriptor I-podcast_descriptor I-podcast_descriptor I-podcast_descriptor
what do i have coming up,,B-business_type I-list_name B-cooking_type B-food_type B-event_name B-person
what are converse shoes,B-definition_word I-definition_word,B-business_type B-definition_word B-person I-person
biography of person,,I-person I-event_name B-event_name
what is leonardo <unk> <unk>,,B-business_type B-person B-person I-person I-person
is it afternoon yet,,B-person B-weather_descriptor B-timeofday I-timeofday
what new movie is jennifer <unk> working on,B-person I-person,B-business_type B-place_name B-event_name B-person B-person I-person I-person I-news_topic
what is the highest building in the world,B-place_name,B-business_type B-person B-definition_word B-weather_descriptor I-joke_type I-business_type B-place_name B-place_name
list me the stock of apple right now,B-business_name,I-list_name B-list_name B-list_name B-event_name B-business_name B-business_name B-business_name I-business_name
what is the weather forecast for this week,B-date I-date,B-business_type B-person B-definition_word B-transport_type B-place_name B-place_name B-date I-date
open twitter send message,B-business_name,B-player_setting B-media_type B-business_name B-business_name
should i open the sun <unk>,B-weather_descriptor I-weather_descriptor I-weather_descriptor I-weather_descriptor,B-business_name B-cooking_type B-player_setting B-audiobook_name B-weather_descriptor I-weather_descriptor
how old is clint eastwood,B-person I-person,B-date B-personal_info B-person B-person I-person
please tweet on <unk> service for <unk> services,B-media_type B-business_name I-business_name,B-player_setting B-media_type B-media_type B-business_name I-business_name I-business_name I-business_name I-business_name
delete the alarm i just set,,B-event_name B-event_name B-list_name B-time I-media_type I-time
how is the new movie swat,B-movie_name,B-date B-person B-date B-place_name B-event_name B-movie_name
i feel like having soup for lunch order from wangs kitchen restaurant a chicken manchow soup,B-food_type B-meal_type B-business_name I-business_name B-business_type,B-cooking_type B-date B-music_genre B-music_genre I-time I-time B-meal_type B-media_type B-media_type B-business_name I-business_name B-business_type B-definition_word B-definition_word I-food_type I-food_type
hey i am having a bad day today what can i watch to cheer me up,B-date,B-time B-cooking_type I-time B-music_genre B-music_genre B-event_name I-event_name B-date B-date B-weather_descriptor B-weather_descriptor B-definition_word B-weather_descriptor B-place_name I-place_name I-time
post in twitter my visit to japan,B-media_type,B-food_type B-time B-media_type B-media_type B-list_name B-list_name B-place_name
on monday the twentieth i need to have a conversation with greg about our weekend trip,B-date I-date I-date B-event_name B-person B-event_name I-event_name I-event_name,B-radio_name B-date B-date B-date I-date I-date B-list_name B-place_name B-list_name B-event_name I-event_name B-person B-person B-event_name B-event_name B-event_name
cancel all my appointments after three pm today and inform me the details,B-event_name B-time I-time B-date,B-date B-event_name B-event_name B-event_name B-time I-time I-time B-date I-time B-person I-person I-time B-event_name
please remind me about this tomorrow,B-date,B-player_setting B-event_name B-event_name B-event_name B-date B-date
set lunch every day at twelve thirty,B-meal_type B-general_frequency I-general_frequency B-time I-time,I-time B-meal_type B-general_frequency I-general_frequency I-general_frequency B-time I-time
i want coffee everyday,B-date,B-cooking_type B-date B-device_type B-general_frequency
search nandy,,I-podcast_name B-podcast_name
calculate two <unk> by two,,B-person B-time I-date I-time B-time
please check for recent <unk> from this sender,,B-player_setting B-event_name I-event_name B-event_name I-person I-event_name B-date I-place_name
<unk> all pop song <unk>,B-music_genre,B-event_name B-device_type B-music_genre I-event_name B-song_name
what is the news today,B-date,B-business_type B-person B-definition_word B-news_topic B-date
get rid of a list,,B-event_name B-list_name I-list_name B-list_name B-list_name
can you put in lee's birthday on the twenty second of june,B-event_name I-event_name I-event_name B-date I-date I-date,B-business_type B-player_setting B-player_setting B-time B-artist_name B-event_name I-event_name I-event_name B-date B-date I-date I-date
are my contacts <unk> female or male,,B-list_name B-relation B-list_name I-list_name B-person I-weather_descriptor I-weather_descriptor
what song is playing right now,,B-business_type B-song_name B-person B-event_name B-event_name I-event_name
remember this email,,B-time B-date B-personal_info
set a reminder up next month to get my oil changed,B-date I-date B-event_name I-event_name,I-time B-event_name B-event_name I-event_name B-date I-date I-date B-event_name I-event_name I-event_name I-event_name
what time is my domino's order <unk> to arrive,B-business_name I-business_name,B-business_type B-person B-event_name B-event_name B-event_name I-relation I-relation B-list_name B-person
you like the song,,B-player_setting B-audiobook_name B-audiobook_name B-song_name
what's happening in france today,B-place_name,B-person B-person B-event_name B-place_name B-place_name
when is the event going to start,,B-event_name B-event_name B-date B-event_name I-event_name I-event_name I-event_name
when is the birth date of taylor <unk>,B-person I-person,B-event_name B-event_name B-date B-event_name I-event_name I-event_name B-person I-date
how many eggs do i need for an omelette,B-food_type B-food_type,B-date B-event_name B-food_type I-list_name B-cooking_type B-food_type B-weather_descriptor B-food_type B-food_type
how is the traffic <unk> near central park road,B-place_name I-place_name I-place_name,B-date B-person B-date B-weather_descriptor B-place_name B-place_name B-place_name I-place_name I-place_name
android,,B-person
play all songs on shuffle,B-player_setting,B-song_name B-song_name B-music_genre B-music_descriptor B-player_setting
do you think i should go to the theater today,B-place_name B-date,I-list_name I-list_name B-food_type B-food_type B-business_name I-order_type B-list_name B-list_name B-business_name B-date
i'd like to know what time it is right now,,B-time I-time B-change_amount B-person B-person B-person B-weather_descriptor B-weather_descriptor B-date I-event_name
the sun is <unk> bright will we have this weather for the rest of the day,B-time I-time I-time I-time,B-date B-weather_descriptor B-time B-place_name I-place_name I-event_name B-person B-place_name B-date I-date B-place_name B-time B-place_name I-time I-time I-time
please check new email from <unk>,B-person,B-player_setting B-event_name B-media_type B-personal_info B-person B-person
please book a ticket form jaipur to mumbai on tuesday,B-place_name B-place_name B-date,B-player_setting B-media_type B-time B-transport_type B-movie_name B-movie_name I-event_name B-place_name I-place_name B-date
olly hit me up with some exciting events in the bay area,B-place_name I-place_name,B-transport_type B-place_name B-personal_info B-person B-person B-relation I-personal_info B-date B-time B-place_name B-place_name I-place_name
set environmental news notification,B-news_topic,I-time B-event_name I-media_type I-media_type
raise the light,,B-person B-audiobook_name B-device_type
enable my plug,B-device_type,B-event_name B-list_name B-device_type
how do i reach sarah,B-personal_info B-person,B-date I-list_name B-cooking_type B-cooking_type B-person
play next,,B-song_name B-podcast_descriptor
could you please give me up to date news headlines from my newest provider,B-media_type I-media_type,B-meal_type B-player_setting B-event_name B-definition_word B-personal_info B-person B-list_name B-event_name I-event_name B-media_type B-media_type B-media_type B-list_name I-media_type
how many lists do i have,,B-date B-event_name B-currency_name I-list_name B-cooking_type B-food_type
one <unk> equals how much inr,B-currency_name B-currency_name,B-date I-date I-date B-place_name B-ingredient B-currency_name
play poker face by lady gaga,B-song_name I-song_name B-artist_name I-artist_name,B-song_name B-song_name B-song_name I-song_name B-artist_name I-artist_name
what's going on in the world these days,B-place_name,B-person B-weather_descriptor B-media_type B-date B-place_name B-place_name B-place_name I-place_name
cancel the tomorrow's meeting from my calendar,B-date I-date B-event_name,B-date B-date B-date I-date I-date B-relation B-relation
baking times for chicken in the oven,B-food_type B-device_type,B-event_name I-media_type B-place_name B-food_type B-time B-time B-time
brighter,,B-media_type
give me a reminder notification on tomorrow's meeting at ten am,B-date I-date B-event_name B-time,B-personal_info B-personal_info B-list_name B-event_name B-time B-date B-date I-date B-event_name B-time B-time
what is the menu today add some boiled vegetables also to it,B-date B-food_type I-food_type,B-business_type B-person B-definition_word B-personal_info B-date B-time B-music_genre B-drink_type I-transport_descriptor I-transport_descriptor B-list_name B-list_name
what is the latest update on the new york bridge proposal,B-news_topic I-news_topic I-news_topic I-news_topic,B-business_type B-person B-definition_word B-news_topic B-news_topic B-news_topic B-news_topic B-media_type I-media_type I-media_type I-media_type
i will need warm <unk> in winter in morning,B-weather_descriptor I-weather_descriptor B-weather_descriptor B-timeofday,B-cooking_type B-date B-weather_descriptor B-weather_descriptor I-weather_descriptor B-time B-place_name B-time B-timeofday
do i need a jacket,B-weather_descriptor,I-list_name B-cooking_type B-weather_descriptor B-weather_descriptor B-weather_descriptor
send a reply to the last email,,B-event_name B-definition_word B-definition_word B-definition_word B-relation B-time B-personal_info
i need a drink,,B-cooking_type B-weather_descriptor B-weather_descriptor B-event_name
what alarms did i set,,B-business_type B-definition_word I-business_type B-place_name I-date
give me a reminder twenty four hours before my friday meeting with <unk>,B-time I-time I-time I-time B-date B-event_name B-person,B-personal_info B-personal_info B-list_name B-event_name B-date B-time I-time I-time I-time B-date B-event_name I-event_name B-person
tell me what's happening on instagram,,B-event_name B-personal_info B-person B-person B-news_topic B-media_type
change the light to pink color,B-color_type,B-player_setting B-audiobook_name B-device_type B-change_amount B-color_type B-color_type
i need to know if mr pizza delivers,B-business_name I-business_name B-order_type,B-cooking_type B-weather_descriptor B-list_name B-person B-cooking_type B-food_type I-food_type I-food_type
play football with me,B-game_name,B-song_name B-game_name B-game_name I-song_name
write an email for john@gmail dot com,B-email_address I-email_address I-email_address,B-business_name B-event_name B-personal_info B-person B-email_address I-email_address I-email_address
what time will the soccer match be tonight,B-event_name I-event_name B-timeofday,B-business_type B-person I-event_name I-event_name B-event_name I-event_name I-event_name B-timeofday
which type of music it is,,B-player_setting B-definition_word I-business_type B-business_name I-business_name B-person
look for shopping mall in sacramento for women's clothes,B-business_type I-business_type B-place_name,B-event_name B-food_type B-business_type I-business_type I-business_type B-place_name I-place_name I-place_name I-place_name
shall i change my car <unk> to snow <unk> soon,B-weather_descriptor I-weather_descriptor,B-person B-cooking_type B-place_name B-place_name B-event_name I-event_name B-list_name B-weather_descriptor I-weather_descriptor B-time
can you tell me the latest news,,B-business_type B-player_setting B-definition_word B-order_type B-definition_word B-news_topic B-news_topic
could you repeat this event,,B-meal_type B-player_setting B-player_setting B-date B-event_name
play my favorite music now,,B-song_name B-playlist_name B-playlist_name B-media_type B-music_descriptor
remove the second <unk> from the list,,B-list_name B-list_name B-list_name I-list_name I-event_name I-event_name B-list_name
what's the weather in <unk>,,B-person B-audiobook_name B-weather_descriptor B-place_name B-place_name
isn't it a <unk> song please save this for me,,B-place_name B-weather_descriptor B-weather_descriptor B-event_name I-event_name B-event_name I-song_name B-date I-event_name B-event_name
play a podcast from my library,B-podcast_name,B-song_name B-music_genre B-podcast_name B-podcast_name B-playlist_name I-playlist_name
get me up at eight am,B-time I-time,B-event_name B-order_type B-person B-business_name B-time I-time
respond to the email from john doe,B-person I-person,B-person B-list_name B-list_name B-personal_info B-person B-person I-person
set a reminder for this,,I-time B-event_name B-event_name I-event_name B-date
could you please play the fm station which plays pop songs,B-radio_name B-music_genre,B-meal_type B-player_setting B-event_name B-artist_name B-audiobook_name B-radio_name I-radio_name I-radio_name I-radio_name I-radio_name I-radio_name
what movies are showing in cinema today,B-business_type B-date,B-business_type B-definition_word B-definition_word B-person B-time B-place_name B-date
play my soundtrack,B-playlist_name I-playlist_name,B-song_name B-playlist_name B-playlist_name
pause the book,B-player_setting,B-player_setting B-audiobook_name I-audiobook_name
do not talk,,I-list_name B-media_type I-radio_name
open the radio app,,B-player_setting B-audiobook_name B-radio_name I-radio_name
were the stocks <unk> or <unk>,,B-person B-date B-news_topic I-news_topic I-business_name I-business_name
are you real,,B-list_name B-food_type B-food_type
open songs from major <unk>,B-artist_name I-artist_name,B-player_setting B-artist_name B-music_descriptor B-music_descriptor I-music_descriptor
olly i just <unk> my car,,B-transport_type B-cooking_type B-weather_descriptor B-weather_descriptor I-weather_descriptor B-event_name
get rid of all events with jeff,B-person,B-event_name B-list_name I-list_name B-place_name B-place_name I-event_name B-person
describe rock sand,B-definition_word I-definition_word,B-definition_word B-definition_word I-definition_word
what is the forecast for saturday,B-date,B-business_type B-person B-definition_word B-news_topic B-place_name B-date
play a live version of elton john,B-artist_name I-artist_name,B-song_name B-music_genre B-music_descriptor I-music_descriptor I-music_descriptor I-artist_name I-artist_name
technology,,B-news_topic
when was the us got freedom,B-place_name,B-event_name B-person B-date B-currency_name I-currency_name I-person
check time of ten thousand eight hundred and eighty seven train from <unk> station on tuesday,B-transport_name I-transport_name I-transport_name I-transport_name I-transport_name I-transport_name I-transport_name B-transport_type B-place_name I-place_name B-date,B-media_type I-movie_name I-movie_name B-transport_name I-transport_name I-transport_name I-transport_name I-transport_name I-transport_name I-transport_name B-transport_type B-transport_type B-place_name I-place_name I-place_name B-date
here is a new email address to be added to the contacts,,B-house_place B-person B-definition_word B-place_name B-personal_info I-personal_info B-person B-person B-person I-person B-list_name B-list_name
please turn socket off,,B-player_setting B-player_setting B-device_type I-device_type
location,,B-place_name
does my co worker have a home phone number,B-relation I-relation B-personal_info I-personal_info I-personal_info,B-event_name B-relation B-relation I-relation I-relation B-list_name B-event_name I-personal_info I-personal_info
compose a reply to last email,,B-event_name B-event_name B-event_name B-list_name B-time I-person
can you do nine plus two,,B-business_type B-player_setting I-list_name B-time I-radio_name I-radio_name
delete item from my list,,B-event_name B-event_name B-person B-list_name B-list_name
how do i book a train ticket online,B-transport_type,B-date I-list_name B-cooking_type B-cooking_type B-list_name B-transport_type B-transport_type I-order_type
add an alarm for tomorrow morning at six am,B-date B-timeofday B-time I-time,B-event_name B-event_name B-event_name B-time B-date B-timeofday B-event_name B-time I-time
what's euro u. s. d. right now,B-currency_name B-currency_name I-currency_name I-currency_name,B-person B-currency_name B-currency_name I-currency_name I-currency_name I-currency_name I-currency_name
list,,I-list_name
tweet mobile complaint to samsung,B-media_type B-business_name,B-media_type B-business_name I-business_name B-business_name B-business_name
please <unk> my read messages,,B-player_setting B-event_name B-relation B-event_name I-list_name
look up the number of people living in miami florida,B-place_name I-place_name,B-event_name B-business_type B-definition_word B-personal_info I-personal_info B-person I-definition_word I-definition_word B-place_name B-place_name
do you know recipe for risotto,B-food_type,I-list_name I-list_name B-person B-food_type B-food_type B-food_type
turn on the radio and play channel one hundred and six point nine,B-radio_name I-radio_name I-radio_name I-radio_name I-radio_name I-radio_name,B-player_setting I-player_setting B-audiobook_name B-device_type I-radio_name B-radio_name B-radio_name I-radio_name I-radio_name I-radio_name I-radio_name I-radio_name I-radio_name
give me my facebook update every three hours,B-media_type B-general_frequency I-general_frequency I-general_frequency,B-personal_info B-personal_info B-relation B-media_type B-media_type B-general_frequency I-general_frequency I-general_frequency
when is the next train leaving for austin,B-transport_type B-place_name,B-event_name B-event_name B-date B-event_name B-transport_type B-place_name B-place_name B-place_name
what time does the zach brown concert on june third begin,B-event_name I-event_name I-event_name B-date I-date,B-business_type B-person B-event_name B-date B-event_name I-event_name I-event_name B-date B-date I-date I-date
open spotify and open workout,,B-player_setting B-app_name B-media_type B-player_setting B-media_type
what did <unk> post today,B-media_type B-date,B-business_type B-definition_word B-person I-person B-date
please skip to the next podcast episode,B-podcast_descriptor I-podcast_descriptor I-podcast_descriptor,B-player_setting B-player_setting B-player_setting B-audiobook_name B-podcast_descriptor I-podcast_descriptor I-podcast_descriptor
open contacts and call john smith,B-person I-person,B-player_setting B-game_name I-game_name B-person B-person I-person
what is the largest active volcano on earth,B-place_name,B-business_type B-person B-definition_word B-news_topic I-news_topic I-news_topic I-news_topic B-date
when is my next appointment with dr smith,B-event_name B-person I-person,B-event_name B-event_name B-relation B-event_name B-event_name I-event_name B-person I-person
can i carry out with this restaurant,B-business_type,B-business_type B-cooking_type B-weather_descriptor I-order_type B-weather_descriptor B-date B-business_type
email mom and ask how the weather is there,B-relation,B-personal_info B-relation I-relation B-relation B-person B-definition_word B-transport_type B-person B-date
please find the radio station currently playing howard stern,,B-player_setting B-definition_word B-definition_word B-device_type I-radio_name I-radio_name B-radio_name I-radio_name I-radio_name
remove that item,,B-list_name B-event_name B-event_name
seven years,B-song_name I-song_name,B-time I-time
cancel business meeting on wednesday,B-event_name I-event_name B-date,B-date B-event_name I-event_name I-event_name B-date
book a train ticket for one one way for this tuesday at nine am,B-transport_type B-transport_descriptor I-transport_descriptor B-date B-time I-time,B-media_type B-transport_type B-transport_type B-transport_type B-place_name B-date I-date I-date I-date B-date B-date I-date B-time I-time
how much is amazon stock,B-business_name,B-date B-currency_name B-currency_name B-business_name I-business_name
olly there's a good band playing tonight at nine at jazz bar i want to go,B-event_name I-event_name B-timeofday B-time I-time B-place_name I-place_name,B-transport_type B-person B-list_name B-joke_type I-event_name B-event_name B-timeofday B-timeofday B-time I-time I-time B-place_name I-place_name I-place_name B-list_name B-place_name
show me reviews of my nearest location food <unk>,B-place_name I-place_name B-business_type I-business_type,B-food_type B-personal_info B-person B-person B-place_name B-list_name B-list_name B-drink_type I-food_type
what are the breaking news,,B-business_type B-definition_word B-definition_word B-weather_descriptor I-media_type
delete the next event today,B-date,B-event_name B-event_name B-podcast_descriptor B-event_name B-date
can you let amazon know that this new phone case is junk,B-business_name,B-business_type B-player_setting B-business_type B-business_name I-business_name I-business_name B-date B-place_name I-place_name I-place_name B-person B-person
could you please play the song of michael jackson,B-artist_name I-artist_name,B-meal_type B-player_setting B-event_name B-artist_name B-audiobook_name B-song_name B-song_name B-artist_name I-artist_name
what is a mango,B-definition_word,B-business_type B-person B-definition_word B-definition_word
please send the email to jeff,B-person,B-player_setting B-event_name B-definition_word B-personal_info B-relation B-person
get rid of the events on the nineteenth from my calendar,B-date,B-event_name B-list_name I-list_name B-place_name B-place_name I-event_name B-place_name B-place_name I-place_name B-place_name B-list_name
please turn the lights off,,B-player_setting B-player_setting B-device_type B-device_type I-device_type
play only my list,,B-song_name B-song_name I-song_name I-playlist_name
i want to send a tweet to united <unk> i'm angry you lost my <unk>,B-media_type B-business_name I-business_name,B-cooking_type B-date B-list_name B-event_name B-list_name B-media_type B-business_name B-business_name I-business_name I-business_name I-business_name I-business_name I-business_name B-relation B-relation
i like this song please save,,B-cooking_type B-music_genre B-date I-date B-event_name B-event_name
tell me the time in this time zone,B-time_zone I-time_zone I-time_zone,B-event_name B-personal_info B-definition_word B-person B-time B-time_zone I-time_zone I-time_zone
set notification for news about the dakota pipeline,B-news_topic I-news_topic,I-time B-time B-time I-media_type B-news_topic B-news_topic B-news_topic B-news_topic
send a complaint tweet,B-media_type,B-event_name B-definition_word B-business_name B-media_type
should i wear sandals or shoes with <unk>,B-weather_descriptor I-weather_descriptor I-weather_descriptor I-weather_descriptor I-weather_descriptor,B-business_name B-cooking_type B-weather_descriptor B-weather_descriptor I-weather_descriptor I-weather_descriptor I-weather_descriptor I-weather_descriptor
resume joes book from where i left off last time,B-player_setting B-audiobook_name I-audiobook_name,B-player_setting B-audiobook_name I-audiobook_name I-audiobook_name I-audiobook_name I-audiobook_name I-audiobook_name I-player_setting B-date I-time
remove list item,,B-list_name B-list_name B-list_name
check emails from john,B-person,B-media_type B-personal_info B-person B-person
open inbox to check unread mails,B-email_folder,B-player_setting B-email_folder B-list_name B-media_type I-artist_name I-game_name
best paid jobs in digital marketing in my area,,B-radio_name B-food_type B-food_type I-food_type B-place_name I-place_name I-place_name B-list_name B-list_name
how old is <unk> <unk> <unk>,B-person I-person I-person,B-date B-personal_info B-person B-person I-person I-person
what is currently breaking news,,B-business_type B-person B-person I-person I-news_topic
olly i need directions to madison st,B-place_name I-place_name,B-transport_type B-cooking_type B-weather_descriptor B-date I-time B-place_name I-place_name
this is the best band ever,,B-date B-date B-date B-business_type B-news_topic B-food_type
what did i tell susan in my last email,B-person,B-business_type B-definition_word B-cooking_type I-date B-person B-time B-place_name B-time I-time
put on,,B-player_setting I-player_setting
give me the train time,B-transport_type,B-personal_info B-personal_info B-audiobook_name B-transport_type B-transport_type
what day is new year's eve this year,B-date,B-business_type B-date B-date B-place_name B-event_name I-event_name B-date I-date
remind me every monday to take out the trash,B-general_frequency I-general_frequency,B-event_name B-event_name B-general_frequency I-general_frequency I-general_frequency B-event_name I-order_type I-event_name I-event_name
shut down the sound,,B-media_type B-media_type B-place_name B-event_name
i'm <unk> with this pasta please help me,B-business_name,B-player_setting B-audiobook_name B-player_setting B-date I-definition_word I-definition_word B-food_type B-personal_info
i want you to play the podcast,,B-cooking_type B-date B-player_setting B-list_name B-song_name B-audiobook_name B-podcast_descriptor
need to check my list,,B-weather_descriptor B-list_name B-place_name I-event_name I-list_name
unmute after,,B-person B-time
why <unk> adam <unk> funny,B-person I-person,B-song_name I-song_name I-song_name I-person B-joke_type
what's going on around here this weekend,B-date,B-person B-weather_descriptor B-media_type B-news_topic B-news_topic B-date B-date
play game with me,,B-song_name B-game_name B-game_name B-game_name
can you create a list for me,,B-business_type B-player_setting B-place_name B-list_name B-list_name B-list_name B-list_name
add a <unk> watch to the shopping list,B-list_name I-list_name,B-event_name B-event_name B-event_name I-event_name I-event_name B-list_name B-list_name I-list_name
give me the latest updates,,B-personal_info B-personal_info B-audiobook_name B-news_topic B-news_topic
how is the weather likely to be this week,B-date I-date,B-date B-person B-date B-weather_descriptor B-place_name B-place_name B-place_name B-date I-date
give me the latest political headlines across the world,B-news_topic B-place_name,B-personal_info B-personal_info B-audiobook_name B-news_topic B-news_topic B-news_topic I-news_topic I-news_topic B-place_name
the song in background is cool,,B-date B-song_name B-time B-music_descriptor I-song_name B-place_name
turn off the <unk> room,B-house_place I-house_place,B-player_setting B-device_type B-device_type B-device_type I-house_place
delete all events in calendar,,B-event_name B-event_name I-event_name B-time B-place_name
tweet a <unk> face about mcdonalds,B-media_type B-business_name,B-media_type B-business_name B-business_name I-business_name I-business_name B-business_name
could you order sushi for tonight dinner,B-food_type B-timeofday B-meal_type,B-meal_type B-player_setting B-food_type B-food_type B-food_type B-timeofday B-meal_type
what do you think about future,,B-business_type I-list_name B-food_type B-food_type B-person B-person
brighten of lights in living room,B-house_place I-house_place,B-device_type I-event_name I-device_type B-time B-house_place I-house_place
turn off the socket,B-device_type,B-player_setting B-device_type B-device_type B-device_type
what time is it in central time zone,B-time_zone,B-business_type B-person B-event_name B-event_name B-place_name B-time_zone I-time_zone I-time_zone
can you set my coffee machine to make me coffee at seven am,B-device_type I-device_type B-time I-time,B-business_type B-player_setting B-device_type B-device_type B-device_type I-device_type I-device_type B-color_type B-coffee_type B-coffee_type B-time B-time I-time
tell me when i should leave for a scheduled event so that i am on time,,B-event_name B-personal_info B-person B-place_name I-business_name B-weather_descriptor B-place_name B-event_name B-time I-event_name I-event_name I-event_name B-date I-time B-date B-event_name
what reminders do i have scheduled before noon tomorrow,B-timeofday B-date,B-business_type B-event_name B-person I-person B-food_type B-event_name B-time I-time B-date
has tom emailed me about <unk>,B-person,B-person B-person I-person I-person B-person B-person
tune in to eight hundred and ninety seven fm,B-radio_name I-radio_name I-radio_name I-radio_name I-radio_name I-radio_name,B-radio_name B-house_place B-list_name B-radio_name I-radio_name I-radio_name I-radio_name I-radio_name I-radio_name
i want tickets to the sold out concert on saturday night,B-date B-timeofday,B-cooking_type B-date B-food_type B-list_name B-list_name B-business_name I-business_name I-event_name I-event_name B-date B-date
play cnn radio,B-radio_name I-radio_name,B-song_name B-media_type B-radio_name
let me listen the latest news program on radio,,B-relation B-artist_name B-artist_name B-audiobook_name B-podcast_descriptor B-news_topic B-news_topic B-news_topic B-radio_name
what's the latest trump controversy,B-news_topic,B-person B-audiobook_name B-news_topic B-news_topic B-news_topic
play my playlist starting from the <unk>,,B-song_name B-playlist_name I-playlist_name I-playlist_name B-playlist_name B-device_type B-playlist_name
tell me something i can do to help my <unk> today,B-date,B-event_name B-personal_info B-definition_word B-cooking_type B-business_type B-business_type B-list_name B-cooking_type B-list_name B-list_name B-date
what is today's forecast for berlin,B-date I-date,B-business_type B-person B-date I-date I-date B-place_name
display the seven day forecast for this week,B-weather_descriptor I-weather_descriptor I-weather_descriptor I-weather_descriptor B-date I-date,B-place_name B-date B-time I-time I-time I-event_name B-date B-date
play the twilight book,B-audiobook_name,B-song_name B-audiobook_name I-audiobook_name I-audiobook_name
what is on my to do list today,B-list_name I-list_name B-date,B-business_type B-person B-date B-place_name B-list_name I-list_name I-list_name B-date
can you give me a recipe for <unk> chicken <unk> soup,B-food_type I-food_type I-food_type,B-business_type B-player_setting B-definition_word B-personal_info B-list_name B-food_type B-food_type B-food_type I-food_type I-food_type I-food_type
play all by playlist,,B-song_name B-song_name B-artist_name B-artist_name
change light color,,B-player_setting I-device_type B-color_type
what is a work phone number of <unk>,B-personal_info I-personal_info I-personal_info B-person,B-business_type B-person B-definition_word B-definition_word I-personal_info I-personal_info I-personal_info B-person
describe <unk>,B-definition_word,B-definition_word B-definition_word
please reduce the speaker volume,,B-player_setting B-event_name B-audiobook_name B-device_type B-change_amount
say a good joke for me right now,B-joke_type,B-person B-event_name B-joke_type B-joke_type B-joke_type B-food_type B-date B-date
what does obama do in his day to day life,B-person,B-business_type B-definition_word B-definition_word I-person B-definition_word B-place_name I-date B-weather_descriptor I-date I-date
send me an alert and hour before my next appointment,B-time I-time B-event_name,B-event_name I-business_name B-event_name B-definition_word I-date B-time I-time I-time B-date B-event_name
get me the local train <unk> to destination <unk>,B-transport_type B-place_name,B-event_name B-order_type B-place_name B-media_type B-transport_type B-place_name B-place_name B-place_name I-place_name
play biography of jackie <unk>,B-audiobook_name I-audiobook_name I-audiobook_name I-audiobook_name,B-song_name B-song_name I-song_name I-song_name I-artist_name
will i need an umbrella today,B-weather_descriptor B-date,B-date B-weather_descriptor B-weather_descriptor B-weather_descriptor B-weather_descriptor B-date
set list,,I-time B-list_name
what's a movie in theaters that doesn't <unk>,B-place_name,B-person B-definition_word B-event_name I-event_name B-place_name I-place_name B-place_name I-place_name
<unk> use of lights,,B-event_name B-music_genre I-date B-artist_name
open bad religion folder,B-artist_name I-artist_name,B-player_setting B-game_name I-business_name I-business_name
move to the next episode of <unk>,B-podcast_descriptor I-podcast_descriptor B-podcast_name,B-player_setting B-list_name B-audiobook_name B-podcast_descriptor I-podcast_descriptor I-podcast_descriptor B-podcast_name
lower the overhead lights,B-house_place,B-player_setting B-audiobook_name B-device_type I-device_type
book a taxi to go to the movies at one,B-transport_type B-place_name B-time,B-media_type B-transport_type B-transport_type B-transport_type B-place_name B-place_name B-place_name B-place_name I-place_name B-time
i want to order chinese takeout,B-food_type B-order_type,B-cooking_type B-date B-list_name B-business_name B-food_type B-order_type
what is the traffic like right now,,B-business_type B-person B-definition_word B-business_type B-place_name B-place_name I-place_name
play,,B-song_name
i want to order a pizza from <unk> pizza,B-food_type B-business_name I-business_name,B-cooking_type B-date B-list_name B-business_name B-food_type B-food_type B-business_name B-business_name I-business_name
remind me to go to dinner with dave on friday at five pm,B-meal_type B-person B-date B-time I-time,B-event_name B-event_name B-event_name B-event_name I-event_name B-event_name I-event_name B-person I-event_name B-date B-date B-time I-time
what days do i have booked,,B-business_type B-definition_word B-order_type B-cooking_type B-food_type B-food_type
where is volume setting,,B-business_type B-person B-place_name I-person
turn program on xmtune,B-radio_name,B-player_setting B-house_place I-player_setting B-radio_name
find geographic details of this place,,I-business_type B-business_type B-place_name I-business_type B-date I-date
has my calendar been updated in the last ten minutes,B-time I-time I-time,B-person B-relation B-event_name B-date B-person B-time B-time B-time I-time I-time
raise the volume of the current music,,B-person B-audiobook_name B-change_amount B-change_amount B-change_amount I-change_amount B-device_type
remove the guest list i created last week,B-list_name B-date I-date,B-list_name B-list_name B-list_name I-list_name I-list_name I-list_name B-date I-date
currency exchange,,B-date B-currency_name
whats on your list right now,,B-person I-player_setting B-news_topic B-list_name B-list_name I-list_name
erase that from my calendar,,B-date I-time B-media_type B-list_name B-event_name
i want to play fifa seventeen,B-game_name I-game_name,B-cooking_type B-date B-list_name B-game_name B-game_name I-game_name
hows mysore climate today,B-weather_descriptor I-weather_descriptor,B-event_name B-event_name I-event_name B-date
post this video to facebook,B-media_type,B-food_type B-date I-date B-media_type B-media_type
add jane's birthday party for tomorrow two pm at one hundred and twenty three main on my calendar,B-person I-person B-event_name I-event_name B-date B-time I-time B-place_name I-place_name I-place_name I-place_name I-place_name I-place_name,B-event_name B-person I-person B-event_name I-event_name B-date B-time I-time I-time B-time I-time I-time I-time I-time I-time I-time I-time B-event_name
give me all available lists,,B-personal_info B-personal_info B-event_name B-person I-person
delete it,,B-event_name B-date
what is the current day month and year,,B-business_type B-person B-definition_word B-news_topic B-time_zone I-date I-date I-date
is it cold outside,B-weather_descriptor,B-person B-weather_descriptor B-weather_descriptor B-weather_descriptor
explain quantum physics to me in <unk> i understand,,B-business_type B-person I-person I-person B-place_name B-time B-place_name I-place_name I-place_name
please play folk music,B-music_genre,B-player_setting B-artist_name B-music_genre I-music_genre
can you delete the dentist appointment,B-event_name I-event_name,B-business_type B-player_setting B-event_name B-event_name B-event_name I-event_name
refresh my inbox and inform me about new emails,B-email_folder,B-event_name B-list_name B-email_folder I-music_descriptor I-weather_descriptor B-order_type B-order_type B-place_name B-personal_info
hey olly what time is it,,B-time B-transport_type B-person B-person B-event_name B-event_name
what is the temperature in indianapolis indiana,B-place_name I-place_name,B-business_type B-person B-definition_word B-weather_descriptor I-weather_descriptor B-place_name I-place_name
can you create a sugar free diet for me and create a shopping list for the ingredients,,B-business_type B-player_setting B-place_name B-list_name B-event_name I-event_name I-event_name I-event_name B-list_name I-date B-person B-list_name B-list_name B-list_name B-list_name B-list_name B-list_name
delete list for groceries,B-list_name,B-event_name B-list_name B-list_name B-list_name
please read my facebook feed,B-media_type,B-player_setting B-player_setting B-device_type B-media_type B-media_type
is the city <unk> or <unk> to live,B-place_name,B-person B-date B-place_name I-place_name I-place_name I-place_name B-list_name B-place_name
what information should i know for my meetings today,B-event_name B-date,B-business_type B-business_type B-definition_word B-food_type B-food_type B-food_type B-food_type B-event_name B-date
do i have any new emails from <unk>,B-person,I-list_name B-cooking_type B-personal_info B-event_name B-place_name B-personal_info B-person B-person
i <unk> pay attention,,B-cooking_type B-weather_descriptor B-event_name I-business_name
i want it to be able to tell me statistics about things it's done for me like how often i've <unk> out this month,,B-cooking_type B-date B-weather_descriptor B-change_amount B-weather_descriptor B-weather_descriptor B-weather_descriptor B-place_name B-weather_descriptor B-event_name I-event_name B-person B-event_name I-event_name I-event_name I-event_name I-event_name I-event_name I-event_name I-event_name I-event_name I-event_name B-date I-date
can you open my itunes,,B-business_type B-player_setting B-player_setting B-device_type B-list_name
what jacket should i wear,B-weather_descriptor,B-business_type B-definition_word B-definition_word B-cooking_type B-weather_descriptor
can you make dinner for me,,B-business_type B-player_setting B-food_type B-event_name I-event_name I-event_name
remind me to do something then,,B-event_name B-event_name B-event_name I-list_name I-event_name B-date
please go to the next episode of the podcast,B-podcast_descriptor I-podcast_descriptor,B-player_setting B-player_setting I-player_setting B-audiobook_name B-podcast_descriptor I-podcast_descriptor I-podcast_descriptor B-podcast_name I-podcast_descriptor
what is the current weather,,B-business_type B-person B-definition_word B-news_topic B-place_name
song title,,I-player_setting B-song_name
instructions to make a meal,,B-media_type B-list_name B-food_type B-food_type B-event_name
please clean my calendar,,B-player_setting B-player_setting B-house_place B-event_name
new alarm for six am,B-time I-time,B-place_name B-list_name B-time B-time I-time
turn off the lights in the bathroom,B-house_place,B-player_setting B-device_type B-device_type B-device_type B-time B-house_place B-house_place
is today st <unk> day,B-date B-event_name I-event_name I-event_name,B-person B-date B-time B-event_name I-time
seven hundred,,B-time I-radio_name
create a list that is available,,B-place_name B-list_name B-list_name B-list_name I-list_name B-person
play <unk> by passion pit,B-song_name B-artist_name I-artist_name,B-song_name B-song_name B-artist_name I-artist_name I-artist_name
what is on my playlist,,B-business_type B-person B-date B-place_name B-list_name
schedule a one hour appointment for saturday,B-time I-time B-date,B-person B-event_name B-time I-time B-event_name I-event_name B-date
are there any events going on downtown tonight,B-place_name B-timeofday,B-list_name B-event_name B-event_name B-event_name B-weather_descriptor I-event_name B-place_name B-timeofday
how long should i boil the egg,B-cooking_type B-food_type,B-date B-place_name B-person B-cooking_type B-cooking_type B-cooking_type B-food_type
what's in the news,,B-person B-person B-time B-news_topic
is there takeaway at papa john's,B-business_name I-business_name,B-person B-business_type B-order_type B-business_type B-place_name I-place_name
alexa i'dl like to hear any classical except for bach or schubert,B-music_genre B-artist_name B-artist_name,B-business_name B-business_name B-date B-order_type B-artist_name B-artist_name B-music_genre B-music_genre B-music_genre B-artist_name B-artist_name B-artist_name
within the past three months how many meetings did i have with mr richards,B-time I-time I-time B-event_name B-person I-person,B-place_name B-place_name B-time B-time I-time I-time B-event_name B-event_name B-person B-date I-person B-person B-person I-person
clear the list,,B-person B-date B-list_name
reduce volume,,B-person B-change_amount
radio channels,,B-radio_name I-radio_name
hey olly i like music by <unk> <unk>,B-artist_name I-artist_name,B-time B-transport_type B-cooking_type B-color_type B-device_type B-artist_name B-artist_name I-artist_name
what movies has emma <unk> <unk> in,B-person I-person,B-business_type B-definition_word B-person B-person I-person I-person B-place_name
play lady by <unk> <unk>,B-song_name B-artist_name I-artist_name,B-song_name B-song_name B-artist_name B-artist_name I-artist_name
remind me when i am at the library to get a new library card,B-place_name B-event_name I-event_name I-event_name I-event_name I-event_name,B-event_name B-event_name B-event_name B-event_name I-event_name B-date B-place_name B-place_name I-event_name B-event_name B-event_name B-event_name I-event_name I-event_name
once a new topic on politics comes up alert me,B-news_topic,B-time B-time B-place_name B-list_name I-movie_type B-news_topic I-news_topic I-news_topic I-news_topic I-news_topic
how much is the average house,,B-date B-currency_name B-currency_name B-currency_name B-weather_descriptor B-ingredient
play the next show on podcast,B-podcast_descriptor I-podcast_descriptor,B-song_name B-audiobook_name B-podcast_descriptor I-radio_name B-radio_name I-podcast_descriptor
how long should i boil an egg,B-cooking_type B-food_type,B-date B-place_name B-person B-cooking_type B-cooking_type B-cooking_type B-ingredient
get rid of my current alarms,,B-event_name B-list_name I-list_name B-list_name B-list_name I-list_name
tell me about jaipur,B-place_name,B-event_name B-personal_info B-definition_word B-person
please book me a taxi uber,B-transport_type B-transport_agency,B-player_setting B-media_type I-media_type B-time B-transport_type B-transport_agency
what kind of music do you think i like,,B-business_type B-definition_word I-date B-event_name I-list_name B-food_type B-food_type I-game_name I-game_name
clear out the shopping list,B-list_name,B-person I-order_type B-currency_name B-list_name B-list_name
i want to hear a station that plays r. n. b.,B-radio_name I-radio_name I-radio_name I-radio_name I-radio_name I-radio_name,B-cooking_type B-date B-list_name B-song_name B-song_name B-radio_name B-radio_name B-radio_name B-music_genre I-music_genre I-music_genre
what information do i have on reminders,,B-business_type B-business_type B-business_type B-cooking_type B-food_type B-event_name B-date
should i bring a jacket with me tonight,B-weather_descriptor B-timeofday,B-business_name B-cooking_type B-weather_descriptor B-weather_descriptor B-weather_descriptor I-weather_descriptor I-weather_descriptor B-timeofday
rate five,,B-currency_name B-time
what is the temperature,B-weather_descriptor,B-business_type B-person B-definition_word B-weather_descriptor
look up movies near me,,B-event_name B-business_type B-definition_word B-date B-place_name
set alarm of only monday morning six am,B-date B-timeofday B-time I-time,I-time B-weather_descriptor B-time B-time B-date B-timeofday B-time I-time
what's a good joke,B-joke_type,B-person B-definition_word B-joke_type B-joke_type
reply to dad write i will be late,B-relation,B-date B-list_name B-relation I-relation I-relation B-date B-date B-weather_descriptor
order pizza for delivery,B-food_type B-order_type,B-food_type B-food_type B-food_type B-order_type
please remove remainder,,B-player_setting B-event_name B-event_name
birthday wishes,B-event_name,B-event_name B-event_name
how much is the us dollar versus the pound,B-currency_name I-currency_name B-currency_name,B-date B-currency_name B-currency_name B-currency_name B-currency_name I-currency_name B-currency_name B-currency_name B-currency_name
train ticket please,B-transport_type,B-transport_type B-transport_type B-transport_type
olly read my lists to me,,B-transport_type B-player_setting B-list_name B-list_name B-list_name B-list_name
<unk> daughter baby <unk>,B-person B-event_name I-event_name I-event_name,B-event_name B-media_type B-event_name I-event_name
turn off my alarm,,B-player_setting B-device_type B-device_type B-list_name
play <unk> by <unk> and <unk>,B-song_name B-artist_name I-artist_name I-artist_name,B-song_name B-song_name B-artist_name B-artist_name I-artist_name I-artist_name
brighten the lights,,B-device_type B-device_type B-device_type
what is the current weather condition in my place,B-place_name I-place_name,B-business_type B-person B-definition_word B-news_topic B-place_name B-place_name B-place_name B-place_name B-place_name
play bob dylan playlist,B-artist_name I-artist_name,B-song_name B-artist_name I-artist_name I-playlist_name
play rap music,B-music_genre,B-song_name B-music_genre I-music_genre
please find out the share price of microsoft in nasdaq,B-business_name,B-player_setting B-definition_word I-order_type B-business_type B-device_type B-business_name B-business_name B-business_name B-business_name B-business_name
please play my nineties rap hits,B-music_genre I-music_genre,B-player_setting B-artist_name B-playlist_name B-music_genre B-music_genre I-music_descriptor
i need to go to <unk> at five am on sunday by train,B-place_name B-time I-time B-date B-transport_type,B-cooking_type B-weather_descriptor B-list_name B-weather_descriptor B-list_name B-place_name B-place_name B-time I-time B-date B-date B-time B-transport_type
olly tell me about activities in my area this weekend,B-date I-date,B-transport_type B-business_name B-personal_info B-definition_word B-place_name B-place_name B-place_name I-place_name B-date I-date
what is the date next wednesday,B-date,B-business_type B-person B-definition_word B-event_name B-date B-date
i want to send an email to my family do you help me,B-relation,B-cooking_type B-date B-list_name B-event_name B-event_name B-personal_info B-relation B-relation B-relation I-list_name I-list_name B-food_type B-food_type
google what are the <unk> things <unk> need,,B-business_name B-definition_word B-weather_descriptor B-definition_word B-weather_descriptor B-food_type B-person I-food_type
read list of new emails,,B-player_setting I-list_name I-list_name B-place_name B-personal_info
let's cook meatballs together,B-food_type,B-player_setting B-food_type B-food_type I-food_type
traffic report,,B-player_setting B-place_name
what ingredient can be used instead of <unk>,B-ingredient,B-business_type B-definition_word B-business_type B-business_type I-definition_word I-definition_word I-definition_word I-definition_word
what are the bbc <unk> predictions for the upcoming us elections,B-media_type I-media_type B-news_topic I-news_topic I-news_topic,B-business_type B-definition_word B-definition_word B-media_type I-media_type I-media_type I-media_type B-time B-event_name B-event_name I-news_topic
turn on the robot vacuum cleaner,B-device_type I-device_type I-device_type,B-player_setting I-player_setting B-audiobook_name B-device_type I-device_type I-device_type
who sings the song about a long black train,B-song_name I-song_name I-song_name,B-person B-person B-audiobook_name B-song_name B-song_name I-song_name B-event_name B-definition_word B-transport_type
is it going to rain at one pm today,B-weather_descriptor I-weather_descriptor I-weather_descriptor B-time I-time B-date,B-person B-weather_descriptor B-weather_descriptor B-weather_descriptor B-weather_descriptor B-weather_descriptor B-time I-time B-date
remove my task list,B-list_name,B-list_name B-list_name B-event_name I-list_name
start the coffee machine at three,B-device_type I-device_type B-time,B-player_setting B-audiobook_name B-device_type I-device_type I-device_type B-time
thanksgiving turkey cooking procedure in five sentences is what,B-food_type I-food_type,B-player_setting I-food_type B-food_type I-radio_name B-time B-time I-time B-date B-place_name
please add sugar to my grocery list,B-list_name,B-player_setting B-event_name B-event_name I-song_name B-relation B-list_name I-list_name
i went to the store,,B-cooking_type B-weather_descriptor B-list_name B-list_name B-place_name
play ella <unk> get happy,B-artist_name I-artist_name B-song_name I-song_name,B-song_name B-song_name I-game_name I-game_name I-song_name
make it brighter in here,,B-food_type B-weather_descriptor B-house_place B-time B-house_place
do you have a funny joke for me,B-joke_type,I-list_name I-list_name B-food_type B-list_name B-joke_type B-joke_type I-event_name B-time
can you make me some coffee olly,,B-business_type B-player_setting B-food_type B-device_type B-food_type B-coffee_type B-coffee_type
who sings the song that i am listening to right now,,B-person B-person B-audiobook_name B-song_name B-song_name B-song_name I-song_name I-song_name I-song_name B-event_name I-event_name
how about you,,B-date B-person B-definition_word
olly tweet apple that the iphone doesn't work,B-media_type B-business_name,B-transport_type B-media_type B-business_name I-business_name B-business_name B-business_name I-business_name I-business_name
start audio playback of twilight again,B-player_setting B-audiobook_name,B-player_setting B-media_type B-audiobook_name I-audiobook_name B-audiobook_name I-audiobook_name
check any mail from amazon,B-person,B-media_type B-event_name B-event_name B-person B-business_name
i need an email to be sent to <unk> about my service issues,B-business_name,B-cooking_type B-weather_descriptor B-date B-personal_info B-relation B-person B-weather_descriptor B-weather_descriptor B-relation I-relation B-event_name B-relation I-event_name
how much is the dollar worth compared to the euro,B-currency_name B-currency_name,B-date B-currency_name B-currency_name B-currency_name B-currency_name B-currency_name B-currency_name B-currency_name B-currency_name B-currency_name
pink is all we need,B-color_type,B-artist_name B-person B-event_name B-place_name B-weather_descriptor
what is the price of starbuck's stock,B-business_name I-business_name,B-business_type B-person B-definition_word B-business_name B-business_name B-business_name B-business_name
turn lights off,,B-player_setting B-device_type I-device_type
what's on my todo list,B-list_name,B-person B-media_type B-media_type B-list_name B-list_name
how many saturdays are in march,B-date I-date I-date I-date,B-date B-event_name B-currency_name I-event_name B-time B-date
please turn up the screen brightness all the way,B-device_type B-change_amount I-change_amount I-change_amount,B-player_setting B-player_setting I-player_setting B-audiobook_name B-device_type B-player_setting B-device_type B-device_type B-house_place
set the alarm off,,I-time B-device_type B-list_name B-device_type
should we expect rain this afternoon,B-timeofday,B-business_name B-person B-weather_descriptor B-weather_descriptor B-date I-timeofday
what is the difference between <unk> and <unk> calendar,,B-business_type B-person B-definition_word B-joke_type B-time_zone B-place_name I-date B-place_name I-place_name
how much is the euro worth versus us dollar,B-currency_name B-currency_name I-currency_name,B-date B-currency_name B-currency_name B-currency_name B-currency_name B-currency_name I-currency_name B-currency_name I-currency_name
i would like to hear jazz music,B-music_genre,B-cooking_type B-personal_info B-color_type B-list_name B-song_name B-music_genre I-music_genre
whats the weather like right now in new york,B-place_name,B-person B-audiobook_name B-date B-place_name B-news_topic I-place_name B-place_name B-place_name I-place_name
play one more time,,B-song_name B-song_name I-song_name I-playlist_name
is this the least or most important moment in history ever,,B-person B-date B-date I-date I-place_name I-business_name I-business_name I-person B-time B-place_name I-place_name
i need you to tweet a complaint,B-media_type,B-cooking_type B-weather_descriptor B-song_name B-list_name B-media_type B-list_name B-business_name
how is my order,,B-date B-person B-relation B-relation
tell me the train arrival time to new york,B-transport_type B-place_name I-place_name,B-event_name B-personal_info B-definition_word B-transport_type B-transport_type B-place_name B-place_name B-place_name I-place_name
i want to set an alarm when i'm driving home tomorrow to remember to stop at the store and get food,B-date B-event_name I-event_name I-event_name I-event_name I-event_name I-event_name,B-cooking_type B-date B-list_name B-person B-event_name B-time I-event_name B-event_name I-event_name I-event_name B-date B-date B-place_name B-place_name B-place_name B-place_name B-place_name B-place_name I-place_name B-place_name I-place_name
play the song major tom by david bowie,B-song_name I-song_name B-artist_name I-artist_name,B-song_name B-audiobook_name B-song_name B-song_name I-song_name B-artist_name B-artist_name I-artist_name
start the radio now,,B-player_setting B-audiobook_name B-device_type I-device_type
tell me a place that has snow now,,B-event_name B-personal_info B-definition_word B-business_type B-order_type B-person B-weather_descriptor I-weather_descriptor
can you raise the lights for me please,,B-business_type B-player_setting B-event_name B-audiobook_name B-device_type B-color_type I-device_type I-device_type
what are meeting scheduled for today,B-event_name B-date,B-business_type B-definition_word B-event_name I-event_name I-event_name B-date
recipes that can be cooked in an hour,,B-player_setting B-player_setting B-business_type B-business_type B-weather_descriptor B-time B-time I-time
what ingredients do i need to bake a large cake,B-cooking_type B-food_type,B-business_type B-definition_word I-list_name I-person B-food_type B-list_name B-food_type B-list_name B-food_type B-food_type
play my summer jams playlist,B-playlist_name I-playlist_name I-playlist_name,B-song_name B-playlist_name B-song_name I-music_descriptor I-playlist_name
what is the us dollar and euro exchange rate,B-currency_name I-currency_name B-currency_name,B-business_type B-person B-definition_word B-currency_name I-currency_name I-currency_name B-currency_name B-currency_name I-currency_name
describe a <unk>,B-definition_word,B-definition_word B-definition_word B-definition_word
check new email,,B-media_type B-place_name B-personal_info
please find a contact number of <unk> and tell me,B-personal_info B-person,B-player_setting B-definition_word B-definition_word B-personal_info B-personal_info I-personal_info B-person I-person B-person I-person
i need a good <unk> can you play me sad rock songs,B-music_descriptor B-music_genre,B-cooking_type B-weather_descriptor B-weather_descriptor B-joke_type B-movie_type B-color_type B-player_setting I-player_setting B-artist_name B-music_descriptor I-music_genre I-music_descriptor
what are the top stories on cnn,B-media_type,B-business_type B-definition_word B-definition_word B-radio_name I-place_name I-event_name B-media_type
create email to <unk>,B-person,B-place_name B-personal_info B-list_name B-person
what is the dollar price in inr,B-currency_name B-currency_name,B-business_type B-person B-definition_word B-currency_name B-currency_name B-currency_name B-place_name
what is <unk> <unk> next movie,B-person I-person I-person,B-business_type B-person B-person I-person B-date B-event_name
move on to the next podcast episode,B-player_setting I-player_setting B-podcast_descriptor I-podcast_descriptor I-podcast_descriptor,B-player_setting I-player_setting B-list_name B-audiobook_name B-podcast_descriptor I-podcast_descriptor I-podcast_descriptor
where i went today,B-date,B-business_type B-cooking_type B-place_name B-date
did you place the reminder about the meeting for tomorrow,B-event_name B-date,B-person B-definition_word B-business_type B-place_name B-event_name B-person B-event_name B-event_name I-event_name B-date
resume my audio book from karl <unk>,B-player_setting B-audiobook_author I-audiobook_author,B-player_setting B-audiobook_name B-media_type I-media_type B-media_type B-media_type I-audiobook_name
can you list out my meetings today,B-event_name B-date,B-business_type B-player_setting I-list_name I-list_name B-relation B-event_name B-date
start bbc radio,B-radio_name,B-player_setting B-media_type I-radio_name
what <unk> hair <unk> does donald trump use,B-person I-person,B-business_type B-definition_word B-food_type I-food_type B-business_name B-person I-person I-person
remind me to pick up linda at five in the evening on seventh,B-event_name I-event_name B-person B-time B-timeofday B-date,B-event_name B-event_name B-event_name B-event_name I-event_name I-event_name I-event_name B-time B-time I-time B-timeofday I-time B-date
what's on your mind,,B-person B-media_type B-event_name B-news_topic
hello my item which i bought from some one has gone out of order,,B-meal_type B-relation B-list_name I-relation I-list_name B-date B-person B-music_genre I-business_name B-order_type B-person I-order_type I-order_type B-business_name
respond to email,,B-person B-list_name B-personal_info
has the dollar rate increased,,B-person B-date B-currency_name B-currency_name B-currency_name
if it's <unk> in <unk> what time is it in <unk>,B-time B-place_name,B-media_type B-business_name B-food_type B-time B-place_name B-place_name I-time I-time B-weather_descriptor B-place_name B-place_name
check gmail,,B-media_type I-game_name
make the light in here <unk>,B-color_type,B-food_type B-audiobook_name B-device_type B-time B-house_place B-house_place
my choice to play an audio from first,,B-relation B-list_name B-list_name B-podcast_descriptor B-music_genre B-media_type B-media_type B-time
what time should i go for a <unk>,B-event_name,B-business_type B-person I-food_type I-business_name I-order_type B-place_name B-time B-food_type
what do i need to make lamb <unk>,B-food_type I-food_type,B-business_type I-list_name B-cooking_type B-food_type B-list_name B-food_type B-food_type I-food_type
what are some theme <unk> nearby,B-event_name I-event_name,B-business_type B-definition_word B-food_type B-food_type B-food_type B-event_name
what was george <unk> first november <unk>,B-person I-person I-person,B-business_type B-person B-person I-person I-person I-date I-date
change the music mode to rock,B-player_setting B-music_genre,B-player_setting B-audiobook_name B-device_type I-device_type I-player_setting B-radio_name
info on lisa ann please,B-person I-person,B-event_name B-radio_name B-person I-news_topic I-news_topic
open audio book history of rome,B-audiobook_name I-audiobook_name I-audiobook_name,B-player_setting B-media_type I-media_type B-audiobook_name I-audiobook_name I-audiobook_name
do i have any unread emails,,I-list_name B-cooking_type B-personal_info B-event_name B-event_name B-personal_info
emails in the last ten minutes,B-time I-time I-time,B-personal_info B-time B-time I-time I-time I-time
show me some current events,,B-food_type B-personal_info B-music_genre B-food_type B-date
tell me the recipe of,,B-event_name B-personal_info B-definition_word B-food_type B-food_type
please check email contain job <unk>,,B-player_setting B-event_name B-personal_info B-person B-personal_info B-person
hoover the hallway,B-house_place,B-timeofday B-date B-house_place
<unk> <unk>,,B-event_name B-event_name
start the robot roomba,B-device_type I-device_type,B-player_setting B-audiobook_name B-device_type I-device_type
what do you do with my data and information,,B-business_type I-list_name B-food_type B-food_type B-ingredient B-relation B-relation I-list_name B-person
wake me up at five am this week,B-time I-time B-date I-date,B-alarm_type B-personal_info I-alarm_type B-time B-time I-time B-date I-date
whats the exchange rates between usa and china,B-place_name,B-person B-audiobook_name B-currency_name I-podcast_name B-currency_name B-currency_name I-podcast_name B-place_name
keep reading the audiobook to me,B-player_setting I-player_setting B-media_type,B-player_setting I-player_setting B-audiobook_name B-media_type B-media_type B-media_type
please send mom and dad an email asking how they are,B-relation B-relation,B-player_setting B-event_name B-relation B-relation B-relation B-relation B-personal_info B-person B-person I-person I-person
is it going to rain later,B-weather_descriptor,B-person B-weather_descriptor B-weather_descriptor B-weather_descriptor B-weather_descriptor B-weather_descriptor
shut off lights,,B-media_type B-device_type B-device_type
please dim the lights,,B-player_setting B-device_type B-audiobook_name B-device_type
add this email address to my contacts and send an email to,,B-event_name B-date B-personal_info B-personal_info B-email_address B-relation B-relation I-person B-person B-relation B-personal_info B-relation
set my alarm for seven am,B-time I-time,I-time B-device_type B-list_name B-time B-time I-time
next button,,B-podcast_descriptor I-date
find the ways of travel for the same,,I-business_type B-business_type B-personal_info I-personal_info B-place_name B-place_name B-food_type B-food_type
fix alarm,,B-player_setting B-transport_type
please give me the winning lottery numbers for this weekend,B-date I-date,B-player_setting B-definition_word B-personal_info B-audiobook_name B-event_name I-news_topic I-news_topic I-news_topic B-date I-date
his <unk> is <unk> <unk>,,B-time I-person B-person B-person I-person
meetings from twenty to twenty five june,B-event_name B-time I-time I-time I-time I-time,B-event_name I-event_name B-date I-date B-date I-time I-date
call the nearest thai restaurant with delivery,B-food_type B-business_type B-order_type,B-event_name B-place_name B-business_type B-business_type B-business_type I-business_type B-order_type
purchase ticket to new york city on train,B-place_name I-place_name I-place_name B-transport_type,B-event_name B-date B-place_name B-place_name I-place_name I-place_name I-place_name B-transport_type
don't make any sounds,,I-song_name I-song_name B-event_name B-event_name
give me the details on purchase order,,B-personal_info B-personal_info B-audiobook_name B-place_name I-player_setting B-event_name B-media_type
adjust the lights to a lower setting please,,B-event_name B-audiobook_name B-device_type B-change_amount B-change_amount I-change_amount I-change_amount B-event_name
what is the exchange rate between us and <unk>,B-currency_name B-currency_name,B-business_type B-person B-definition_word B-currency_name B-currency_name B-currency_name B-currency_name I-currency_name B-currency_name
play only all music released between the year one thousand nine hundred and ninety and two thousand,B-date I-date I-date I-date I-date I-date B-date I-date,B-song_name B-song_name I-song_name B-device_type I-song_name I-song_name I-song_name I-date I-date I-date I-date I-date I-date I-date I-radio_name I-date I-date
save event for five pm to six pm on march eighteenth,B-time I-time I-time I-time I-time B-date I-date,B-device_type B-event_name I-event_name B-time I-time I-time B-time I-time I-time B-date I-date
turn the <unk> off from speaker,,B-player_setting B-audiobook_name B-device_type I-device_type I-device_type I-device_type
just play nine hundred and thirty seven fm,B-radio_name I-radio_name I-radio_name I-radio_name I-radio_name I-radio_name,B-person B-song_name B-radio_name I-radio_name I-radio_name I-radio_name I-radio_name I-radio_name
how much is a train ticket to chicago,B-transport_type B-place_name,B-date B-currency_name B-currency_name B-definition_word B-transport_type B-transport_type B-transport_type B-place_name
play the latest songs by <unk>,B-artist_name,B-song_name B-audiobook_name B-podcast_descriptor B-artist_name B-artist_name B-artist_name
what is the plan today,,B-business_type B-person B-definition_word B-person B-date
please scan the am dial on the radio right now,B-date I-date,B-player_setting B-event_name B-audiobook_name B-radio_name B-music_genre I-event_name B-date B-device_type I-device_type I-device_type
book a train ticket weekend of the twenty sixth phoenix to los angeles,B-transport_type B-date I-date I-date I-date I-date B-place_name B-place_name I-place_name,B-media_type B-transport_type B-transport_type B-transport_type B-transport_type I-date I-date I-date I-date I-date I-date B-place_name I-place_name
what is the best oven temperature to roast potatoes,B-cooking_type B-ingredient,B-business_type B-person B-definition_word B-joke_type B-business_type I-business_type I-business_type B-place_name I-place_name
can you tell me what flabbergasted means,B-definition_word,B-business_type B-player_setting B-definition_word B-order_type B-definition_word B-definition_word I-definition_word
does <unk> have a new podcast,B-person,B-event_name B-business_name I-business_name B-food_type B-list_name B-list_name
do i need a sweater today,B-weather_descriptor B-date,I-list_name B-cooking_type B-weather_descriptor B-weather_descriptor B-weather_descriptor B-date
turn off the alarm,,B-player_setting B-device_type B-device_type B-house_place
olly play poker with me,B-game_name,B-transport_type B-song_name B-song_name I-song_name I-song_name
i hate this song,,B-cooking_type B-weather_descriptor B-date I-date
is there a food festival in the area,B-event_name I-event_name,B-person B-business_type B-event_name B-business_type B-business_type I-food_type B-place_name B-place_name
is traffic light,,B-person B-place_name B-place_name
what does situation mean,B-definition_word,B-business_type B-definition_word B-definition_word I-definition_word
show pending reminders,,B-food_type B-person B-date
do i have an appointment today,B-event_name B-date,I-list_name B-cooking_type B-personal_info B-list_name B-event_name B-date
low <unk> condition,,I-event_name I-event_name I-event_name
how cold is it outside today,B-weather_descriptor B-date,B-date B-weather_descriptor B-weather_descriptor B-weather_descriptor B-weather_descriptor B-date
lights at percent,,I-device_type B-time B-place_name
will it be nice outside this week,B-weather_descriptor B-date I-date,B-date B-weather_descriptor B-weather_descriptor B-weather_descriptor B-weather_descriptor B-timeofday I-date
give the stock price details of <unk>,B-business_name,B-personal_info B-audiobook_name B-news_topic B-business_name B-business_name I-business_name B-business_name
open media play jingle bells,B-song_name I-song_name,B-player_setting B-game_name I-player_setting B-song_name I-song_name
please add dinner with mary to my calendar on saturday,B-event_name I-event_name I-event_name B-date,B-player_setting B-event_name B-event_name I-event_name B-person B-person B-relation B-relation B-event_name B-date
i need to set reminder on fifteenth march,B-date I-date,B-cooking_type B-weather_descriptor B-list_name B-place_name B-time B-event_name B-date I-date
check for all the movie theater prices and <unk> for a newly released movie in my location,,B-media_type I-event_name B-date B-date B-event_name I-relation I-event_name I-event_name B-person I-person B-time B-event_name I-event_name I-event_name I-event_name B-place_name I-place_name
what alarms i have set,,B-business_type B-definition_word I-person B-food_type B-device_type
please look up local restaurants that are open now,B-business_type,B-player_setting B-business_type B-business_type B-person B-business_type I-place_name B-place_name I-media_type I-media_type
add lowes hardware to my contact emails located in cleveland ohio,B-place_name I-place_name,B-event_name B-event_name I-event_name I-event_name B-list_name B-relation I-relation B-person B-time B-place_name I-place_name
order one pizza from pizza hut,B-food_type B-business_name I-business_name,B-food_type B-food_type B-food_type B-business_name B-business_name I-business_name
reply to email,,B-date B-list_name B-person
turn the light off in the living room,B-house_place I-house_place,B-player_setting B-audiobook_name B-device_type I-device_type B-house_place B-house_place B-house_place I-house_place
how far is canada from my current location,B-place_name,B-date B-weather_descriptor B-person B-place_name B-place_name B-place_name I-place_name I-place_name
tell me about economy and gdp about india versus china,B-place_name B-place_name,B-event_name B-personal_info B-definition_word B-definition_word I-date B-place_name B-relation B-place_name I-place_name B-place_name
send email to <unk> dot com,B-email_address I-email_address I-email_address,B-event_name B-personal_info B-relation B-person I-email_address I-email_address
play next reason podcast,B-podcast_name,B-song_name B-podcast_descriptor B-podcast_name I-podcast_descriptor
where do most celebrities <unk> out,,B-business_type I-list_name I-list_name I-place_name B-weather_descriptor I-order_type
have i received new emails in the last ten minutes,B-time I-time I-time,B-food_type B-cooking_type B-personal_info B-place_name B-personal_info B-time B-time B-time I-time I-time
play the radio please,,B-song_name B-audiobook_name B-radio_name I-radio_name
please find out of charley's steakhouse delivers,B-business_name I-business_name I-business_name,B-player_setting B-definition_word I-order_type I-song_name B-place_name I-place_name I-place_name
please put on my favorite rap music playlist,B-music_genre,B-player_setting B-player_setting B-radio_name B-device_type B-device_type B-music_genre B-media_type I-playlist_name
tell me when it is five pm,B-time I-time,B-event_name B-personal_info B-person B-weather_descriptor B-date B-time I-time
has anyone <unk> on my status,,B-person B-person I-person I-person B-media_type I-news_topic
give me up to date on sports news,B-news_topic,B-personal_info B-personal_info B-person B-list_name B-event_name I-event_name B-date I-news_topic
send email to boss saying i will be late,B-relation,B-event_name B-personal_info B-relation B-relation B-email_address B-email_address B-person B-person B-weather_descriptor
tell me the local events,,B-event_name B-personal_info B-definition_word B-media_type B-place_name
how to make taco,B-food_type,B-date B-list_name B-food_type B-food_type
africa info,B-place_name,B-place_name B-place_name
where is the prime <unk>,,B-business_type B-person B-place_name B-event_name I-place_name
turn off my first alarm,,B-player_setting B-device_type B-device_type B-time I-time
remind me to water my <unk> every tuesday thursday and saturday,B-event_name I-event_name I-event_name B-general_frequency I-general_frequency I-general_frequency I-general_frequency I-general_frequency,B-event_name B-event_name B-event_name B-event_name I-event_name I-event_name B-general_frequency I-general_frequency I-general_frequency I-general_frequency B-date
what is the current state of the <unk> into trump's ties with russia,B-news_topic I-news_topic I-news_topic I-news_topic I-news_topic,B-business_type B-person B-definition_word B-news_topic B-news_topic I-news_topic I-news_topic B-news_topic I-news_topic I-news_topic I-news_topic I-news_topic B-place_name
how do i get to the mall,B-place_name I-place_name,B-date I-list_name B-cooking_type B-food_type B-list_name B-place_name B-place_name
tell me how are the results of <unk> elections in delhi going to come out,B-place_name,B-event_name B-personal_info B-definition_word B-ingredient B-weather_descriptor B-food_type I-news_topic B-place_name I-place_name I-media_type B-place_name I-place_name B-place_name B-place_name I-place_name
let me know up and down in stock price of this company stock,,B-relation B-artist_name B-person B-person B-person B-person B-time B-business_name B-business_name B-business_name B-date B-business_name I-business_name
turn off the <unk>,B-device_type,B-player_setting B-device_type B-device_type B-device_type
please modify my calendar with this event,,B-player_setting B-event_name B-relation B-event_name I-event_name B-date B-time
could you please confirm if <unk> does takeaway,B-business_name B-order_type,B-meal_type B-player_setting B-event_name B-device_type B-media_type B-business_name B-definition_word B-order_type
power off,,B-place_name B-device_type
play any pop fm channel,B-music_genre B-radio_name,B-song_name B-artist_name B-music_genre I-radio_name I-radio_name
play next episode of harry potter by <unk> <unk> <unk>,B-audiobook_name I-audiobook_name B-audiobook_author I-audiobook_author I-audiobook_author,B-song_name B-podcast_descriptor I-podcast_descriptor I-podcast_descriptor B-podcast_name I-podcast_name B-artist_name B-artist_name I-artist_name I-artist_name
add <unk> to my shopping list,B-list_name,B-event_name B-event_name I-event_name B-list_name B-list_name I-list_name
book a ticket to ny by train,B-place_name B-transport_type,B-media_type B-transport_type B-transport_type B-transport_type B-place_name I-place_name B-transport_type
tell me if i have new emails,,B-event_name B-personal_info B-business_name B-business_name B-food_type B-place_name B-personal_info
are you happy,,B-list_name B-food_type B-event_name
is there anything i should be reminded about,,B-person B-business_type B-business_type I-place_name B-cooking_type B-weather_descriptor B-weather_descriptor B-weather_descriptor
play some good song from my play list,B-music_descriptor I-music_descriptor,B-song_name B-music_genre B-music_genre B-music_genre B-music_descriptor B-playlist_name B-podcast_descriptor I-podcast_descriptor
play the song <unk> by katy perry,B-artist_name I-artist_name,B-song_name B-audiobook_name B-song_name B-song_name B-artist_name B-artist_name I-artist_name
set lights brightness higher,,I-time I-device_type B-device_type B-color_type
post a new status on facebook saying that i am enjoying the nice weather,B-media_type B-weather_descriptor I-weather_descriptor,B-food_type B-list_name B-media_type I-list_name I-event_name B-media_type B-media_type I-media_type B-media_type I-time B-event_name I-event_name B-event_name B-event_name
olly do i have an alarm set for tomorrow,B-date,B-transport_type I-list_name B-cooking_type B-personal_info B-list_name B-list_name B-time B-time B-date
music,,B-media_type
i want you to go to hot one hundred and five on the radio,B-radio_name I-radio_name I-radio_name I-radio_name I-radio_name,B-cooking_type B-date B-player_setting B-list_name B-player_setting B-list_name B-weather_descriptor B-time I-radio_name I-radio_name I-radio_name I-radio_name I-radio_name B-radio_name
i would like it to help analyze ideas,,B-cooking_type B-personal_info B-color_type B-weather_descriptor B-change_amount B-device_type B-color_type I-color_type
weather at the moment,B-time I-time,B-date B-place_name B-place_name B-place_name
what can i do in berlin,B-place_name,B-business_type B-business_type B-business_type B-cooking_type B-date B-place_name
play music now please,,B-song_name B-media_type I-playlist_name I-playlist_name
shuffle songs by coldplay,B-player_setting B-artist_name,B-player_setting I-player_setting B-artist_name B-artist_name
send an alert before meeting,B-event_name,B-event_name B-date B-definition_word B-time B-event_name
play song <unk> high,B-song_name I-song_name,B-song_name B-song_name B-song_name I-song_name
in my calendar delete all of my golf events for the current month,B-event_name I-event_name B-date,B-time B-place_name B-event_name B-event_name B-event_name B-event_name B-event_name B-relation I-event_name I-event_name B-date B-event_name I-date
should i bring an umbrella today,B-date,B-business_name B-cooking_type B-weather_descriptor B-weather_descriptor B-weather_descriptor B-date
can you please book train tickets for two for this friday,B-transport_type B-date,B-business_type B-player_setting B-event_name B-event_name B-transport_type B-transport_type B-place_name B-time B-time B-timeofday B-date
find a train ticket to philadelphia,B-transport_type B-place_name,I-business_type B-business_type B-transport_type B-transport_type B-transport_type B-place_name
what is the music playing right now,,B-business_type B-person B-definition_word B-news_topic I-relation B-event_name I-event_name
schedule a meeting with matt at eleven am on thursday,B-event_name B-person B-time I-time B-date,B-person B-event_name B-event_name I-event_name B-person I-person B-time I-time B-date B-date
show future events,,B-food_type B-event_name B-date
i hate how long the traffic jams get,B-time,B-cooking_type B-weather_descriptor B-date B-person B-place_name B-business_type I-business_type I-place_name
play the next one,,B-song_name B-audiobook_name B-podcast_descriptor I-radio_name
who is the contact that last called me,,B-person B-person B-date B-personal_info I-personal_info B-date I-date B-personal_info
uber me to the airport,B-transport_agency B-place_name,B-transport_agency B-transport_agency B-list_name B-place_name B-place_name
convert current time from g. m. t. to est,B-time_zone I-time_zone I-time_zone B-time_zone,B-event_name B-event_name B-event_name B-time_zone B-time_zone I-time_zone I-time_zone B-time_zone B-time_zone
can you please make a coffee,,B-business_type B-player_setting B-event_name B-food_type B-event_name B-coffee_type
start vacuum cleaner,B-device_type I-device_type,B-player_setting B-device_type I-device_type
<unk>,,B-event_name
is there any rain in the forecast for the next week,B-weather_descriptor B-date I-date,B-person B-business_type B-business_type B-weather_descriptor I-weather_descriptor B-place_name B-place_name B-place_name B-time I-time I-date
find route,,I-business_type B-place_name
driving time to los angeles,B-place_name I-place_name,B-timeofday B-transport_type B-transport_type B-place_name I-place_name
are there any alarms going off today,B-date,B-list_name B-event_name B-event_name B-event_name B-weather_descriptor B-place_name B-date
how much money did bill <unk> make,B-person I-person,B-date B-currency_name B-currency_name B-person B-person I-person I-person
please activate my coffee pot for me,B-device_type I-device_type,B-player_setting B-device_type B-device_type B-device_type I-device_type I-device_type B-time
send an email to my boss,B-relation,B-event_name B-date B-personal_info B-relation B-relation B-relation
open up and play music from my jogging playlist,B-playlist_name I-playlist_name,B-player_setting B-game_name I-audiobook_name I-player_setting B-game_name I-song_name B-playlist_name I-playlist_name I-playlist_name
do i have appointments today,B-event_name B-date,I-list_name B-cooking_type B-personal_info B-event_name B-date
show me direction to my home,B-place_name,B-food_type B-personal_info B-person B-place_name B-place_name B-place_name
i need to find a gift what stores are within a one mile radius,B-business_type I-business_type B-business_type B-place_name I-place_name I-place_name I-place_name I-place_name,B-cooking_type B-weather_descriptor B-list_name B-place_name B-list_name B-place_name I-business_type I-business_type I-place_name B-place_name B-list_name B-time I-place_name I-place_name
get me new email,,B-event_name B-order_type B-place_name B-personal_info
please load new email for <unk> and send message now,B-person,B-player_setting B-event_name B-place_name B-personal_info B-person B-person I-person B-person B-relation B-relation
olly let's hear <unk> one hundred and three point five,B-radio_name I-radio_name I-radio_name I-radio_name I-radio_name I-radio_name,B-transport_type B-business_name B-player_setting B-music_descriptor I-song_name I-radio_name I-radio_name I-radio_name I-radio_name I-radio_name
i want to play the song again,,B-cooking_type B-date B-list_name B-game_name B-game_name B-song_name B-song_name
i want sweet potato pie from a local <unk>,,B-cooking_type B-date B-media_type I-business_name I-event_name B-list_name B-list_name B-media_type I-media_type
what is the weather going to be like today in tucson,B-date B-place_name,B-business_type B-person B-definition_word B-transport_type B-weather_descriptor B-place_name B-weather_descriptor B-weather_descriptor B-date B-time B-place_name
i'm so happy today i got tickets for the concert,B-date,B-player_setting B-game_name B-playlist_name B-date B-date I-song_name I-song_name I-song_name I-song_name B-event_name
make march eighteen a repeating appointment for <unk> birthday,B-date I-date B-event_name I-event_name I-event_name I-event_name,B-food_type B-date I-date I-date B-event_name I-event_name I-event_name I-event_name I-person
i had food as soon as i got up,,B-cooking_type B-weather_descriptor B-order_type B-person B-person B-person I-person I-person I-person
please be quiet for another hour,B-time I-time,B-player_setting B-event_name B-artist_name B-time B-food_type I-time
set an alarm for nine am,B-time I-time,I-time B-event_name B-event_name B-time B-time I-time
are there any special events near me this weekend,B-date I-date,B-list_name B-event_name B-event_name B-event_name I-event_name B-place_name B-place_name B-date I-date
remind me about,,B-event_name B-event_name B-event_name
i have a meeting at noon today,B-event_name B-timeofday B-date,B-cooking_type B-food_type B-list_name B-event_name B-event_name B-timeofday B-date
is soft cheese better than hard,B-food_type I-food_type,B-person B-weather_descriptor I-food_type I-food_type I-food_type I-food_type
remove <unk> from my shopping list,B-list_name,B-list_name B-event_name B-list_name B-list_name B-list_name I-list_name
olly where do the rocky mountains start,B-place_name I-place_name I-place_name,B-transport_type B-place_name I-list_name B-place_name I-place_name I-place_name I-place_name
please set a meeting to <unk> <unk> with <unk> on the next available meeting day,B-event_name B-event_name I-event_name B-person B-date I-date,B-player_setting B-device_type B-event_name B-event_name I-event_name B-person I-person I-date B-relation B-event_name B-date B-date I-date B-event_name I-event_name
news articles on a particular subject,,I-media_type B-media_type B-media_type B-media_type B-news_topic I-news_topic
info of the upcoming events,,B-event_name B-place_name B-place_name B-event_name I-event_name
send a replay email,,B-event_name B-definition_word B-definition_word B-personal_info
i want to remove apples from list,,B-cooking_type B-date B-list_name B-time B-event_name B-list_name I-list_name
please tell me what is the time in <unk>,B-place_name,B-player_setting B-person B-personal_info B-definition_word B-person B-definition_word B-transport_type B-place_name B-place_name
open temperature,B-weather_descriptor,B-player_setting B-weather_descriptor
remove my dinner event for monday,B-meal_type B-date,B-list_name B-list_name B-meal_type I-event_name I-event_name B-date
what time are the hockey games tonight,B-timeofday,B-business_type B-person I-event_name I-event_name B-event_name I-event_name B-timeofday
i want to see all set alarms,,B-cooking_type B-date B-list_name B-person B-food_type B-device_type I-food_type
when does <unk> city mall open,B-business_name I-business_name I-business_name,B-event_name B-event_name B-person I-place_name I-place_name I-place_name
what degree is it outside,B-weather_descriptor,B-business_type B-definition_word B-person B-person B-weather_descriptor
i want to know about the brexit,B-news_topic I-news_topic,B-cooking_type B-date B-list_name B-person B-person B-news_topic B-news_topic
when was last <unk> award winning movie,,B-event_name B-person B-date I-date I-person I-event_name I-event_name
title,,I-personal_info
radio please,,B-radio_name B-event_name
present time in new york,B-place_name I-place_name,B-person B-person B-time B-place_name I-place_name
what day does my birthday fall on this year june twenty seventh,B-event_name B-date I-date I-date,B-business_type B-date I-date B-event_name B-event_name I-event_name I-event_name B-date I-date I-date I-date I-date
what's the easiest way to cook pasta,,B-person B-audiobook_name B-news_topic B-definition_word B-definition_word B-cooking_type B-food_type
play me last year's hits,,B-song_name B-artist_name B-song_name I-time I-song_name
i want the music to be saved can you do it for me,,B-cooking_type B-date B-audiobook_name B-device_type B-list_name B-song_name I-business_name I-business_name B-definition_word B-definition_word B-definition_word B-place_name B-business_name
i didn't get the product on time send a tweet to jcpenney,B-media_type,B-cooking_type B-weather_descriptor B-food_type I-event_name B-list_name I-event_name B-event_name I-event_name I-time B-media_type B-media_type B-business_name
put the lights off now,,B-player_setting B-audiobook_name B-device_type I-device_type I-device_type
keep playing <unk> garden,B-player_setting I-player_setting B-audiobook_name I-audiobook_name,B-player_setting I-player_setting B-event_name I-business_name
don't speak for an hour,B-time,I-song_name I-song_name B-time B-event_name I-time
what is the chance of <unk> in todays weather,B-weather_descriptor B-date,B-business_type B-person B-definition_word B-weather_descriptor I-weather_descriptor I-weather_descriptor B-time B-place_name I-date
do i have any remainder about birthday party,B-event_name I-event_name,I-list_name B-cooking_type B-personal_info B-event_name B-event_name B-person B-event_name I-event_name
how many lists do i have in contacts,,B-date B-event_name B-currency_name I-list_name B-cooking_type B-food_type B-time B-person
how have <unk> shares done last week,B-business_name B-date I-date,B-date B-personal_info B-personal_info B-person I-person B-date I-date
show me nearby musical events,B-event_name I-event_name,B-food_type B-personal_info B-business_type I-event_name I-event_name
i need to get a ticket via train to orlando from hwood,B-transport_type B-place_name I-place_name I-place_name,B-cooking_type B-weather_descriptor B-list_name B-list_name B-list_name B-list_name B-place_name B-transport_type B-transport_type B-place_name B-place_name B-place_name
remind me at,,B-event_name B-event_name B-event_name
<unk> the clients that will attend the meeting,B-event_name I-event_name,B-event_name B-audiobook_name B-device_type I-timeofday B-business_name B-media_type B-media_type B-event_name
when will my chinese food be delivered,B-food_type,B-event_name I-event_name B-relation B-food_type I-food_type B-order_type B-order_type
i need to get up at ten tomorrow,B-time B-date,B-cooking_type B-weather_descriptor B-list_name B-list_name I-list_name B-place_name B-time B-date
who is doing facebook live right now,B-media_type I-media_type,B-person B-person B-person B-media_type B-business_name B-news_topic I-news_topic
please create a new list for me,,B-player_setting B-place_name B-list_name B-place_name I-list_name B-list_name B-list_name
remind me of my meeting on,B-event_name,B-event_name B-event_name B-event_name B-event_name B-event_name B-event_name
turn my morning alarm on,B-timeofday,B-player_setting B-device_type B-timeofday B-list_name B-date
stock price,,B-business_name B-business_name
is there anything new in my mailbox,,B-person B-business_type B-business_type B-place_name B-place_name B-place_name B-email_folder
start a gossip,,B-player_setting B-player_setting B-game_name
enter song <unk>,,B-date B-song_name B-song_name
refer local current events,B-event_name I-event_name I-event_name,B-event_name B-media_type I-news_topic B-place_name
give me news on president trump,B-news_topic I-news_topic,B-personal_info B-personal_info B-news_topic B-news_topic B-news_topic I-news_topic
play a random song from my playlist,,B-song_name B-music_genre B-music_genre I-song_name I-song_name B-playlist_name I-playlist_name
will there be a world war four,,B-date B-event_name B-weather_descriptor B-weather_descriptor B-place_name I-place_name B-time
play <unk> music,B-music_genre,B-song_name B-song_name I-music_genre
check mom's number,B-relation I-relation,B-media_type B-relation I-personal_info
put this event in a repeating pattern on my calendar,,B-player_setting B-date B-timeofday B-time B-time B-general_frequency I-event_name I-event_name B-date B-event_name
block one hour from ten tomorrow morning,B-time I-time B-time B-date B-timeofday,B-event_name B-date I-time I-time B-time B-date B-timeofday
what is the weather like right now,,B-business_type B-person B-definition_word B-transport_type B-place_name I-place_name I-place_name
opinion save,,B-place_name B-place_name
love,,B-song_name
replace,,B-event_name
add this song for the next playing song,,B-event_name B-date I-date B-song_name I-song_name B-podcast_descriptor I-song_name I-song_name
how large is alaska,B-place_name,B-date B-business_type B-person B-place_name
explain how is usa better than other countries,B-place_name,B-business_type I-business_type B-person B-place_name I-person I-news_topic B-place_name I-place_name
forward a complaint to <unk> for network related issues,B-business_name,B-player_setting B-time B-media_type B-business_name B-business_name I-business_name I-business_name I-business_name I-business_name
tell me about india location,B-place_name,B-event_name B-personal_info B-definition_word B-place_name B-place_name
jump to next podcast,B-player_setting B-podcast_descriptor I-podcast_descriptor,B-time B-list_name B-podcast_descriptor I-podcast_descriptor
what lists are in my <unk>,,B-business_type B-business_type B-food_type B-time B-relation B-list_name
what time does the first train depart from chicago,B-transport_type B-place_name,B-business_type B-person B-event_name B-date B-date B-transport_type B-transport_type B-transport_type B-place_name
tweet a complaint for the online bookstore,B-media_type B-business_name I-business_name,B-media_type B-business_name B-business_name B-business_name B-business_name B-business_name I-business_name
remind me about my meeting an hour before it <unk>,B-event_name B-time I-time,B-event_name B-event_name B-event_name B-event_name B-event_name B-event_name B-time I-time I-time I-time
let's play you'll be the <unk> and never change position,,B-player_setting I-player_setting B-game_name I-artist_name I-song_name I-song_name I-song_name I-song_name I-audiobook_name B-artist_name
clean my house,B-house_place,B-movie_name B-list_name B-house_place
set a reminder every day at noon to take medication,B-general_frequency I-general_frequency B-timeofday,I-time B-event_name B-event_name B-general_frequency I-general_frequency I-general_frequency B-timeofday B-timeofday B-event_name I-business_name
switch off the lights,,B-device_type B-device_type B-device_type B-device_type
show <unk> of rihanna,B-artist_name,B-food_type B-personal_info B-person B-person
play papa <unk> <unk>,B-game_name I-game_name I-game_name,B-song_name B-song_name I-game_name I-game_name
make the bedroom lights red and the hall lights normal color please,B-house_place B-color_type B-house_place B-color_type,B-food_type B-audiobook_name B-house_place B-device_type B-color_type I-color_type B-color_type B-house_place I-device_type B-color_type B-color_type B-house_place
make the coffee,,B-food_type B-audiobook_name B-device_type
do i need to do anything today,B-date,I-list_name B-cooking_type B-weather_descriptor B-list_name I-list_name I-list_name B-date
how tall is <unk> <unk>,,B-date B-person B-person B-person I-person
tell me if i have any unread new emails,,B-event_name B-personal_info B-business_name B-business_name B-food_type B-food_type B-event_name B-place_name B-date
send mail to <unk> for office opening time table,B-person,B-event_name B-relation B-person B-person I-person B-event_name I-event_name I-time B-place_name
describe a sloth,B-definition_word,B-definition_word B-definition_word B-definition_word
i want two burgers and one coke order it fast,B-food_type B-food_type,B-cooking_type B-date B-time I-date I-time I-time I-date I-song_name I-song_name B-food_type
respond to my <unk> email with the word that i will be in at four in the evening,B-relation,B-person B-list_name B-relation B-relation I-relation B-relation B-relation B-relation B-timeofday B-timeofday B-date B-date B-time B-place_name B-time B-time I-time B-timeofday
have i need to take a sun <unk>,B-weather_descriptor I-weather_descriptor,B-food_type B-cooking_type B-weather_descriptor B-list_name B-order_type B-weather_descriptor B-weather_descriptor I-weather_descriptor
color of light should be <unk> bright,,B-device_type I-date B-person I-business_name B-order_type I-definition_word I-definition_word
tell me everything you know about <unk>,,B-event_name B-personal_info B-definition_word B-definition_word B-person B-person B-person
play my playlist party songs,B-playlist_name I-playlist_name,B-song_name B-playlist_name I-playlist_name B-playlist_name I-music_descriptor
can you turn up the lights,,B-business_type B-player_setting B-player_setting I-player_setting B-audiobook_name B-device_type
remove this list from the others,,B-list_name B-date I-list_name B-list_name B-list_name B-list_name
<unk> my <unk> with arijit singh,B-song_name I-song_name I-song_name B-artist_name I-artist_name,B-event_name B-list_name B-list_name I-event_name B-person I-person
go back to previous episode of podcast,B-podcast_descriptor I-podcast_descriptor,B-player_setting I-player_setting I-player_setting B-podcast_descriptor I-podcast_descriptor I-podcast_descriptor I-podcast_descriptor
take that off there,,B-order_type B-order_type B-device_type B-device_type
start a pot of coffee please,,B-player_setting B-player_setting B-game_name B-game_name B-drink_type B-player_setting
give me all my lists,,B-personal_info B-personal_info B-event_name B-device_type B-coffee_type
off all type of active devices,,B-device_type B-device_type B-device_type I-event_name B-person I-person
disable alarm for three pm,B-time I-time,B-event_name I-alarm_type B-time B-time I-time
please lower music volume,,B-player_setting B-player_setting B-device_type I-device_type
wipe everything on my calendar,,B-person B-event_name B-date B-device_type B-event_name
please add list of things to buy for party,B-event_name,B-player_setting B-event_name B-event_name I-list_name B-list_name B-list_name B-list_name I-list_name B-event_name
could you please create a pandora channel for adele,B-artist_name,B-meal_type B-player_setting B-event_name B-device_type B-list_name B-event_name B-music_descriptor I-event_name B-artist_name
new message to newmail@gmail dot com,B-email_address I-email_address I-email_address,B-place_name B-relation B-list_name B-business_name I-email_address I-email_address
i would like to reply to sarah's email,B-person I-person,B-cooking_type B-personal_info B-color_type B-list_name B-person B-list_name B-person I-person
change the lights in my home to green,B-house_place B-color_type,B-player_setting B-audiobook_name B-device_type B-time B-house_place B-house_place B-list_name B-color_type
what lists do i have <unk>,,B-business_type B-business_type I-business_type B-cooking_type B-food_type B-food_type
today i saw a bulldog,B-date,B-date B-date B-time B-time B-event_name
add <unk> bhaji in menu card,,B-event_name B-event_name I-person I-event_name B-place_name I-place_name
change the lights in the living room to green and red,B-house_place I-house_place B-color_type I-color_type I-color_type,B-player_setting B-audiobook_name B-device_type B-time B-house_place B-house_place I-house_place I-house_place B-color_type I-device_type B-color_type
i would like to hear some good funny jokes,B-joke_type I-joke_type,B-cooking_type B-personal_info B-color_type B-list_name B-song_name B-music_genre B-music_genre B-joke_type I-music_genre
can you remind me to order the turkey three weeks before thanksgiving,B-event_name I-event_name I-event_name,B-business_type B-player_setting B-event_name B-event_name B-event_name B-event_name B-event_name B-business_name B-time I-food_type I-time I-time
set alarm six am,B-time I-time,I-time B-weather_descriptor B-time I-time
check for me new emails received from <unk>,B-person,B-media_type I-event_name B-personal_info B-place_name B-date B-person B-person B-person
what does my facebook feed look like,B-media_type,B-business_type B-definition_word B-relation B-media_type B-media_type I-business_name I-business_name
prepare the order as soon as possible,,B-food_type B-audiobook_name B-food_type B-food_type B-food_type B-person I-food_type
please put event into my calendar and mark it as a repeating event,,B-player_setting B-player_setting B-event_name B-event_name B-relation B-event_name I-event_name B-person I-event_name B-person B-event_name B-event_name I-event_name
what is going on today from two four pm,B-date B-time B-time I-time,B-business_type B-person B-business_name B-news_topic B-date B-media_type B-time I-time I-time
could you please play the song from the artist madonna,B-artist_name,B-meal_type B-player_setting B-event_name B-artist_name B-audiobook_name B-song_name I-song_name I-song_name I-song_name B-artist_name
siri open twitter tweet <unk> sucks,B-media_type,B-person B-player_setting B-media_type B-media_type B-business_name I-business_name
show me my latest social media activity,,B-food_type B-personal_info B-list_name I-media_type B-media_type I-media_type I-media_type
how the to do list for today,B-date,B-date B-date B-list_name B-cooking_type I-list_name I-list_name B-date
what is two hundred divided by ten,,B-business_type B-person B-time I-time I-date B-time B-time
tell me about mary s.,B-person I-person,B-event_name B-personal_info B-definition_word B-person I-person
make a list about selena gomez concert schedule,B-person I-person,B-food_type B-time B-list_name B-list_name B-event_name I-event_name I-event_name I-event_name
are there any good pizza places around here,B-business_type I-business_type,B-list_name B-event_name B-event_name B-joke_type B-food_type I-food_type I-food_type B-place_name
alexa reply to the mail with the following content hello you,,B-business_name B-person B-relation B-relation B-relation B-person B-relation B-time I-relation I-relation B-email_address
create an alarm for today at ten am,B-date B-time I-time,B-place_name B-list_name B-list_name B-time B-date B-date B-time I-time
play a <unk> song in my playlist,B-music_genre,B-song_name B-music_genre B-music_descriptor I-song_name I-song_name I-song_name I-playlist_name
erase my calendar,,B-date B-relation B-event_name
economic affairs,,B-media_type B-time
any new email from john,B-person,B-event_name B-place_name B-personal_info B-person B-person
will the weather be less than ten degree in paris,B-weather_descriptor I-weather_descriptor I-weather_descriptor I-weather_descriptor B-place_name,B-date B-date B-weather_descriptor B-weather_descriptor B-weather_descriptor B-weather_descriptor B-time I-time I-time B-place_name
move to the next song in the list,B-player_setting,B-player_setting B-list_name B-audiobook_name B-podcast_descriptor I-podcast_descriptor B-time I-time B-place_name
features of google <unk>,,B-person I-date B-business_name I-business_name
what was the weather for the week,B-time,B-business_type B-person B-date B-weather_descriptor B-place_name B-time B-time
delete upcoming event,,B-event_name B-event_name B-event_name
when does the next train travelling the city leave here,B-transport_type,B-event_name B-event_name B-date B-date B-transport_type B-transport_type B-place_name B-place_name B-place_name I-place_name
go to the podcast and play the next episode in friends,B-podcast_descriptor I-podcast_descriptor B-podcast_name,B-player_setting B-list_name B-audiobook_name B-podcast_name I-podcast_descriptor I-podcast_descriptor B-audiobook_name B-podcast_descriptor I-podcast_descriptor I-podcast_descriptor B-podcast_name
can you let <unk> know i'm never using them again,B-business_name,B-business_type B-player_setting B-business_type B-event_name B-person I-person I-person B-media_type I-business_name I-business_name
what day of the week was december four one thousand nine hundred and eighty two,B-date I-date I-date I-date I-date I-date I-date I-date I-date,B-business_type B-date I-date I-date I-date I-date B-date I-date I-date I-date I-date I-date I-date I-date I-date
where is the nearest walmart,B-business_name,B-business_type B-person B-place_name B-business_type B-business_name
make the radio turn on now,,B-food_type B-audiobook_name B-device_type B-device_type B-radio_name B-radio_name
what is the current temperature outside,B-weather_descriptor,B-business_type B-person B-definition_word B-news_topic B-weather_descriptor B-weather_descriptor
put dark colours instead of light ones in the house,B-color_type B-house_place,B-player_setting B-song_name B-person I-person I-person B-person I-person I-business_type B-place_name B-house_place
where is <unk>,B-place_name,B-business_type B-person B-place_name
find an interesting podcast about last <unk> price <unk>,B-podcast_descriptor I-podcast_descriptor I-podcast_descriptor,I-business_type B-date B-definition_word I-podcast_descriptor B-news_topic B-date I-date I-date B-business_name
what are the events next week,B-date I-date,B-business_type B-definition_word B-definition_word B-date B-date I-date
please turn off the lights in patio,B-house_place,B-player_setting B-player_setting B-device_type B-device_type B-device_type B-time B-house_place
play for me the game harry potter and the <unk> of secrets,B-game_name I-game_name I-game_name I-game_name I-game_name I-game_name I-game_name,B-song_name B-game_name B-artist_name I-song_name B-game_name B-game_name I-game_name I-game_name I-audiobook_name I-audiobook_name I-audiobook_name I-audiobook_name
list everything left on my query,,I-list_name B-list_name B-relation I-event_name B-relation B-list_name
have any emails <unk> in the last fifteen minutes,B-time I-time,B-food_type B-event_name B-personal_info B-person B-time B-time B-time I-time I-time
olly what is the capital of california,B-place_name,B-transport_type B-person B-person B-definition_word B-time_zone B-place_name B-place_name
recommend a movie playing in my area,,B-time B-time B-event_name I-event_name I-event_name B-house_place B-list_name
add a reminder to my calendar every year on this date,B-general_frequency I-general_frequency,B-event_name B-event_name B-event_name B-list_name B-relation B-event_name B-general_frequency I-general_frequency I-general_frequency B-date I-date
what does <unk> mean,B-definition_word,B-business_type B-definition_word B-definition_word I-definition_word
start the vacuum,B-device_type,B-player_setting B-audiobook_name B-device_type
how is rice <unk>,B-food_type,B-date B-person B-ingredient I-person
what was the subject of the last email from mom,B-relation,B-business_type B-person B-date B-personal_info B-personal_info B-place_name B-date B-personal_info B-person B-relation
elections in up,,B-news_topic B-time B-place_name
what are the news stories on the cnn website,B-media_type,B-business_type B-definition_word B-definition_word B-news_topic B-news_topic B-news_topic B-news_topic B-media_type B-media_type
meeting reminders from three to five,B-event_name B-time I-time I-time,B-event_name I-event_name B-person B-time I-time I-time
i got promoted today it feels so good,B-date,B-cooking_type B-person I-person B-date B-date B-weather_descriptor I-time I-event_name
i want to listen to be more chill by <unk> <unk>,B-audiobook_name I-audiobook_name I-audiobook_name B-audiobook_author I-audiobook_author,B-cooking_type B-date B-list_name B-radio_name B-radio_name B-song_name I-song_name I-radio_name I-music_descriptor B-artist_name I-artist_name
how many tornadoes have there been this month,B-news_topic B-date I-date,B-date B-event_name B-news_topic I-news_topic B-news_topic B-news_topic B-date I-date
please purchase a train ticket for this weekend,B-transport_type B-time,B-player_setting B-event_name B-event_name B-transport_type B-transport_type B-place_name B-timeofday I-date
what's up olly,,B-person B-person B-person
book an uber to pick me up now,B-transport_agency,B-media_type B-transport_agency B-transport_agency B-transport_agency B-place_name B-place_name I-event_name I-event_name
search my calendar for my next event and notify me before it <unk>,B-time,I-podcast_name B-playlist_name B-event_name I-event_name B-time B-podcast_descriptor I-time I-time B-person I-person B-person I-time B-event_name
tell me how to make a poor boy sandwich,B-food_type I-food_type I-food_type,B-event_name B-personal_info B-definition_word B-list_name B-food_type B-food_type B-food_type I-food_type I-food_type
silence speakers,,B-person B-music_genre
news from cnn,B-media_type,I-media_type B-media_type B-media_type
make me a cup of coffee with <unk> <unk> <unk> cream,B-coffee_type I-coffee_type I-coffee_type I-coffee_type,B-food_type B-media_type B-time B-coffee_type B-coffee_type B-coffee_type I-coffee_type I-coffee_type I-coffee_type I-person I-person
why does <unk> <unk> look so young,B-person I-person,B-song_name B-event_name B-definition_word I-person B-definition_word B-definition_word B-definition_word
information of recent events,,B-player_setting I-event_name B-event_name I-event_name
do i have any incoming emails,,I-list_name B-cooking_type B-personal_info B-event_name B-event_name I-event_name
please remove my list of favorite albums,B-list_name I-list_name,B-player_setting B-event_name B-list_name B-list_name I-list_name B-list_name I-list_name
start the <unk> playlist,B-playlist_name I-playlist_name,B-player_setting B-audiobook_name B-device_type I-playlist_name
i want the smart socket off now,B-device_type I-device_type,B-cooking_type B-date B-audiobook_name B-device_type I-device_type I-device_type I-device_type
do i have a meeting this afternoon,B-event_name B-timeofday I-timeofday,I-list_name B-cooking_type B-personal_info B-list_name B-event_name B-date I-timeofday
send email to new contact,,B-event_name B-personal_info B-relation B-relation I-person
can you tell me about the traffic,,B-business_type B-player_setting B-definition_word B-order_type B-definition_word B-definition_word B-business_type
turn off eight am alarm,B-time I-time,B-player_setting B-device_type B-time I-time I-time
make coffee at three,B-time,B-food_type B-device_type B-time B-time
what day of the week is first april,B-date I-date,B-business_type B-date I-date I-date I-date B-event_name B-date I-date
play an fm,,B-song_name B-music_genre B-radio_name
please tell me what alarms are on,,B-player_setting B-person B-personal_info B-definition_word B-definition_word B-ingredient B-event_name
what shops are near me,B-business_type,B-business_type B-business_type B-weather_descriptor B-place_name B-place_name
do you have a boyfriend,,I-list_name I-list_name B-food_type B-list_name B-event_name
convert eight am manila time to new york time,B-time I-time B-place_name B-place_name I-place_name,B-event_name B-time I-time B-place_name I-place_name B-place_name B-place_name I-place_name I-place_name
turn on a country music station,B-music_genre,B-player_setting I-player_setting B-music_genre B-music_genre I-music_genre I-device_type
detail for stock price,,B-event_name I-event_name B-business_name B-business_name
play <unk> <unk> anything,B-artist_name I-artist_name,B-song_name B-song_name I-artist_name I-game_name
remind me tomorrow at ten am about the meeting,B-date B-time I-time B-event_name,B-event_name B-event_name B-date B-date B-time I-time I-time B-event_name B-event_name
please email my team,B-relation,B-player_setting B-personal_info B-relation B-relation
send complaint via tweet to j <unk>,B-media_type B-business_name I-business_name,B-event_name B-business_name B-business_name B-media_type B-business_name B-business_name I-business_name
add meeting reminder for sunday with my <unk> in law,B-event_name B-date B-relation I-relation I-relation,B-event_name B-event_name I-event_name I-event_name B-date I-event_name B-relation B-relation B-time I-time
order a train ticket to boston,B-transport_type B-place_name,B-food_type B-food_type B-transport_type B-transport_type B-transport_type B-place_name
give me some good sounds,,B-personal_info B-personal_info B-music_genre B-music_genre B-food_type
i want to hear a joke,,B-cooking_type B-date B-list_name B-song_name B-song_name B-joke_type
what is the commute time to the theater,B-place_name,B-business_type B-person B-definition_word B-personal_info I-time_zone B-place_name B-place_name B-place_name
top model car,,B-music_descriptor B-music_descriptor B-news_topic
i need a meeting to be schedule with this person,B-event_name,B-cooking_type B-weather_descriptor B-weather_descriptor B-event_name B-event_name B-date B-weather_descriptor I-event_name B-date I-date
how's the weather like in new jersey,B-place_name,B-radio_name B-audiobook_name B-radio_name B-radio_name I-radio_name B-place_name I-place_name
which bar has the most affordable drinks near sixth street,B-place_name I-place_name,B-player_setting B-business_type B-person B-weather_descriptor B-business_type I-food_type I-food_type I-food_type B-place_name I-place_name
turn off kitchen light,B-house_place,B-player_setting B-device_type B-house_place I-device_type
remind me to take my medicine at nine am,B-event_name B-time I-time,B-event_name B-event_name B-event_name B-event_name I-event_name I-event_name I-event_name B-time I-time
please check my reminders,,B-player_setting B-event_name B-relation B-event_name
ticket for delhi,B-place_name,B-date B-time B-place_name
turn off the bathroom lights,B-house_place,B-player_setting B-device_type B-device_type B-house_place I-device_type
what's the latest news from <unk>,,B-person B-audiobook_name B-news_topic B-news_topic B-media_type B-media_type
post complaint about service a,,B-food_type B-media_type B-business_name B-business_name I-business_name
please clean my shopping list,B-list_name,B-player_setting B-player_setting B-house_place B-list_name I-list_name
any new email since last time,,B-event_name B-place_name B-personal_info B-person B-date B-person
reply an email to jason that i will not come tonight,B-person B-timeofday,B-date B-date B-personal_info B-relation B-person I-person I-person B-date B-event_name I-event_name I-event_name
what was elvis <unk> birthday,B-person I-person I-person,B-business_type B-person B-person I-person I-person
check mail for anything from <unk>,B-person,B-media_type B-personal_info I-event_name B-person B-list_name B-person
what is the time in beijing,B-place_name,B-business_type B-person B-definition_word B-transport_type B-place_name B-place_name
has jane doe emailed me,B-person I-person,B-person B-person I-person I-person I-person
delete all events from my calendar,,B-event_name B-event_name I-event_name I-event_name B-list_name I-event_name
math,,B-weather_descriptor
what is the weather for this week,B-date I-date,B-business_type B-person B-definition_word B-transport_type B-place_name B-date I-date
search for local shops,,I-podcast_name B-game_name B-time B-business_type
play song next,,B-song_name B-song_name B-podcast_descriptor
tell me current time in los <unk>,B-place_name I-place_name,B-event_name B-personal_info I-business_name B-person B-place_name B-place_name I-place_name
set event date in calendar with others,,I-time B-event_name B-event_name I-event_name I-event_name I-event_name B-person
book a train ticket from baltimore maryland to new york new york,B-transport_type B-place_name I-place_name B-place_name I-place_name I-place_name I-place_name,B-media_type B-transport_type B-transport_type B-transport_type B-place_name B-place_name I-place_name I-place_name B-place_name I-place_name B-place_name I-place_name
what will the weather be tomorrow,B-date,B-business_type B-business_type B-weather_descriptor B-weather_descriptor B-weather_descriptor B-date
set reminder for noon to get lunch with boss,B-timeofday B-event_name I-event_name I-event_name,I-time B-event_name B-time B-timeofday B-event_name B-event_name B-event_name I-event_name B-relation
any mail from amazon today,B-person B-date,B-event_name B-event_name B-person B-business_name B-date
give me the definition for the word pontificate,B-definition_word,B-personal_info B-personal_info B-audiobook_name B-definition_word B-definition_word B-definition_word B-definition_word B-definition_word
take out available <unk>,B-business_name,B-order_type I-order_type B-order_type I-person
what is my schedule for the day,B-date I-date,B-business_type B-person B-relation B-relation I-relation B-date B-date
where was steve jobs born,B-person I-person,B-business_type B-person B-person I-person I-person
what's <unk> email,B-person,B-person B-person B-personal_info
send an email to jake to tell him thank you,B-person,B-event_name B-date B-personal_info B-relation B-person B-relation B-person I-person I-person I-person
please book a train ticket from london to manchester,B-transport_type B-place_name B-place_name,B-player_setting B-media_type B-time B-transport_type B-transport_type B-place_name B-place_name B-place_name B-place_name
play the beatles,B-artist_name,B-song_name B-audiobook_name B-artist_name
can you put on love playlist,B-playlist_name I-playlist_name,B-business_type B-player_setting B-player_setting B-radio_name B-song_name I-playlist_name
quiet mode on until i am home from work,,B-artist_name B-time B-radio_name B-time B-media_type I-time B-event_name B-list_name B-list_name
what color is a <unk> <unk>,,B-business_type B-definition_word B-person B-definition_word B-definition_word I-definition_word
web <unk>,,I-business_name B-place_name
run the vacuum,B-device_type,B-date B-date B-device_type
i want you to make alert in the evening about upcoming meeting,B-timeofday B-event_name,B-cooking_type B-date B-player_setting B-list_name B-food_type B-food_type B-time B-house_place B-timeofday I-house_place B-media_type B-event_name
remove tuesday alarm of nine am,B-date B-time I-time,B-list_name B-date I-date B-time B-time I-time
new meeting add bill and <unk> as <unk>,B-event_name B-person I-person I-person,B-place_name B-event_name B-event_name B-person I-person B-person B-person B-relation
check if <unk> alarm is set,,B-media_type B-media_type B-business_name I-business_name B-person B-person
start music app and play a song for me,,B-player_setting B-media_type I-app_name I-playlist_name I-player_setting I-song_name B-song_name B-song_name I-song_name
put on the vacuum on now and clean the living room,B-device_type B-house_place I-house_place,B-player_setting I-player_setting B-audiobook_name B-device_type I-device_type I-device_type I-device_type I-radio_name I-device_type B-house_place I-house_place
what's the sum of the two numbers four and six,,B-person B-audiobook_name B-news_topic I-audiobook_name B-definition_word I-audiobook_name I-audiobook_name I-audiobook_name I-audiobook_name I-audiobook_name
play for me the music by the beatles,B-artist_name I-artist_name,B-song_name B-game_name B-artist_name I-song_name I-music_genre B-artist_name B-artist_name B-artist_name
add a new email for julie smith,B-person I-person,B-event_name B-event_name B-event_name B-personal_info B-personal_info B-person I-person
how to get <unk>,,B-date B-list_name B-place_name B-place_name
olly tell me a joke,,B-transport_type B-business_name B-personal_info B-joke_type B-joke_type
my <unk> is to listen to some country music,B-music_genre,B-relation B-list_name B-date B-list_name B-artist_name B-list_name B-music_genre B-music_genre I-music_genre
it's time for junk food,B-food_type,B-song_name B-person B-time B-place_name I-food_type
switch off the <unk> bedroom,B-house_place I-house_place,B-device_type B-device_type B-device_type B-device_type B-house_place
<unk> to diet,,B-event_name B-list_name B-person
do you recommend an <unk>,B-weather_descriptor,I-list_name I-list_name I-song_name B-event_name B-event_name
play country radio,B-radio_name I-radio_name,B-song_name B-music_genre I-radio_name
alexa start from my last session of joes book,B-player_setting B-audiobook_name I-audiobook_name,B-business_name B-player_setting I-player_setting B-playlist_name I-player_setting I-radio_name I-audiobook_name B-audiobook_name I-audiobook_name
list all the lists on this device,,I-list_name B-event_name B-list_name B-event_name I-event_name B-date I-definition_word
show me my events,,B-food_type B-personal_info B-list_name B-place_name
disable smart socket,B-device_type I-device_type,B-event_name B-device_type I-device_type
start coffee at six am,B-time I-time,B-player_setting B-device_type I-audiobook_name B-time I-time
find a taxi to book,B-transport_type,I-business_type B-business_type B-transport_type B-transport_type B-place_name
what's in my inbox since we last <unk>,B-email_folder,B-person B-person B-place_name B-email_folder B-email_folder I-music_descriptor B-date I-time
decrease brightness of lights,,B-business_name B-player_setting I-player_setting I-device_type
i need a recipe that is from ingredients on my shopping list,B-list_name,B-cooking_type B-weather_descriptor B-weather_descriptor B-food_type B-food_type B-food_type B-place_name B-business_name I-place_name B-media_type B-list_name B-list_name
what is the news from that newsource,B-media_type,B-business_type B-person B-definition_word B-news_topic B-media_type B-media_type B-media_type
song info,,I-player_setting B-song_name
how big is the <unk>,,B-date B-date B-person B-place_name B-weather_descriptor
what is the interview time from yesterday's email,B-date I-date,B-business_type B-person B-definition_word B-personal_info I-time_zone B-transport_type B-transport_type B-personal_info
resume the playback of a child called it,B-player_setting,B-player_setting B-audiobook_name I-audiobook_name I-audiobook_name I-audiobook_name I-audiobook_name I-audiobook_name I-audiobook_name
i have a function at washington tomorrow remind it,B-event_name B-place_name B-date,B-cooking_type B-food_type B-list_name B-event_name I-event_name B-place_name B-date I-time B-date
erase all the events,,B-date B-event_name B-device_type B-date
what is going on in the world today,B-date,B-business_type B-person B-business_name B-news_topic B-date B-place_name B-place_name B-date
if a pencil cost four dollars and a book ten dollars cost how much i should pay if i buy two pencil and three book,,B-media_type B-list_name B-food_type I-food_type I-food_type I-food_type I-food_type I-food_type I-food_type B-time I-music_descriptor I-music_descriptor I-music_descriptor I-transport_name B-cooking_type B-cooking_type B-currency_name B-cooking_type B-cooking_type B-weather_descriptor B-food_type B-food_type I-food_type B-time I-food_type
set a reminder about todays <unk> meeting at four,B-date B-event_name I-event_name B-time,I-time B-event_name B-event_name B-event_name B-date I-date B-event_name B-event_name B-time
does the weather call for rain saturday,B-weather_descriptor B-date,B-event_name B-date B-transport_type B-event_name I-business_name B-weather_descriptor B-date
show me events in sacramento,B-place_name,B-food_type B-personal_info B-date B-time B-place_name
set a repeating reminder alarm for the facebook event i have to attend on seventh april,B-media_type B-date I-date,I-time B-event_name B-event_name I-event_name I-event_name I-event_name B-time B-media_type B-event_name B-event_name B-event_name B-event_name B-event_name B-event_name B-date B-date
cut the songs in this <unk>,,B-device_type B-audiobook_name B-device_type B-time B-house_place B-house_place
power off please,,B-place_name B-device_type B-device_type
what reminders do i still have,,B-business_type B-event_name B-person I-person B-person B-food_type
write a reply to my mother's email,B-relation I-relation,B-business_name B-list_name B-definition_word B-definition_word B-relation I-relation I-relation
please play only music of pop <unk>,B-music_genre I-music_genre,B-player_setting B-artist_name B-artist_name I-music_genre I-song_name B-music_genre I-music_genre
play britney spears live concert series,,B-song_name B-artist_name I-artist_name I-artist_name I-music_descriptor I-music_descriptor
hey olly turn off the light please,,B-time B-transport_type B-player_setting B-device_type B-device_type B-device_type I-device_type
what is four plus five,,B-business_type B-person B-time I-person I-person
please set lunch meeting at twelve pm for every wednesday in march,B-event_name I-event_name B-time I-time B-general_frequency I-general_frequency B-date,B-player_setting B-device_type B-meal_type I-event_name I-event_name B-time I-time I-time B-general_frequency I-general_frequency I-general_frequency B-date
delete my list,,B-event_name B-event_name B-list_name
reply to the mail with the following content hello you,,B-date B-list_name B-place_name B-relation B-person B-relation B-time I-relation I-person B-email_address
what does my schedule look like today,B-date,B-business_type B-definition_word B-relation B-relation B-definition_word B-definition_word B-date
please check my emails for me,,B-player_setting B-event_name B-relation B-relation B-time B-time
post a tweet as follows very bad follow up by abc company not <unk> in my account,B-media_type,B-food_type B-list_name B-media_type B-business_name I-business_name I-business_name I-business_name I-business_name I-business_name I-business_name B-artist_name I-business_name I-business_name I-game_name I-event_name B-place_name B-place_name
my day was full of work olly,,B-relation B-date B-date B-person I-date B-event_name I-place_name
set up a notification about tomorrow's meeting at ten,B-date I-date B-event_name,I-time B-event_name B-event_name B-time B-event_name B-date I-date B-event_name B-time
start playing ringcast,B-podcast_name,B-player_setting I-player_setting B-audiobook_name
anything interesting going on in the bay area,B-place_name I-place_name,B-place_name I-place_name B-weather_descriptor B-media_type B-date B-place_name B-place_name I-place_name
pandora,,B-app_name
what size is a <unk> <unk>,,B-business_type B-definition_word B-person B-definition_word B-definition_word I-definition_word
how many plays has patrick stewart been in,B-person I-person,B-date B-event_name B-currency_name B-person B-person I-person B-date B-time
why are <unk> big,,B-song_name B-event_name I-event_name I-event_name
will i need to carry around a <unk> today,B-date,B-date B-weather_descriptor B-weather_descriptor B-weather_descriptor B-weather_descriptor B-weather_descriptor B-weather_descriptor B-weather_descriptor B-date
two by two is,,B-time B-time B-time B-person
what is the weather in beijing,B-place_name,B-business_type B-person B-definition_word B-transport_type B-place_name B-place_name
for every odd <unk> sunday set a reminder for,B-general_frequency I-general_frequency I-general_frequency,B-time B-general_frequency I-general_frequency I-general_frequency B-date I-date B-event_name B-event_name B-date
hey olly chance the current light settings,,B-time B-transport_type B-weather_descriptor B-weather_descriptor B-time I-device_type I-device_type
notify me when <unk> emails me,B-person,B-time B-time B-event_name B-event_name I-event_name I-event_name
delete all lists,,B-event_name B-event_name I-event_name
what's two plus two,,B-person B-date I-audiobook_name I-audiobook_name
when is easter in the year two thousand and eighteen,B-event_name B-date I-date I-date I-date,B-event_name B-event_name B-event_name B-time B-place_name B-time B-time I-time I-time I-date
did i get an email from paul,B-person,B-person B-date B-event_name B-event_name B-personal_info B-person B-person
i like the songs of <unk> please play it,B-artist_name,B-cooking_type B-music_genre B-audiobook_name B-music_genre I-music_descriptor B-music_descriptor I-artist_name B-song_name B-artist_name
is calendar event true,,B-person B-event_name B-event_name B-event_name
brightness ninety percent,B-change_amount I-change_amount,B-player_setting B-radio_name I-radio_name
please show today meeting with clients,B-date B-relation,B-player_setting B-event_name B-date B-event_name B-event_name B-relation
alexa remove dinner with mike from my calendar,B-meal_type B-person,B-business_name B-list_name B-meal_type I-event_name B-person B-person B-relation B-relation
does the nearby dominos have delivery,B-business_name,B-event_name B-date B-event_name I-business_name I-business_name B-order_type
play all music by billy joel,B-artist_name I-artist_name,B-song_name B-song_name B-device_type B-artist_name B-artist_name I-artist_name
make the house lights amber at six pm,B-house_place B-color_type B-time I-time,B-food_type B-audiobook_name B-house_place I-device_type B-color_type B-time B-time I-time
can you change the volume at,,B-business_type B-player_setting B-player_setting B-device_type B-device_type B-change_amount
post my latest entry to twitter @nsa,B-media_type B-business_name,B-food_type B-list_name I-media_type B-news_topic B-list_name B-media_type B-media_type
play best friends by <unk>,B-song_name I-song_name B-artist_name,B-song_name B-radio_name B-music_genre B-change_amount B-artist_name
is my reminder alarm set for dance class,B-event_name I-event_name,B-person B-relation B-list_name B-event_name B-event_name I-event_name B-event_name I-event_name
delete the first item on the list,,B-event_name B-event_name B-date I-date B-event_name B-event_name B-list_name
i want to see the next podcast available,B-podcast_descriptor I-podcast_descriptor,B-cooking_type B-date B-list_name B-person B-food_type B-podcast_descriptor I-podcast_descriptor I-podcast_descriptor
open <unk> post picture name,B-media_type,B-player_setting B-game_name I-media_type I-audiobook_name I-audiobook_name
check for new email,,B-media_type I-event_name B-place_name B-personal_info
can you remind my next meeting with my boss one hour before it will happen,B-event_name B-relation B-time I-time,B-business_type B-player_setting B-event_name B-event_name B-event_name B-event_name I-event_name B-relation B-relation B-time I-time I-time I-time B-date B-person
show me the events in my work calendar for next week,B-event_name B-date I-date,B-food_type B-personal_info B-date B-date B-time B-place_name B-list_name I-list_name B-date B-date I-date
please add my pay days,B-event_name I-event_name,B-player_setting B-event_name B-event_name B-event_name I-list_name
erase all the events in the calendar,,B-date B-event_name B-device_type B-date B-time B-place_name B-place_name
do you know the weather,,I-list_name I-list_name B-person B-definition_word B-weather_descriptor
what does celebrity do,,B-business_type B-definition_word B-definition_word I-definition_word
tell me when i have an event,,B-event_name B-personal_info B-person B-place_name B-food_type B-event_name B-event_name
who wrote this song,,B-person B-podcast_descriptor B-date I-date
what time is it in austin,B-place_name,B-business_type B-person B-event_name B-event_name B-place_name B-place_name
what is <unk> current price,B-business_name,B-business_type B-person B-person I-person B-news_topic
current time in,,I-news_topic I-time B-time
can you tell me the time it is,,B-business_type B-player_setting B-definition_word B-order_type B-definition_word B-event_name B-place_name B-date
can you lower the lights,,B-business_type B-player_setting B-player_setting B-audiobook_name B-device_type
remove pencil from <unk>,B-list_name,B-list_name B-list_name B-list_name B-list_name
what is the traffic like on my commute home at five,B-place_name B-time,B-business_type B-person B-definition_word B-business_type B-place_name I-date B-place_name I-place_name I-place_name I-place_name B-time
has john sent me an email,B-person,B-person B-person I-person I-person B-event_name B-personal_info
go backward thirty seconds,B-player_setting I-player_setting B-time I-time,B-player_setting I-player_setting B-time I-time
play music from my rock list,B-playlist_name I-playlist_name,B-song_name B-media_type B-playlist_name B-playlist_name B-music_genre I-playlist_name
do you know jessica <unk> phone number,B-person I-person I-person,I-list_name I-list_name B-person B-person I-person B-personal_info I-personal_info
call for takeout,B-order_type,B-event_name B-business_name B-person
s,,B-business_name
today i had a meeting with george,B-date B-event_name B-person,B-date B-date B-time B-time B-event_name I-event_name B-person
what is the fastest way to get to starbucks,B-business_name,B-business_type B-person B-definition_word B-personal_info I-person B-list_name B-food_type B-list_name B-business_name
get hourly notification on sports news,B-general_frequency B-news_topic,B-event_name B-date B-date B-date B-news_topic B-news_topic
current song playing what is it,,I-news_topic B-song_name B-song_name B-song_name B-event_name B-definition_word
where did mahatma gandhi born,B-person I-person,B-business_type B-person B-person I-person I-person
are sunglasses a good choice for today,B-weather_descriptor B-date,B-list_name I-weather_descriptor B-list_name B-joke_type B-transport_descriptor I-event_name B-date
what region is miami located,B-place_name,B-business_type B-definition_word B-person B-person I-person
what do you know about <unk> in edinburgh next year,B-event_name B-place_name B-date I-date,B-business_type I-list_name B-food_type B-person B-person B-person B-place_name B-place_name B-time I-date
play for me music by the beatles,B-artist_name,B-song_name B-game_name B-artist_name B-music_genre B-artist_name B-artist_name B-artist_name
if it's five am in berlin what time is it here,B-time I-time B-place_name,B-media_type B-business_name B-time I-time B-time B-place_name B-place_name I-place_name B-event_name B-weather_descriptor B-place_name
i had a bad day,,B-cooking_type B-weather_descriptor B-time B-joke_type I-weather_descriptor
how old is <unk> <unk>,B-person I-person,B-date B-personal_info B-person B-person I-person
check the dish price and all,B-food_type,B-media_type B-game_name B-list_name B-personal_info B-person B-person
i want an alarm for three today,B-time B-date,B-cooking_type B-date B-event_name B-time B-time B-time B-date
remove meeting reminder for tuesday,B-event_name B-date,B-list_name B-event_name I-event_name I-event_name B-date
notify me about the event in my calendar,,B-time B-time B-person B-news_topic B-event_name B-time B-place_name I-event_name
how many phone numbers do i have for <unk>,B-personal_info I-personal_info B-person,B-date B-event_name B-personal_info B-person B-person I-person I-person B-person B-person
can you please play <unk> <unk>,B-artist_name I-artist_name,B-business_type B-player_setting B-event_name B-artist_name B-song_name I-artist_name
find the recipe for <unk> in <unk> application,B-food_type B-app_name,I-business_type B-business_type B-food_type B-food_type B-food_type I-food_type B-food_type I-food_type
are there any <unk> fairs happening in this area,B-event_name I-event_name,B-list_name B-event_name B-event_name B-event_name I-event_name I-event_name B-place_name B-date I-place_name
important house information,,B-time B-house_place B-media_type
what time is my appointment on april fourth,B-event_name B-date I-date,B-business_type B-person B-event_name B-event_name B-event_name I-event_name B-date I-date
what's happening in the news,,B-person B-person B-event_name B-place_name B-news_topic
start the next episode,B-podcast_descriptor I-podcast_descriptor,B-player_setting B-audiobook_name B-podcast_descriptor I-podcast_descriptor
ok google where does <unk> <unk> live,B-person I-person,I-email_address B-business_name B-business_name B-person B-person I-person I-place_name
what is a <unk> <unk> filter and would i want a <unk> one or a <unk> one also which would be better in style between the <unk> on one and the square ones,,B-business_type B-person B-definition_word B-definition_word I-definition_word I-definition_word I-definition_word I-definition_word I-place_name B-food_type B-list_name B-food_type I-food_type I-food_type I-date B-business_name I-business_name I-business_name I-business_name I-order_type I-business_name I-order_type I-weather_descriptor B-place_name B-place_name B-time B-place_name I-place_name B-date I-date I-date I-place_name I-place_name
what times are my alarms set for,,B-business_type B-person B-place_name B-list_name B-time I-time B-time
read back my grocery list to me,B-list_name,B-player_setting I-player_setting B-list_name B-list_name B-list_name B-list_name B-list_name
what was the last movie will smith was in,B-person I-person,B-business_type B-person B-date B-date B-event_name I-event_name I-person B-date B-time
recommend a movie for me,,B-time B-time B-event_name I-event_name I-event_name
what store is having sales tomorrow,B-date,B-business_type B-definition_word B-person B-place_name I-person B-date
tell me my options for a train to los angles next wednesday or thursday,B-transport_type B-place_name I-place_name B-date B-date,B-event_name B-personal_info B-relation B-relation I-relation B-time B-transport_type B-transport_type B-place_name I-place_name B-date B-date I-date B-date
by get <unk>,,B-artist_name B-artist_name I-artist_name
olly tweet a message to <unk> and tell them my service is bad,B-media_type B-business_name,B-transport_type B-media_type B-business_name B-business_name B-business_name B-business_name I-business_name I-business_name I-business_name I-business_name I-business_name I-business_name I-business_name
hey send a meeting invite to mr ross for this friday's meeting and block my calendar for friday afternoon,B-event_name B-person I-person B-date I-date I-date B-date,B-time B-event_name B-definition_word B-event_name B-person B-definition_word B-person I-person B-time B-date I-date I-date I-date I-date B-relation B-relation B-time B-date B-timeofday
drive the car and bring my friends over,,B-radio_name B-date B-transport_type I-date B-device_type B-device_type B-list_name I-device_type
reply thank you to john,B-person,B-date B-person I-person B-list_name B-person
what is the time in las vegas,B-place_name I-place_name,B-business_type B-person B-definition_word B-transport_type B-place_name B-place_name I-place_name
create reminder for laundry at eight pm,B-time I-time,B-place_name I-time B-time B-event_name B-event_name B-time I-time
check stock price for <unk> donuts,B-business_name I-business_name,B-media_type B-media_type B-business_name B-business_name B-business_name I-business_name
no lights in the kitchen,B-house_place,B-date I-device_type B-time B-house_place B-house_place
set a reminder to notify me one hour before lunch meeting,B-event_name I-event_name,I-time B-event_name B-event_name B-event_name B-event_name I-relation B-time I-time I-time B-meal_type I-event_name
play the second song from <unk> song,B-artist_name I-artist_name,B-song_name B-audiobook_name I-audiobook_name I-song_name I-song_name B-artist_name I-song_name
set an alarm for tomorrow at six in the morning,B-date B-time B-timeofday,I-time B-event_name B-event_name B-time B-date B-date B-time I-time I-time B-timeofday
olly what events are happening in pondichery this weekend,B-place_name B-date I-date,B-transport_type B-person B-date B-weather_descriptor B-weather_descriptor B-time B-place_name B-date I-date
play jingle bells,B-song_name I-song_name,B-song_name B-song_name I-song_name
how cold is today,B-weather_descriptor B-date,B-date B-weather_descriptor B-weather_descriptor B-date
read my grocery list,B-list_name,B-player_setting B-list_name B-list_name I-list_name
do i have any new email from joe,B-person,I-list_name B-cooking_type B-personal_info B-event_name B-place_name B-personal_info B-person B-person
can you tell me a little about yourself,,B-business_type B-player_setting B-definition_word B-order_type B-definition_word B-definition_word B-definition_word B-place_name
remove from calendar my medical appointment for today,B-event_name I-event_name B-date,B-list_name B-list_name B-event_name B-list_name B-event_name I-event_name I-event_name B-date
give the list of theaters in the vicinity,B-business_type B-place_name,B-personal_info B-audiobook_name B-list_name B-list_name B-list_name I-list_name B-list_name B-list_name
today is what date,B-date,B-date B-date B-person B-event_name
please check my emails and notify me if <unk> any new email,,B-player_setting B-event_name B-relation B-relation B-person B-person I-relation B-person B-person B-person B-event_name B-personal_info
tell me about the latest environmental news,B-news_topic,B-event_name B-personal_info B-definition_word B-definition_word B-news_topic B-news_topic B-news_topic
recipe please,,B-food_type B-player_setting
find <unk> free <unk> near me,B-business_type I-business_type I-business_type,I-business_type B-business_type B-place_name I-place_name I-place_name I-place_name
please add oranges to my grocery list,B-list_name,B-player_setting B-event_name B-event_name I-event_name B-list_name B-list_name I-list_name
i do not know how to answer this question you left a word or two out,,B-cooking_type I-list_name B-food_type B-person B-person B-weather_descriptor B-person B-date I-date I-date B-relation B-list_name B-food_type B-food_type B-food_type I-order_type
give me news from cnn,B-media_type,B-personal_info B-personal_info B-news_topic B-media_type B-media_type
how is the traffic at the moment,B-time I-time,B-date B-person B-date B-weather_descriptor B-place_name B-place_name B-place_name
show me recent emails,,B-food_type B-personal_info B-event_name B-personal_info
email form for <unk> vp,B-relation I-relation,B-personal_info B-relation I-event_name B-person I-person
please play <unk> it off by taylor <unk>,B-song_name I-song_name I-song_name B-artist_name I-artist_name,B-player_setting B-artist_name B-song_name I-song_name I-song_name B-artist_name B-artist_name I-artist_name
i'd like you to turn turn on the tv,,B-time I-time I-time B-change_amount B-device_type B-device_type I-player_setting B-audiobook_name B-device_type
will i need an umbrella this week,B-weather_descriptor B-date I-date,B-date B-weather_descriptor B-weather_descriptor B-weather_descriptor B-weather_descriptor B-timeofday I-date
what's the news for today,,B-person B-audiobook_name B-news_topic B-news_topic B-date
speaker volume increase,,B-device_type B-change_amount B-change_amount
give me the schedule for today's events,B-date I-date,B-personal_info B-personal_info B-audiobook_name B-artist_name B-person B-date I-date
did charlotte responded,B-person,B-person B-person I-person
should i wear raincoat before getting out,B-weather_descriptor,B-business_name B-cooking_type B-weather_descriptor B-weather_descriptor B-time I-time I-time
tell me that list i wrote two days ago,B-date I-date,B-event_name B-personal_info B-business_name I-list_name B-list_name B-event_name B-date I-date I-date
will trump visit russia <unk> soon,B-person B-place_name,B-date B-person B-person I-person I-news_topic I-event_name
let's hear some indie rock okay,B-music_genre I-music_genre,B-player_setting B-player_setting B-music_genre B-artist_name I-music_genre I-music_genre
front page news articles please,,B-time B-event_name I-media_type B-media_type I-news_topic
show me the available colours of lights,,B-food_type B-personal_info B-date B-personal_info I-personal_info I-personal_info B-place_name
change the lights to a different hue,,B-player_setting B-audiobook_name B-device_type B-change_amount B-change_amount I-change_amount I-color_type
any cultural events in california,B-place_name,B-event_name B-event_name I-event_name B-time B-place_name
make event,,B-food_type B-time
what is the latest story from fox news,B-media_type I-media_type,B-business_type B-person B-definition_word B-news_topic B-news_topic B-media_type B-media_type I-media_type
i want to listen radio,,B-cooking_type B-date B-list_name B-radio_name B-radio_name
remind me about this,,B-event_name B-event_name B-event_name B-date
locate the email to <unk> eagle and put it into my contact list,B-business_name I-business_name B-list_name I-list_name,B-player_setting B-audiobook_name B-personal_info B-list_name B-person I-person I-person B-person B-person I-list_name B-list_name B-list_name I-list_name
how long do i cook <unk>,,B-date B-place_name I-business_type B-place_name B-cooking_type B-food_type
set the <unk> audio setting,,I-time B-device_type B-device_type B-media_type B-event_name
it must be taste,,B-weather_descriptor B-weather_descriptor B-weather_descriptor B-weather_descriptor
birthday,B-event_name,B-event_name
hey has john sent me any email lately,B-person,B-time B-person B-person I-person I-person B-person B-personal_info B-person
book me a cab going to location,B-transport_type,B-media_type I-media_type B-transport_type B-transport_type B-weather_descriptor B-transport_type B-place_name
ask trivia questions,,B-media_type B-business_name I-business_name
do they deliver home,B-order_type,I-list_name B-cooking_type B-food_type B-place_name
more stock price,,B-media_type B-media_type B-business_name
thirty minute reminder on meeting for tuesday,B-time I-time B-date,B-time I-time I-time B-event_name B-event_name I-event_name B-date
what time is it in a city,B-place_name I-place_name,B-business_type B-person B-event_name B-event_name B-place_name B-place_name I-place_name
olly what's hot social media topics,,B-transport_type B-person B-weather_descriptor B-weather_descriptor I-media_type I-media_type
set a new alarm for that time,,I-time B-event_name B-event_name B-list_name I-event_name B-timeofday I-time
send a reply to mike with the answer four hundred and thirty from his email he sent this morning,B-person B-timeofday,B-event_name B-definition_word B-definition_word B-definition_word B-person I-person B-relation B-relation B-person B-time I-time I-time I-time B-person I-person I-person I-person B-date B-timeofday
remember how i fell about this song,,B-time B-person B-cooking_type B-food_type B-person B-date I-date
show me the answer for this problem two hundred and forty six plus six hundred and fifty four,,B-food_type B-personal_info B-date B-personal_info B-personal_info B-date I-date B-time B-time I-time I-time I-time I-time I-time I-time I-time I-time I-time
turn off <unk>,,B-player_setting B-device_type B-device_type
olly change the color of the lights,,B-transport_type B-player_setting B-place_name B-device_type B-house_place B-house_place B-device_type
please skip two songs,B-player_setting,B-player_setting B-player_setting B-time I-time
don't let me forget to buy a gift for my sister,,I-song_name I-song_name B-artist_name B-date I-song_name B-event_name B-event_name I-event_name I-event_name I-event_name B-relation
<unk> or heavy weather,B-weather_descriptor B-weather_descriptor,B-event_name I-weather_descriptor B-date B-date
turn the smart plug on,B-device_type I-device_type,B-player_setting B-audiobook_name B-device_type I-device_type I-device_type
play techno music,B-music_genre,B-song_name B-song_name I-music_genre
schedule a meeting event in my calendar,B-event_name,B-person B-event_name B-event_name I-event_name B-time B-place_name B-relation
show me my meeting for the next month,B-event_name B-date I-date,B-food_type B-personal_info B-list_name B-event_name I-event_name B-time B-time I-date
i want a coffee,,B-cooking_type B-date B-list_name B-device_type
where <unk> lives,B-person B-personal_info,B-business_type B-person I-person
directions please,,I-date I-date
play me a random song from my playlist,,B-song_name B-artist_name B-music_genre B-music_genre I-song_name I-song_name I-song_name I-playlist_name
send a reply if it is very important,,B-event_name B-definition_word B-definition_word B-person B-person B-person B-person I-person
do i have any new emails in the last hour,B-time I-time,I-list_name B-cooking_type B-personal_info B-event_name B-place_name B-personal_info B-time B-time B-time I-time
how much is a round trip train ticket to go to new york,B-transport_type B-place_name I-place_name,B-date B-currency_name B-currency_name B-definition_word B-definition_word I-food_type B-transport_type B-transport_type B-transport_type B-place_name B-place_name B-place_name I-place_name
how's the weather in the capital city,B-place_name I-place_name,B-radio_name B-audiobook_name B-radio_name B-time B-place_name B-place_name B-place_name
<unk> system,,B-event_name B-person
should i wear a jacket,B-weather_descriptor,B-business_name B-cooking_type B-weather_descriptor B-weather_descriptor B-weather_descriptor
are there any upcoming concerts by,B-event_name,B-list_name B-event_name B-event_name B-event_name B-event_name I-event_name
read some more of the <unk> <unk> book for me,B-player_setting B-audiobook_author I-audiobook_author B-media_type,B-player_setting B-music_genre B-media_type I-news_topic B-audiobook_name I-audiobook_name I-audiobook_name I-media_type I-event_name I-media_type
what's the next event at the library,,B-person B-audiobook_name B-podcast_descriptor B-event_name B-time B-place_name B-place_name
pull up <unk> email and write that i will let her know,B-person I-person,B-media_type B-game_name B-news_topic B-personal_info B-person B-person I-person I-person B-date B-event_name I-event_name I-event_name
my day was <unk> hard,,B-relation B-date B-date B-event_name I-event_name
what time have you set the alarm,,B-business_type B-person I-food_type B-food_type B-event_name B-device_type B-list_name
trump,,B-news_topic
report weather for <unk>,B-place_name,B-date B-date B-place_name B-place_name
invite people to the calendar event,,B-person B-person B-list_name B-place_name B-event_name I-event_name
show me the train schedules to the <unk> opera house,B-transport_type B-place_name I-place_name I-place_name,B-food_type B-personal_info B-date B-transport_type B-place_name I-business_type B-place_name B-place_name I-place_name I-place_name
i will require full <unk> jacket if it is too stormy in evening,B-weather_descriptor I-weather_descriptor I-weather_descriptor B-weather_descriptor I-weather_descriptor B-timeofday,B-cooking_type B-date B-weather_descriptor I-weather_descriptor I-weather_descriptor I-weather_descriptor I-place_name B-place_name B-time B-place_name I-place_name B-time B-timeofday
what times do my alarms go off,,B-business_type B-person I-list_name B-list_name B-list_name I-media_type I-place_name
facebook current stock rate,B-business_name,B-media_type B-media_type B-business_name B-business_name
<unk> about food processing,,B-event_name B-person B-order_type I-food_type
ok google what is a president,B-definition_word,I-email_address B-business_name B-definition_word B-person B-definition_word B-definition_word
who <unk> me yesterday,B-date,B-person B-person B-personal_info B-date
can i get takeout from pf changs,B-order_type B-business_name I-business_name,B-business_type B-cooking_type B-food_type B-order_type B-place_name B-business_name I-business_name
please show me any articles related to weather in the morning news,B-news_topic B-media_type I-media_type,B-player_setting B-event_name B-personal_info B-event_name B-media_type B-person I-event_name B-person B-time B-place_name B-timeofday I-media_type
make the lights pink,B-color_type,B-food_type B-audiobook_name B-device_type B-color_type
what music is currently playing on,,B-business_type B-definition_word B-person B-person I-person B-news_topic
set notifications on the current weather <unk> in america,B-event_name I-event_name B-place_name,I-time B-event_name B-event_name B-event_name B-event_name B-date B-place_name B-time B-place_name
what is the time difference between here and japan,B-place_name,B-business_type B-person B-definition_word B-transport_type B-time_zone B-time_zone B-time_zone I-date B-place_name
wanna netflix and chill,,B-time B-app_name I-food_type I-audiobook_name
show meetings,B-event_name,B-food_type B-event_name
olly turn the light off in the living room,B-house_place I-house_place,B-transport_type B-player_setting B-audiobook_name B-device_type I-device_type B-house_place B-house_place B-house_place I-house_place
tell me about my alarms,,B-event_name B-personal_info B-definition_word B-relation I-definition_word
what is the exchange rates in this region,,B-business_type B-person B-definition_word B-currency_name I-currency_name B-currency_name B-date I-date
what events are happening soon,B-time,B-business_type B-date B-weather_descriptor B-weather_descriptor B-time
are <unk> any new emails for me today,B-date,B-list_name B-relation B-person B-place_name B-personal_info B-person B-person B-date
could you please play the classical music for me,B-music_genre,B-meal_type B-player_setting B-event_name B-artist_name B-audiobook_name B-music_genre I-music_genre I-music_genre B-artist_name
don't talk until i ask you to,,I-song_name I-song_name B-time B-timeofday B-event_name B-event_name B-list_name
how do i get home from here,B-place_name,B-date I-list_name B-cooking_type B-food_type B-place_name B-place_name B-place_name
what date is it today,B-date,B-business_type B-event_name B-event_name B-date B-date
delete events from calendar,,B-event_name B-event_name B-place_name B-app_name
did i set an alarm to have <unk> in the noon,B-event_name I-event_name I-event_name B-timeofday,B-person B-date B-artist_name B-event_name B-event_name I-event_name B-place_name I-event_name B-time B-time B-timeofday
hey olly please tell me the name of this song that is currently playing,,B-time B-transport_type B-player_setting B-place_name B-personal_info B-place_name B-timeofday I-business_type B-timeofday I-definition_word I-time B-event_name B-place_name I-person
alexa play song over the rainbow,B-song_name I-song_name I-song_name,B-business_name B-song_name B-song_name B-song_name I-song_name I-song_name
give me more light,,B-personal_info B-personal_info B-media_type B-media_type
read me new post on my feed,,B-player_setting B-media_type B-place_name I-media_type I-media_type B-media_type B-list_name
please tell me what is the definition of cylinder,B-definition_word,B-player_setting B-person B-personal_info B-definition_word B-person B-definition_word B-definition_word B-definition_word B-definition_word
where is the car,,B-business_type B-person B-place_name B-transport_type
start a vacuum cleaner,B-device_type I-device_type,B-player_setting B-player_setting B-device_type I-device_type
what is the population of new york,B-place_name I-place_name,B-business_type B-person B-definition_word B-personal_info I-news_topic B-place_name I-place_name
what is the event agenda,,B-business_type B-person B-definition_word B-event_name B-event_name
what time is it,,B-business_type B-person B-event_name B-event_name
can we go to sun,,B-business_type B-person B-player_setting B-list_name B-weather_descriptor
what are the latest crime statistics for me area,B-news_topic I-news_topic,B-business_type B-definition_word B-definition_word B-news_topic B-news_topic I-news_topic I-food_type B-personal_info B-person
list items on my work list,B-list_name,I-list_name B-list_name B-news_topic B-list_name B-list_name I-list_name
show me the latest emails from amazon,B-business_name,B-food_type B-personal_info B-date B-news_topic B-personal_info B-person B-business_name
bbc world headlines,B-media_type I-media_type,B-media_type B-place_name I-media_type
please play shape of you by ed sheeran,B-song_name I-song_name I-song_name B-artist_name I-artist_name,B-player_setting B-artist_name B-song_name I-song_name I-song_name I-song_name B-artist_name I-artist_name
make a coffee,,B-food_type B-time B-device_type
i need to add a new email to my contacts,,B-cooking_type B-weather_descriptor B-list_name B-event_name B-event_name B-event_name B-personal_info B-list_name B-relation B-relation
can you please advise,,B-business_type B-player_setting B-event_name B-event_name
what's the best way to <unk>,,B-person B-audiobook_name B-news_topic B-food_type B-business_type B-food_type
quiet,,B-artist_name
can i wear my sandals today,B-weather_descriptor B-date,B-business_type B-cooking_type B-weather_descriptor B-weather_descriptor B-weather_descriptor B-date
identify song,,B-event_name B-song_name
directions to disney land,B-place_name I-place_name,I-date B-list_name B-place_name I-place_name
tell me current events between yesterday and this morning,B-date B-timeofday,B-event_name B-personal_info I-business_name B-date B-date B-date I-date I-date B-timeofday
tomorrow's temperature is to be hot yes or no,B-date I-date B-weather_descriptor B-weather_descriptor,B-date B-weather_descriptor B-person B-place_name B-weather_descriptor B-weather_descriptor I-weather_descriptor I-weather_descriptor I-weather_descriptor
show me my alarms i have set,,B-food_type B-personal_info B-list_name B-event_name I-place_name B-personal_info I-time
remind me what i am doing on sunday afternoon,B-date B-timeofday,B-event_name B-event_name B-event_name B-date I-time B-event_name B-event_name B-date B-timeofday
any alarms currently listed,,B-event_name B-event_name I-person I-place_name
search to find current local time and time zone,,I-podcast_name B-list_name B-artist_name B-podcast_descriptor B-radio_name B-transport_type I-food_type B-place_name I-time_zone
report weather for thirty three thousand seven hundred and seventy four,,B-date B-date B-place_name B-time I-time I-time I-time I-time I-time I-date B-time
list exchange rate information for the day for u. s. d. to <unk>,B-currency_name I-currency_name I-currency_name B-currency_name,I-list_name B-currency_name B-currency_name B-currency_name I-currency_name B-currency_name B-time B-time B-currency_name I-currency_name I-currency_name I-currency_name B-currency_name
hey send email to john,B-person,B-time B-event_name B-personal_info B-relation B-person
what is the weather in <unk>,B-place_name,B-business_type B-person B-definition_word B-transport_type B-place_name B-place_name
what is the top <unk> in google today,B-date,B-business_type B-person B-definition_word B-place_name I-place_name I-event_name B-place_name B-date
delete all dates,,B-event_name B-event_name I-event_name
can you book a train ticket,B-transport_type,B-business_type B-player_setting B-media_type B-time B-transport_type B-transport_type
will you mark that i have a meeting with tom at three tomorrow,B-event_name B-person B-time B-date,B-date B-food_type B-event_name B-event_name B-event_name B-event_name B-event_name B-event_name I-event_name B-person B-person B-time B-date
where is the kiss concert,B-event_name I-event_name,B-business_type B-person B-place_name B-event_name I-event_name
will it rain now,B-weather_descriptor,B-date B-weather_descriptor B-weather_descriptor B-weather_descriptor
it would be great if can give you law <unk>,,B-weather_descriptor B-weather_descriptor B-weather_descriptor B-weather_descriptor B-weather_descriptor B-business_name B-business_type B-food_type B-food_type I-food_type
what movies are going around me,,B-business_type B-definition_word B-definition_word B-weather_descriptor B-weather_descriptor B-weather_descriptor
make it red in here,B-color_type,B-food_type B-weather_descriptor B-color_type B-time B-house_place
describe about the computer hard <unk>,B-definition_word I-definition_word I-definition_word,B-definition_word B-definition_word B-definition_word B-definition_word I-definition_word I-definition_word
coffee make now,,B-device_type B-device_type B-device_type
date today,B-date,B-event_name B-date
add broccoli to my grocery list,B-list_name,B-event_name B-event_name I-event_name B-list_name B-list_name I-list_name
did i receive any new email from robert,B-person,B-person B-date B-person B-artist_name B-event_name B-personal_info B-person B-person
what are my next three events,,B-business_type B-definition_word B-relation B-date B-time I-date
compose a new email to ray,B-person,B-event_name B-event_name B-media_type B-personal_info B-list_name B-person
tell interesting news,,B-event_name B-person I-media_type
how long will it take to get to the airport,B-place_name,B-date B-place_name B-place_name B-weather_descriptor B-order_type B-order_type B-place_name B-place_name B-place_name B-place_name
what is the definition of forensic,B-definition_word,B-business_type B-person B-definition_word B-definition_word B-definition_word B-definition_word
how much is one plus one,,B-date B-currency_name B-currency_name B-currency_name B-currency_name I-date
change volume settings in the negative alexa,,B-player_setting B-change_amount B-change_amount B-time B-place_name B-house_place I-place_name
olly play i can't feel my face,B-song_name I-song_name I-song_name I-song_name I-song_name,B-transport_type B-song_name B-song_name I-song_name I-song_name I-song_name I-song_name
do i have any notifications from social media,,I-list_name B-cooking_type B-personal_info B-event_name B-event_name B-person B-media_type I-media_type
where is the public library,B-business_type I-business_type,B-business_type B-person B-place_name B-place_name I-place_name
save this song to playlist,,B-device_type B-timeofday I-date B-list_name B-playlist_name
show me news about trump,B-news_topic,B-food_type B-personal_info B-news_topic B-news_topic B-news_topic
set my coffee machine,B-device_type I-device_type,I-time B-device_type B-device_type I-device_type
how can you get <unk>,,B-date B-business_type B-definition_word B-food_type I-event_name
is there any post from my friend mike in facebook,B-relation B-person B-media_type,B-person B-business_type B-business_type B-business_type B-place_name B-place_name B-relation B-person B-person B-media_type
rahul marriage reminder,B-person B-event_name,B-person B-event_name I-event_name
did anyone like my photo i just posted,,B-person B-person B-time I-event_name B-event_name I-event_name B-person I-media_type
send a twitter complaint,B-media_type,B-event_name B-definition_word B-media_type B-business_name
what do we have on new york <unk> front page,B-media_type I-media_type I-media_type I-media_type,B-business_type I-list_name B-person B-food_type I-news_topic B-place_name I-place_name I-place_name I-news_topic I-news_topic
please add complaint about the service in tweet to olive garden,B-media_type B-business_name I-business_name,B-player_setting B-event_name B-business_name B-definition_word B-definition_word B-business_name B-business_name B-media_type B-business_name B-business_name I-business_name
cut down the volume,,B-device_type B-time B-device_type B-change_amount
i never want to hear that song again,,B-cooking_type B-date B-event_name B-list_name B-song_name B-song_name I-song_name I-song_name
opinion pb,,B-place_name B-place_name
what's the latest news,,B-person B-audiobook_name B-news_topic B-news_topic
what is the size of the united states,,B-business_type B-person B-definition_word B-personal_info I-news_topic B-place_name B-currency_name I-place_name
how is it outside,,B-date B-person B-weather_descriptor B-weather_descriptor
play radio with <unk> songs,,B-song_name B-radio_name I-radio_name I-radio_name I-radio_name
do i have a grocery list ready,B-list_name,I-list_name B-cooking_type B-personal_info B-list_name B-list_name B-list_name B-list_name
fast,,B-movie_name
i'd like to set a date for this week,B-date,B-time I-time B-change_amount B-radio_name B-change_amount B-event_name I-event_name B-date I-date
remind me to start <unk> this afternoon at five,B-event_name B-time I-time I-time,B-event_name B-event_name B-event_name B-player_setting B-event_name B-date I-timeofday B-timeofday B-time
is there any special in <unk>,B-news_topic,B-person B-business_type B-business_type B-event_name I-event_name B-place_name
email my boss that i will be late today because of an <unk> and <unk> to him for <unk> the meeting,B-relation B-date B-event_name,B-personal_info B-relation B-relation I-relation B-timeofday B-date B-date B-weather_descriptor B-date B-time I-date B-event_name B-event_name I-event_name I-event_name I-event_name B-place_name I-event_name I-event_name I-event_name B-event_name
find the latest disney podcast,B-podcast_name,I-business_type B-business_type B-news_topic B-place_name I-news_topic
play racing,B-game_name,B-song_name B-song_name
show me painting exhibition in bay area,B-event_name I-event_name B-place_name I-place_name,B-food_type B-personal_info B-food_type I-news_topic B-time B-place_name I-place_name
i want it to remember my preferences and recommend me things based on them when i ask,,B-cooking_type B-date B-weather_descriptor B-change_amount B-place_name B-time B-event_name I-event_name I-event_name B-person B-person B-person B-event_name B-event_name I-event_name I-event_name I-event_name
hey what time is it in london now,B-place_name,B-time B-definition_word B-person B-event_name B-date B-place_name B-place_name I-place_name
how much is one american dollars worth in england,B-currency_name I-currency_name B-currency_name,B-date B-currency_name B-currency_name B-currency_name B-currency_name I-currency_name I-currency_name B-currency_name B-currency_name
i want more light,,B-cooking_type B-date B-media_type B-media_type
turn the plug off,,B-player_setting B-audiobook_name B-device_type I-device_type
delete my to <unk> for this week,B-list_name I-list_name I-list_name B-date,B-event_name B-event_name B-list_name B-event_name I-event_name B-date I-date
show me a video on cooking fried chicken,B-media_type B-food_type I-food_type,B-food_type B-personal_info B-list_name B-event_name I-event_name B-event_name I-date I-food_type
play <unk> pong,B-game_name I-game_name,B-song_name B-song_name I-game_name
can you please order some food for me,,B-business_type B-player_setting B-event_name B-event_name B-food_type B-food_type B-food_type B-food_type
can they do delivery,B-order_type,B-business_type B-food_type I-list_name B-order_type
how has your day been today,B-date,B-date B-person B-person I-person B-date B-date
meet with joe tomorrow at three,B-person B-date B-time,B-event_name B-person B-person B-date B-time B-time
create a notification reminder for meeting tomorrow,B-event_name B-date,B-place_name B-list_name B-time I-time I-event_name B-event_name B-date
start my playlist on i heart radio,B-radio_name I-radio_name I-radio_name,B-player_setting B-playlist_name B-playlist_name I-player_setting B-song_name I-radio_name I-radio_name
do not make any noise until morning alarm,B-timeofday,I-list_name B-media_type B-food_type B-event_name B-event_name I-event_name B-timeofday B-timeofday
what is the <unk> of x,,B-business_type B-person B-definition_word B-personal_info I-news_topic B-place_name
find me a chocolate cake recipe,B-food_type I-food_type,I-business_type B-personal_info B-place_name B-business_type I-food_type I-food_type
write and send email to my boss,B-relation,B-business_name I-radio_name B-business_name B-relation B-relation B-relation B-relation
plan for tomorrow,B-date,B-person I-event_name B-date
play podcast for the philadelphia <unk> content,B-podcast_name I-podcast_name I-podcast_name,B-song_name B-podcast_name B-podcast_name B-podcast_name B-podcast_name I-podcast_name I-podcast_name
what news has happened on cnn today,B-media_type B-date,B-business_type B-news_topic B-person I-person I-news_topic B-media_type B-date
what <unk> is a <unk> <unk> <unk>,B-definition_word I-definition_word I-definition_word,B-business_type B-definition_word B-person B-definition_word B-definition_word I-definition_word I-food_type
tweet that there was an <unk> in the chocolate <unk>,B-media_type,B-media_type B-business_name B-business_name I-business_name B-date B-event_name B-time B-place_name B-place_name I-place_name
can you tell me the contact information of jo,,B-business_type B-player_setting B-definition_word B-order_type B-definition_word B-personal_info B-personal_info I-personal_info B-person
is fongs <unk> in only,B-business_name,B-person B-business_name I-person B-place_name B-place_name
when can we eat,,B-event_name B-business_type B-business_type B-business_type
what is the date for next tuesday,B-date,B-business_type B-person B-definition_word B-event_name I-event_name B-date B-date
update to current time,,B-media_type B-list_name B-list_name B-event_name
quiet time,,B-artist_name B-person
please remind me to go to the post office,,B-player_setting B-event_name B-event_name B-event_name B-event_name I-event_name I-event_name B-event_name B-event_name
check my emails for something from name,,B-media_type B-relation B-relation B-time B-date B-person B-time
can you loop the playlist <unk>,B-playlist_name,B-business_type B-player_setting B-event_name B-audiobook_name B-device_type I-device_type
send an email to jerry ask what time will he be home tonight,B-person B-timeofday,B-event_name B-date B-personal_info B-relation B-person I-person B-person B-person I-person I-event_name I-event_name B-place_name B-timeofday
add event for meeting with james,B-event_name B-person,B-event_name B-event_name I-event_name B-event_name I-event_name B-person
alexa i've got dollars for the month how much can i spend every day this month,B-general_frequency I-general_frequency B-date,B-business_name B-business_name I-business_name I-business_name I-business_name B-food_type B-date I-food_type I-food_type B-business_name B-food_type B-food_type B-general_frequency B-general_frequency I-general_frequency B-date
remove milk from my grocery list,B-list_name,B-list_name B-event_name B-list_name B-list_name B-list_name I-list_name
i want to make this week's shopping list,B-time I-time B-list_name,B-cooking_type B-date B-list_name B-food_type B-timeofday I-date I-time B-list_name
tweet a message to <unk> that i am still waiting for my delivery,B-media_type B-business_name,B-media_type B-business_name B-business_name B-business_name B-business_name I-business_name I-business_name I-time B-event_name I-event_name I-event_name B-event_name I-event_name
why is the earth round,,B-song_name B-person B-date B-event_name I-personal_info
please start the coffee pot,B-device_type I-device_type,B-player_setting B-player_setting B-audiobook_name B-device_type I-device_type
how tall is brad pitt,B-person I-person,B-date B-person B-person B-person I-person
add a meeting at the office with brian for three pm on tuesday,B-event_name B-place_name B-person B-time I-time B-date,B-event_name B-event_name B-event_name B-event_name B-time B-place_name I-event_name B-person I-place_name B-time I-time B-event_name B-date
give me a cooking <unk>,,B-personal_info B-personal_info B-list_name B-event_name B-event_name
can you check the facts on this <unk>,,B-business_type B-player_setting B-event_name B-definition_word B-event_name I-event_name B-date I-date
what day does easter fall on,B-event_name,B-business_type B-date I-date B-event_name B-definition_word B-date
set reminder to <unk> the documents on tuesday morning,B-event_name I-event_name I-event_name B-date B-timeofday,I-time B-event_name B-event_name B-event_name I-event_name B-event_name B-event_name B-date B-timeofday
get me the latest stock price for <unk>,B-news_topic I-news_topic I-news_topic I-news_topic,B-event_name B-order_type B-place_name I-media_type B-news_topic B-business_name B-business_name B-business_name
play <unk> <unk> latest podcast,B-person I-person I-person,B-song_name B-song_name I-artist_name I-game_name I-podcast_name
how we can get credit,,B-date B-person B-business_type B-food_type I-food_type
how are you feeling today,B-date,B-date B-weather_descriptor B-food_type B-food_type B-date
what was the last email from work,,B-business_type B-person B-date B-date B-personal_info B-person B-personal_info
turn off the lights in the kitchen,B-house_place,B-player_setting B-device_type B-device_type B-device_type B-time B-house_place B-house_place
who is the music director of this song,,B-person B-person B-date B-news_topic I-news_topic B-artist_name B-date I-date
start playing,,B-player_setting I-player_setting
how old is emma <unk> newest boyfriend,B-person I-person,B-date B-personal_info B-person B-person I-person I-person I-person
new pop music,B-music_genre,B-place_name B-music_genre I-music_genre
send an email to <unk>,B-person,B-event_name B-date B-personal_info B-relation B-person
someone play the radio,,B-person B-song_name B-audiobook_name B-radio_name
change my light color to blue and please turn off the kitchen light,B-color_type B-house_place,B-player_setting B-place_name B-device_type B-color_type B-change_amount B-color_type B-color_type B-color_type B-house_place B-device_type B-device_type B-house_place I-device_type
fm ninety three point five radio songs,B-radio_name I-radio_name I-radio_name I-radio_name I-radio_name I-radio_name B-media_type,I-radio_name I-radio_name I-radio_name I-radio_name I-radio_name I-radio_name I-radio_name
i want to do laundry at eight pm create reminder,B-time I-time,B-cooking_type B-date B-list_name I-list_name B-food_type B-business_name B-time I-time I-time I-time
what time are the trains going to chennai leaving,B-place_name,B-business_type B-person I-event_name I-event_name I-event_name I-event_name B-place_name B-place_name I-place_name
turn on new smart socket,B-device_type I-device_type,B-player_setting I-player_setting B-media_type B-device_type I-device_type
hey olly do you like my girlfriend,B-relation,B-time B-transport_type I-list_name B-cooking_type B-color_type B-list_name B-list_name
are you aware this joke,,B-list_name B-food_type B-event_name B-date I-definition_word
alexa turn the lights down to seven,B-change_amount I-change_amount,B-business_name B-player_setting B-device_type B-device_type I-device_type B-change_amount I-change_amount
send an email to this contact,,B-event_name B-date B-personal_info B-relation B-date B-relation
only nine hundred and ninety nine fm is to be played on the radio,B-radio_name I-radio_name I-radio_name I-radio_name I-radio_name I-radio_name,I-weather_descriptor B-time I-time I-time I-radio_name I-radio_name I-radio_name I-radio_name B-list_name B-business_name B-weather_descriptor B-date B-date B-event_name
remind me of <unk> birthday twenty four hours in advance,B-person I-person B-event_name B-time I-time I-time I-time,B-event_name B-event_name B-event_name B-event_name I-person B-event_name B-date I-time B-time B-place_name
can you turn up your volume,,B-business_type B-player_setting B-player_setting I-player_setting B-event_name B-change_amount
olly i'm looking for a bar do you know a good one,B-business_type,B-transport_type B-business_type I-person I-business_name B-list_name B-business_type I-business_type B-food_type B-food_type B-food_type B-food_type B-food_type
dictate email,,B-person B-personal_info
tell me about trump,B-news_topic,B-event_name B-personal_info B-definition_word B-person
are you smart,,B-list_name B-food_type B-food_type
hey robot give me a list of ingredients for <unk> <unk>,B-food_type I-food_type,B-time B-device_type I-device_type B-personal_info B-time B-list_name B-list_name B-list_name B-list_name I-list_name I-list_name
vacation spots,,B-podcast_name B-podcast_name
open twitter type my complaint and post to <unk> service,B-media_type B-business_name I-business_name,B-player_setting B-media_type B-business_name I-business_name I-business_name I-business_name I-business_name I-business_name B-business_name I-business_name
why are we here,,B-song_name B-event_name B-person B-person
what is new news for today,B-date,B-business_type B-person B-place_name B-news_topic B-news_topic B-date
book a first class ticket in the next train to miami,B-transport_descriptor I-transport_descriptor B-transport_type B-place_name,B-media_type B-transport_type B-time I-time B-date B-place_name B-place_name B-time B-transport_type B-transport_type B-place_name
buy me a ticket to boston,B-place_name,B-definition_word B-personal_info B-list_name B-definition_word B-transport_type B-place_name
hey what's a book,,B-time B-person B-definition_word B-media_type
please play the podcast for me,,B-player_setting B-artist_name B-audiobook_name B-podcast_name I-podcast_descriptor B-podcast_name
play coldplay album,B-playlist_name,B-song_name B-artist_name B-media_type
find me a joke related to baseball,B-joke_type,I-business_type B-personal_info B-place_name B-joke_type I-business_type B-change_amount B-event_name
who is the singer of song,,B-person B-person B-date B-weather_descriptor I-place_name B-person
email naty for her birthday,B-person B-event_name,B-personal_info B-person B-person B-relation B-event_name
play the romantic songs,,B-song_name B-audiobook_name B-radio_name I-music_descriptor
please read new emails,,B-player_setting B-player_setting B-place_name B-personal_info
olly if any new news comes out about the <unk> can you let me know right away,B-news_topic,B-transport_type B-media_type B-business_name B-place_name I-media_type B-news_topic I-news_topic B-news_topic B-news_topic B-news_topic I-news_topic I-news_topic I-news_topic I-news_topic B-person I-person I-person
play my spotify dance play list,,B-song_name B-playlist_name B-playlist_name I-music_genre B-playlist_name I-playlist_name
delete all the events in my calendar,,B-event_name B-event_name B-event_name B-date B-time B-place_name B-relation
can you show me a list of all my recent <unk>,,B-business_type B-player_setting B-business_type B-personal_info B-list_name B-list_name B-list_name B-list_name B-list_name I-list_name I-list_name
can you please stop <unk>,,B-business_type B-player_setting B-event_name B-player_setting B-place_name
where can i get a <unk> of <unk> and some to go mexican food,B-food_type B-food_type,B-business_type B-business_type B-business_type B-food_type B-business_type B-food_type I-food_type B-place_name I-food_type I-place_name B-list_name B-place_name B-food_type I-food_type
can you send the email to the new email id,,B-business_type B-player_setting B-event_name B-definition_word B-personal_info B-relation B-relation B-relation B-personal_info B-email_address
is there a <unk> event tomorrow in chicago,B-event_name I-event_name B-date B-place_name,B-person B-business_type B-event_name B-business_type I-event_name B-date B-place_name B-place_name
tell me the percentage of the chance of rain in seattle washington for today,B-weather_descriptor B-place_name I-place_name B-date,B-event_name B-personal_info B-definition_word B-personal_info I-personal_info B-definition_word B-weather_descriptor I-weather_descriptor B-weather_descriptor I-weather_descriptor B-place_name I-place_name I-place_name B-date
what is the exchange rate with in one british pound,B-currency_name I-currency_name,B-business_type B-person B-definition_word B-currency_name B-currency_name B-currency_name B-currency_name B-currency_name I-date I-currency_name
remind me on fifth march of every year to arrange wedding anniversary <unk>,B-date I-date B-general_frequency I-general_frequency B-event_name I-event_name I-event_name,B-event_name B-event_name B-event_name B-date I-date I-date B-general_frequency I-date I-date B-event_name I-event_name I-event_name I-event_name
find me the cheapest train ticket to spain,B-transport_type B-place_name,I-business_type B-personal_info B-audiobook_name B-event_name B-transport_type B-transport_type B-transport_type B-place_name
please say to the email that sent me george i need the money now it's urgent,B-person,B-player_setting B-event_name B-change_amount B-list_name B-personal_info B-email_address B-email_address B-email_address B-person I-person I-person I-event_name B-event_name I-event_name I-event_name I-event_name
explanation of the song,,B-person B-place_name B-place_name B-song_name
more lights please,,B-media_type I-device_type I-device_type
do you know the eta of my order,,I-list_name I-list_name B-person B-definition_word B-personal_info I-personal_info B-list_name B-food_type
i need to know the time right now what is it,,B-cooking_type B-weather_descriptor B-list_name B-person B-weather_descriptor B-person B-event_name I-event_name I-event_name B-person B-place_name
topic,,B-media_type
can you make this event repetitive,,B-business_type B-player_setting B-food_type B-date B-house_place B-event_name
remove event from my list,,B-list_name B-event_name B-list_name B-relation B-list_name
what's the capital of <unk>,,B-person B-audiobook_name B-audiobook_name I-audiobook_name B-place_name
please set a reminder in my calendar for my meeting on march twenty five,B-event_name B-date I-date I-date,B-player_setting B-device_type B-event_name B-event_name B-time B-time I-event_name I-event_name B-event_name B-event_name B-event_name B-date I-date I-date
can you contact samsung and say my washer is on fire,B-business_name,B-business_type B-player_setting B-personal_info B-business_name I-food_type B-person I-person B-list_name B-person B-date B-date
please add <unk> to my calendar,B-event_name,B-player_setting B-event_name B-event_name I-event_name B-list_name I-event_name
what are lady <unk> most popular songs,B-artist_name I-artist_name,B-business_type B-definition_word B-person I-person I-person I-food_type I-food_type
mute please,,B-weather_descriptor B-event_name
is there any news about the <unk>,B-news_topic,B-person B-business_type B-business_type B-news_topic B-news_topic B-news_topic B-news_topic
<unk>,,B-event_name
ok google tweet what a <unk> the <unk> is at the gas station,B-media_type,I-email_address B-business_name B-media_type B-business_name B-business_name B-definition_word B-definition_word I-definition_word I-business_name B-business_name B-place_name B-place_name I-place_name
olly i feel like <unk> play me some rock n roll,B-music_genre I-music_genre I-music_genre,B-transport_type B-cooking_type B-date B-date I-date B-music_genre B-artist_name B-music_genre B-music_genre I-music_genre I-music_genre
don't play this song again,,I-song_name B-song_name B-date B-song_name I-song_name
will you remind me of the dentist appointment i have in two hours,B-event_name I-event_name B-time I-time,B-date B-food_type B-event_name B-event_name B-event_name B-event_name B-event_name I-event_name I-event_name I-event_name B-time B-time I-time
start radio channel eight hundred and eighty nine,B-radio_name I-radio_name I-radio_name I-radio_name I-radio_name,B-player_setting B-radio_name I-radio_name I-radio_name I-radio_name I-radio_name I-radio_name I-radio_name
will it rain this week,B-weather_descriptor B-date I-date,B-date B-weather_descriptor B-weather_descriptor B-date I-date
set an event for friday,B-date,I-time B-event_name B-event_name I-event_name B-date
what is the stock price of hdfc,B-business_name,B-business_type B-person B-definition_word B-business_name B-business_name B-business_name B-business_name
delete item from list,,B-event_name B-event_name B-person B-list_name
how old is <unk> <unk>,B-person I-person,B-date B-personal_info B-person B-person I-person
has ben got in touch,B-person,B-person B-person I-person I-person B-place_name
how long will it take to travel to japan from south korea,B-place_name B-place_name I-place_name,B-date B-place_name B-place_name B-weather_descriptor B-order_type B-order_type B-place_name B-place_name B-place_name I-place_name B-place_name I-place_name
check my new emails and tell me what are they about,,B-media_type B-relation B-list_name I-relation I-list_name B-person B-person B-definition_word B-definition_word B-email_address B-person
open meeting time,B-event_name,B-player_setting B-event_name B-event_name
what should i watch today,B-date,B-business_type B-definition_word B-cooking_type B-food_type B-date
hey olly cancel all my other meetings and calls for second march as it is jim's birthday tag it as an event in your calendar,B-date I-date B-person I-person B-event_name,B-time B-transport_type B-date B-event_name B-event_name B-coffee_type I-event_name I-event_name B-person I-person B-date B-date I-date I-date B-person B-person I-person B-event_name I-event_name I-event_name I-event_name I-event_name I-event_name B-place_name I-event_name
give me the latest news,,B-personal_info B-personal_info B-audiobook_name B-news_topic B-news_topic
will it snow tomorrow at noon,B-weather_descriptor B-date B-timeofday,B-date B-weather_descriptor B-weather_descriptor B-date B-time B-timeofday
what is the definition of <unk>,B-definition_word,B-business_type B-person B-definition_word B-definition_word B-definition_word B-definition_word
when is the next time it will rain,B-weather_descriptor,B-event_name B-event_name B-date B-event_name B-event_name I-event_name I-event_name B-weather_descriptor
how much is the us dollar worth in canada,B-currency_name I-currency_name B-currency_name,B-date B-currency_name B-currency_name B-currency_name B-currency_name I-currency_name B-currency_name B-currency_name B-currency_name
store opinion on song,,B-person B-place_name B-news_topic B-song_name
have i received any emails with tracking numbers,,B-food_type B-cooking_type B-personal_info B-person B-personal_info B-person B-person I-person
get <unk> cheap <unk> ready to play next,B-artist_name I-artist_name B-song_name I-song_name,B-event_name B-event_name I-food_type I-media_type I-media_type B-list_name B-audiobook_name B-podcast_descriptor
is it ten,B-time,B-person B-weather_descriptor B-time
dollar rate at present,B-currency_name,B-currency_name B-currency_name B-currency_name B-place_name
does kim kardashian wear converse,B-person I-person,B-event_name B-person I-person I-person B-weather_descriptor
post i am happy to facebook,B-media_type,B-food_type B-cooking_type I-time B-event_name B-list_name B-media_type
turn off room lights,B-house_place,B-player_setting B-device_type B-house_place I-device_type
read me the latest new york times headlines,B-media_type I-media_type I-media_type,B-player_setting B-media_type B-audiobook_name I-media_type B-news_topic I-media_type I-media_type B-media_type
lower the lights,,B-player_setting B-audiobook_name B-device_type
is there an alarm for ten am,B-time I-time,B-person B-business_type B-news_topic B-weather_descriptor B-time B-time I-time
tell me the temperature,B-weather_descriptor,B-event_name B-personal_info B-definition_word B-weather_descriptor
tell me where steve jobs was born,B-person I-person,B-event_name B-personal_info B-business_type B-person I-place_name B-person B-person
do i have any new emails from my contact <unk>,,I-list_name B-cooking_type B-personal_info B-event_name B-place_name B-personal_info B-person B-relation B-relation B-email_address
olly what day of the week is halloween,B-date I-date I-date I-date B-event_name,B-transport_type B-person B-date I-date I-date I-date B-event_name B-event_name
jay's phone number,B-person I-person B-personal_info,B-player_setting B-artist_name I-personal_info
keep me up to date with the world news,B-place_name,B-player_setting B-personal_info B-person B-list_name B-event_name I-event_name I-event_name B-place_name I-media_type
hot topic,,B-weather_descriptor B-weather_descriptor
show me recipes,,B-food_type B-personal_info B-food_type
play the sweet song on radio,,B-song_name B-audiobook_name I-audiobook_name I-song_name I-audiobook_name B-radio_name
start radio play,,B-player_setting B-radio_name B-radio_name
how would you describe a ball,B-definition_word,B-date B-currency_name B-definition_word B-definition_word B-definition_word B-definition_word
what year did george clooney start <unk>,B-person I-person,B-business_type B-date B-person B-person I-person I-person I-person
please compose a new email to coworker,B-relation,B-player_setting B-event_name B-event_name B-media_type B-personal_info B-list_name B-relation
i dont want any alarms,,B-cooking_type B-cooking_type B-event_name B-event_name B-person
remove set alarm,,B-list_name B-event_name B-event_name
how many reminders do i have,,B-date B-event_name B-event_name B-person B-person B-food_type
decrease twenty percent,B-change_amount I-change_amount,B-business_name B-date I-date
what movie should i watch today,B-date,B-business_type B-event_name B-definition_word B-food_type B-food_type B-date
set meeting with <unk> on saturday four pm,B-person B-date B-time I-time,I-time B-event_name I-event_name B-person I-person B-date I-date I-time
please place my new email address to the contact,,B-player_setting B-player_setting B-device_type B-place_name B-personal_info B-personal_info B-personal_info B-list_name B-relation
info on this week weather,B-date I-date,B-event_name B-radio_name B-date I-date I-date
compose email,,B-event_name B-personal_info
what is one plus one,,B-business_type B-person B-date I-date I-date
i want some jazz music to play,B-music_genre,B-cooking_type B-date B-music_genre B-music_genre I-music_genre I-player_setting I-player_setting
olly play a good track from my favourite jazz player,B-music_genre,B-transport_type B-song_name B-music_genre B-music_genre B-music_descriptor B-music_descriptor B-list_name B-music_descriptor B-music_genre B-music_genre
whats ten percent off forty dollars,,B-person B-time I-time I-song_name B-time I-place_name
<unk> search,,B-event_name I-audiobook_name
delete my dinner tomorrow,B-meal_type B-date,B-event_name B-event_name B-meal_type B-date
where is the venue in which the marriage of tom is going to take place,B-event_name,B-business_type B-person B-place_name B-place_name I-place_name B-place_name I-place_name B-event_name I-time B-person B-person B-place_name B-place_name B-place_name I-place_name
please remove that event,,B-player_setting B-event_name B-event_name B-event_name
search for more songs from the band,,I-podcast_name B-game_name B-media_type B-media_type B-media_type B-audiobook_name B-time
schedule taxi pickup for monday at noon,B-transport_type B-date B-timeofday,B-person B-transport_type B-order_type B-person B-date B-time B-timeofday
is there a traffic jam on my route,,B-person B-business_type B-event_name B-business_type B-place_name I-event_name B-place_name B-place_name
hi you there,,B-weather_descriptor B-relation B-business_type
please see what you wrote for this question,,B-player_setting B-food_type B-food_type B-food_type B-food_type B-food_type B-timeofday I-date
tweet <unk> about the <unk> of their store,B-media_type B-business_name,B-media_type B-business_name I-business_name B-business_name I-business_name I-business_name I-business_name I-business_name
delete from playlist my old english songs list,B-list_name I-list_name,B-event_name B-list_name B-list_name B-list_name B-list_name I-event_name I-music_descriptor I-list_name
yes i like to save opinion on song playing and which player support that song,,B-event_name B-cooking_type B-music_genre B-list_name B-place_name B-music_genre I-event_name B-song_name B-song_name I-song_name I-song_name I-song_name I-event_name I-radio_name B-song_name
olly change the lighting to blue,B-color_type,B-transport_type B-player_setting B-place_name B-device_type B-change_amount B-color_type
please raise the light i am not comfortable at this,,B-player_setting B-event_name B-audiobook_name B-device_type I-device_type I-time B-device_type I-color_type B-event_name B-date
do i have anything set for the fourth of july this year,B-date I-date I-date I-date B-date I-date,I-list_name B-cooking_type B-personal_info B-list_name I-event_name B-time B-time I-time I-time B-date B-date I-date
what are my plans for the month of may,B-date I-date I-date,B-business_type B-definition_word B-relation B-event_name I-event_name B-time I-date I-date I-date
hey cancel all my other meetings and calls for second march as it is jim's birthday tag it as an event in your calendar,B-date I-date B-person I-person B-event_name,B-time B-date B-event_name B-event_name I-event_name I-event_name I-event_name B-person I-person B-date B-date I-date I-date B-person B-person I-person B-event_name I-event_name I-event_name I-event_name I-event_name I-event_name B-place_name I-event_name
respond to my email from bob letting them know i'll see them tomorrow,B-person,B-person B-list_name B-relation I-relation B-person B-person I-person I-person I-person B-person B-person I-person B-date
how many square miles is the average country on earth,,B-date B-event_name B-currency_name B-place_name B-person B-place_name B-place_name B-music_genre I-event_name B-date
what events are upcoming today,B-date,B-business_type B-date B-weather_descriptor B-weather_descriptor B-date
play that podcast i was listening to yesterday,B-podcast_descriptor I-podcast_descriptor I-podcast_descriptor,B-song_name B-playlist_name B-podcast_name B-podcast_name B-podcast_name B-event_name I-song_name B-date
have you heard any good music lately,,B-food_type B-food_type B-event_name B-event_name B-joke_type B-media_type I-media_type
please play only sad song in music player,B-music_descriptor B-device_type I-device_type,B-player_setting B-artist_name B-artist_name I-song_name I-song_name I-song_name B-device_type I-device_type
what is elvis favorite ride,B-person,B-business_type B-person B-person I-person I-person
what's a <unk>,,B-person B-definition_word B-definition_word
delete to do list,B-list_name I-list_name,B-event_name B-list_name I-list_name I-list_name
get rid of <unk> list from nineteen ninety,B-list_name B-date I-date,B-event_name B-list_name I-list_name B-place_name I-list_name B-list_name I-list_name I-list_name
i need to confirm all meetings for today can the invite person,B-event_name B-date,B-cooking_type B-weather_descriptor B-list_name B-place_name B-event_name B-event_name I-event_name B-date B-date I-time I-time B-event_name
set a notification for three two and one hours before next week's english final,B-date I-date I-date B-event_name,I-time B-event_name B-time B-time B-time B-time I-time I-time I-time I-time I-time I-date I-date I-date
list all train times to ny,B-transport_type B-place_name,I-list_name B-event_name B-transport_type B-place_name B-place_name B-place_name
hey google play some jazz music for me,B-music_genre,B-time B-business_name B-song_name B-music_genre B-music_genre I-music_genre I-music_genre B-music_genre
olly how many meetings did mahatma gandhi undertake,B-person I-person,B-transport_type I-business_type B-date B-event_name B-person B-person I-person I-person
remind this event in future,,B-event_name B-date B-event_name B-event_name B-place_name
tell me about this week's weather,B-date I-date I-date,B-event_name B-personal_info B-definition_word B-date I-date I-date
tell me what the product of eighteen and thirty one is,,B-event_name B-personal_info B-definition_word B-definition_word B-personal_info I-personal_info B-place_name I-food_type B-time I-date I-date
has cassie sent me any emails about tom,B-person B-person,B-person B-person I-person I-person I-date I-event_name B-person B-person
history,,B-relation
what shops are within ten miles,B-business_type B-place_name I-place_name I-place_name,B-business_type B-business_type B-weather_descriptor B-food_type B-time I-place_name
what is eastern standard time right <unk>,B-time_zone,B-business_type B-person B-time_zone I-news_topic I-time_zone B-place_name I-place_name
where are <unk> located,B-place_name,B-business_type B-place_name B-place_name I-place_name
i like music,,B-cooking_type B-music_genre I-music_genre
what <unk> heat better <unk> <unk> <unk> or cast iron,,B-business_type B-definition_word I-definition_word I-food_type I-food_type I-food_type I-place_name I-food_type I-food_type I-food_type
play next episode of podcast,B-podcast_descriptor I-podcast_descriptor,B-song_name B-podcast_descriptor I-podcast_descriptor I-podcast_descriptor B-podcast_name
cancel alarm,,B-date B-event_name
inform me on the items on the list,,B-date B-personal_info B-radio_name B-date B-event_name I-news_topic I-news_topic B-list_name
add bob to my list of contacts,B-person B-list_name I-list_name I-list_name,B-event_name B-person I-event_name B-list_name B-list_name I-list_name B-list_name
definition of <unk>,B-definition_word,B-definition_word B-definition_word B-definition_word
is it any ones birthday,B-event_name,B-person B-weather_descriptor B-weather_descriptor B-weather_descriptor B-event_name
show latest news,,B-food_type I-media_type B-news_topic
are there any new emails in outlook,,B-list_name B-event_name B-event_name B-place_name B-personal_info B-person B-place_name
fastest route to turiellos,B-place_name,B-person B-person B-place_name B-place_name
tell me the <unk> of celebrity,,B-event_name B-personal_info B-definition_word B-personal_info I-personal_info B-person
make the room light blue,B-house_place B-color_type,B-food_type B-audiobook_name B-house_place I-device_type B-color_type
email chelsea,B-person,B-personal_info B-person
hey siri mute the speakers,,B-time B-time I-date I-time B-device_type
set wake up thursday seven am,B-date B-time I-time,I-time B-alarm_type I-alarm_type B-date B-time I-time
book me a train ticket to barcelona please,B-transport_type B-place_name,B-media_type I-media_type B-transport_type B-transport_type B-transport_type B-transport_type B-place_name I-place_name
i want to know today's weather,B-date I-date,B-cooking_type B-date B-list_name B-person B-date I-date
order a takeaway,B-order_type,B-food_type B-food_type B-order_type
what is the forecast for the week,B-date,B-business_type B-person B-definition_word B-news_topic B-place_name B-time B-time
i need some rap,B-music_genre,B-cooking_type B-weather_descriptor B-music_genre B-music_genre
did i email tom on the subject of <unk> control,B-person,B-person B-date B-personal_info B-person I-person B-date B-event_name I-news_topic B-relation I-relation
remove the appointment with george adams from my calendar,B-event_name B-person I-person,B-list_name B-list_name B-event_name I-event_name B-person I-person I-person B-relation B-relation
will there be a fall in temperature by tonight,B-weather_descriptor B-timeofday,B-date B-event_name B-weather_descriptor B-weather_descriptor B-weather_descriptor B-time B-place_name B-time B-timeofday
post the message now,,B-food_type B-audiobook_name B-device_type B-relation
i think i can travel the whole world in a day,,B-cooking_type B-personal_info B-cooking_type B-weather_descriptor B-weather_descriptor B-weather_descriptor B-weather_descriptor B-place_name B-place_name B-place_name I-time
please add this email to my contacts,,B-player_setting B-event_name B-date B-personal_info B-email_address B-relation B-relation
what's the current time in eastern standard,B-time_zone,B-person B-audiobook_name B-news_topic I-movie_name B-time B-time_zone B-time_zone
describe the new football game <unk>,,B-definition_word B-definition_word B-definition_word I-definition_word I-definition_word I-game_name
please check my mail,,B-player_setting B-event_name B-relation B-relation
during the <unk> of february one and march sixteen what meetings occurred,B-date I-date I-date I-date I-date B-event_name,B-time B-date I-song_name I-song_name B-date I-date I-date I-date I-date I-date B-event_name B-person
time difference between uk and us,B-place_name B-place_name,I-movie_name B-time_zone B-time_zone B-place_name I-date B-place_name
can you tell me the times the train leaves for chicago,B-transport_type B-place_name,B-business_type B-player_setting B-definition_word B-order_type B-definition_word B-joke_type B-news_topic B-transport_type B-transport_type B-place_name B-place_name
read me the latest headlines from <unk>,B-media_type,B-player_setting B-media_type B-audiobook_name I-media_type B-news_topic B-media_type B-media_type
how do i figure women out,,B-date I-list_name B-cooking_type B-cooking_type B-ingredient I-order_type
play the oldies station,B-radio_name I-radio_name,B-song_name B-audiobook_name B-music_genre I-radio_name
am i going to be able to mow the grass this evening,B-weather_descriptor I-weather_descriptor I-weather_descriptor B-timeofday I-timeofday,I-time B-date B-weather_descriptor B-weather_descriptor B-weather_descriptor B-weather_descriptor B-weather_descriptor B-weather_descriptor B-weather_descriptor B-time B-date B-timeofday
check recent to do list,B-list_name I-list_name,B-media_type B-event_name B-list_name I-list_name I-list_name
please note i like jazz and hate disco,B-music_genre B-place_name,B-player_setting B-event_name B-event_name B-time B-music_genre I-music_genre B-person I-food_type
could you please help me in listening to the radio,,B-meal_type B-player_setting B-event_name B-device_type I-device_type B-time B-media_type I-time B-list_name B-event_name
i was <unk> by a dog,,B-cooking_type B-person B-person B-time B-artist_name I-artist_name
cancel my plans to pick up my <unk> from the airport,B-event_name I-event_name I-event_name I-event_name B-place_name,B-date B-event_name B-event_name I-event_name B-event_name I-event_name I-event_name B-relation I-event_name I-event_name I-event_name
tell me how to cook meatballs,B-food_type,B-event_name B-personal_info B-definition_word B-list_name B-cooking_type B-food_type
what is going on on december fourth,B-date I-date,B-business_type B-person B-business_name B-news_topic B-date B-date I-date
how do i start the robot vacuum cleaner,B-device_type I-device_type I-device_type,B-date I-list_name B-cooking_type B-cooking_type B-device_type B-device_type I-device_type I-device_type
please repeat my shopping list,B-list_name,B-player_setting B-player_setting B-player_setting B-list_name I-list_name
please know that today i had a meeting with george,B-event_name B-person,B-player_setting B-person B-player_setting B-date B-date B-time I-time B-event_name I-event_name B-person
weather in paris,B-place_name,B-date B-time B-place_name
remind me the day before my car is due,B-date I-date B-event_name,B-event_name B-event_name B-event_name B-event_name I-date I-time B-event_name B-event_name I-event_name
what is todays weather,B-date,B-business_type B-person B-date I-date
will it be raining on thursday,B-weather_descriptor B-date,B-date B-weather_descriptor B-weather_descriptor B-weather_descriptor I-weather_descriptor B-date
what happened to the dow jones today,B-date,B-business_type B-event_name B-list_name B-place_name B-event_name I-place_name B-date
daily news,,B-general_frequency I-media_type
what is the time in another city,B-place_name I-place_name,B-business_type B-person B-definition_word B-transport_type B-place_name B-place_name I-place_name
i need some details about <unk> lee please <unk>,B-person I-person,B-cooking_type B-weather_descriptor B-music_genre B-music_descriptor B-music_genre B-music_genre I-event_name B-event_name I-event_name
remind me please,,B-event_name B-event_name B-event_name
where did <unk> clooney go to college,B-person I-person,B-business_type B-person B-person I-person B-place_name B-place_name B-place_name
what is a <unk>,B-definition_word,B-business_type B-person B-definition_word B-definition_word
please turn the volume down,,B-player_setting B-player_setting B-device_type B-device_type B-change_amount
switch wemo plug socket off,B-device_type I-device_type I-device_type,B-device_type B-device_type I-device_type I-device_type I-device_type
is there anything important happening on social media,,B-person B-business_type B-business_type I-place_name I-place_name I-place_name B-media_type I-media_type
please make the lights <unk>,,B-player_setting B-food_type B-audiobook_name B-device_type B-color_type
please play <unk> of <unk>,B-game_name I-game_name I-game_name,B-player_setting B-artist_name B-song_name I-song_name I-song_name
what is the birth year of barack obama,B-person I-person,B-business_type B-person B-definition_word B-personal_info I-date I-date B-person I-person
what is the traffic situation at the <unk> highway,B-place_name I-place_name,B-business_type B-person B-definition_word B-business_type B-place_name B-place_name B-place_name B-place_name I-place_name
tell me what's going on with facebook,,B-event_name B-personal_info B-person B-weather_descriptor B-media_type B-news_topic B-media_type
turn office lights off,B-house_place,B-player_setting B-house_place I-device_type I-device_type
when's mark <unk> next album out,B-person I-person I-person,B-date B-date B-event_name B-date B-event_name I-event_name
can you remind me to take the garbage out on tuesday,B-event_name I-event_name B-date,B-business_type B-player_setting B-event_name B-event_name B-event_name B-event_name B-event_name B-event_name I-event_name I-event_name B-date
tweet complain <unk>,B-media_type B-business_name,B-media_type B-business_name I-business_name
remind me to check the <unk> at six o'clock,B-event_name I-event_name I-event_name B-time,B-event_name B-event_name B-event_name B-event_name I-event_name I-event_name I-event_name B-time I-time
keep playing war and peace,B-player_setting I-player_setting B-audiobook_name I-audiobook_name I-audiobook_name,B-player_setting I-player_setting B-audiobook_name I-audiobook_name I-audiobook_name
what is the birthday of <unk>,B-person,B-business_type B-person B-definition_word B-event_name I-event_name B-person
hey check email,,B-time B-time B-personal_info
i want to listen to podcast,,B-cooking_type B-date B-list_name B-radio_name B-radio_name B-podcast_descriptor
set my calendar to remind me to buy groceries every friday,B-event_name I-event_name B-general_frequency I-general_frequency,I-time B-device_type B-event_name B-event_name B-event_name B-general_frequency B-event_name B-event_name I-event_name B-general_frequency I-general_frequency
what time does the first <unk> arrive in the morning,B-transport_type B-timeofday,B-business_type B-person B-event_name B-date B-date I-date I-event_name B-time B-place_name B-timeofday
start next podcast,B-player_setting,B-player_setting B-podcast_descriptor I-podcast_descriptor
describe the heart stone card game,B-definition_word I-definition_word I-definition_word I-definition_word,B-definition_word B-definition_word I-definition_word I-definition_word I-definition_word I-definition_word
new gadgets,,B-place_name I-place_name
search the item,,I-podcast_name B-audiobook_name B-event_name
please play the latest bill <unk> podcast,B-person I-person,B-player_setting B-artist_name B-audiobook_name B-podcast_descriptor B-person I-artist_name I-podcast_name
please negative response tweet on <unk> service,B-media_type B-business_name I-business_name,B-player_setting B-person B-person B-media_type B-media_type B-media_type I-business_name
tell me about the latest political news,B-news_topic,B-event_name B-personal_info B-definition_word B-definition_word B-news_topic B-news_topic B-news_topic
send email to <unk> dot com,B-email_address I-email_address I-email_address,B-event_name B-personal_info B-relation B-person I-email_address I-email_address
tell me all about hurricane,B-definition_word,B-event_name B-personal_info B-business_type B-person B-person
please tweet <unk> i've been waiting for my delivery for now #nothappy,B-media_type B-business_name,B-player_setting B-media_type B-business_name I-business_name I-business_name I-business_name I-business_name I-business_name B-order_type B-order_type B-order_type I-business_name
can you cook something special for me and my wife,B-relation,B-business_type B-player_setting B-food_type B-food_type I-food_type I-food_type B-food_type I-food_type B-place_name B-relation
email donna plans for today,B-person B-date,B-personal_info B-person B-email_address B-person B-date
where is <unk> located,B-place_name,B-business_type B-person B-place_name I-person
i want <unk>,B-music_genre,B-cooking_type B-date B-event_name
news of the train wreck,B-news_topic I-news_topic,I-media_type I-media_type B-news_topic B-transport_type B-transport_type
add new item to list,,B-event_name B-music_descriptor I-event_name B-list_name I-list_name
what artist is this,,B-business_type B-definition_word B-person B-date
how many minutes do i need to wait to pick up my food from china on the go,B-business_name I-business_name I-business_name I-business_name,B-date B-event_name B-food_type B-currency_name B-cooking_type B-cooking_type B-list_name B-weather_descriptor B-list_name B-event_name B-person B-list_name B-order_type I-weather_descriptor B-business_name B-date B-date B-news_topic
let's have the lights blue,,B-player_setting B-food_type B-audiobook_name B-device_type B-color_type
play pandora nineties dance party,B-song_name I-song_name I-song_name I-song_name,B-song_name B-app_name I-song_name I-song_name I-song_name
it's dirty here make some noise,,B-song_name B-artist_name B-person B-food_type B-food_type B-food_type
convert eight thirty from <unk> four to g. m. t. five thirty,B-time I-time B-time_zone I-time_zone B-time_zone I-time_zone I-time_zone I-time_zone I-time_zone,B-event_name B-time I-time I-time B-place_name I-place_name I-time B-time_zone I-time_zone I-time_zone I-time_zone I-time_zone
what sound does a dog make,,B-business_type B-definition_word B-definition_word B-definition_word B-definition_word B-food_type
what month is today,B-date,B-business_type B-date B-date B-date
give me the description about smartphone,B-definition_word,B-personal_info B-personal_info B-audiobook_name B-definition_word B-definition_word B-definition_word
play a game of <unk> as a second player,B-game_name,B-song_name B-music_genre B-game_name B-game_name B-game_name I-game_name I-game_name I-game_name I-game_name
remind me tonight to pick up my dry cleaning at eight pm,B-event_name I-event_name I-event_name I-event_name I-event_name B-time I-time,B-event_name B-event_name B-timeofday B-event_name B-event_name I-event_name I-event_name I-event_name I-event_name I-event_name B-time I-time
book me a taxi to leith in half an hour,B-transport_type B-place_name B-time I-time I-time,B-media_type I-media_type B-transport_type B-transport_type B-transport_type B-place_name I-place_name B-time I-time I-time
will i need to wear a jacket next wednesday,B-weather_descriptor B-date,B-date B-weather_descriptor B-weather_descriptor B-weather_descriptor B-weather_descriptor B-weather_descriptor B-weather_descriptor B-weather_descriptor B-date
i want to hear the latest world news from today,B-place_name B-date,B-cooking_type B-date B-list_name B-song_name B-radio_name B-podcast_descriptor B-place_name I-media_type B-media_type B-date
friend updates,,B-relation B-person
i want you to play bohemian rhapsody for me,B-song_name I-song_name,B-cooking_type B-date B-player_setting B-list_name B-song_name B-song_name I-song_name I-song_name I-song_name
turn on some npr and play them out of my speakers,B-radio_name B-device_type,B-player_setting I-player_setting B-music_genre B-radio_name I-radio_name B-radio_name B-radio_name I-radio_name I-song_name I-song_name B-playlist_name
remind me of the event in my calendar,,B-event_name B-event_name B-event_name B-event_name B-event_name B-event_name I-event_name I-event_name
what time is it on the east coast of the united states,B-time_zone I-time_zone B-place_name I-place_name,B-business_type B-person B-event_name B-event_name I-event_name B-place_name B-time_zone I-time_zone I-time_zone B-place_name I-place_name I-place_name
please play songs i've <unk> and favorited,,B-player_setting B-artist_name B-music_genre B-music_descriptor I-music_descriptor I-playlist_name I-playlist_name
just add a new email in my contacts from michael,B-person,B-person B-event_name B-event_name B-event_name B-personal_info B-personal_info B-relation B-relation B-person B-person
<unk> the robot vacuum,B-device_type I-device_type,B-event_name B-audiobook_name B-device_type I-device_type
open tasks delete future events,,B-player_setting B-device_type I-device_type B-event_name I-event_name
play my shuffled playlist please,B-playlist_name I-playlist_name,B-song_name B-playlist_name B-playlist_name I-playlist_name B-player_setting
define speaker,B-definition_word,B-definition_word B-definition_word
hey what will be the <unk> weather for tomorrow,B-date,B-time B-definition_word B-business_type B-weather_descriptor B-weather_descriptor B-weather_descriptor B-weather_descriptor B-time B-date
email to new contact,,B-personal_info B-list_name B-place_name I-person
what kind of weather are they having in orange tx right now,B-place_name I-place_name,B-business_type B-definition_word I-date B-place_name B-place_name I-place_name I-place_name B-time B-place_name I-place_name I-place_name I-place_name
what is dolly <unk> birthday,B-person I-person I-person,B-business_type B-person B-person I-person I-person
make a call to,,B-food_type B-time B-event_name B-list_name
give the definition of <unk>,B-definition_word,B-personal_info B-audiobook_name B-definition_word B-definition_word B-definition_word
hey order two wings with french fries from the chinese food store,B-food_type I-food_type I-food_type I-food_type B-business_name I-business_name I-business_name,B-time B-food_type B-food_type I-food_type I-food_type B-food_type I-food_type B-business_name B-business_name B-business_name I-business_name I-business_name
olly cancel all soccer practice alarms,B-alarm_type I-alarm_type,B-transport_type B-date B-event_name B-alarm_type I-alarm_type I-alarm_type
add my car payment on the twelfth in my calendar,B-event_name I-event_name B-date,B-event_name B-event_name B-event_name I-event_name I-event_name B-date B-date B-time B-place_name B-relation
please look in to the matter,,B-player_setting B-business_type B-time B-place_name B-place_name B-place_name
what's the weather for my location this week,B-date,B-person B-audiobook_name B-weather_descriptor B-place_name B-list_name B-place_name B-date I-date
add this <unk> email,,B-event_name B-date I-date B-relation
what time does the train to place leave,B-transport_type,B-business_type B-person B-event_name B-date B-transport_type B-transport_type B-place_name B-place_name
what is the trending now,,B-business_type B-person B-definition_word B-news_topic I-news_topic
power up the plug socket one,B-device_type I-device_type I-device_type,B-place_name I-player_setting B-audiobook_name B-device_type I-device_type I-device_type
switch on the roomba,B-device_type,B-device_type B-radio_name B-audiobook_name B-device_type
can you play rock music for the next hour,B-music_genre B-time I-time,B-business_type B-player_setting B-song_name B-music_genre I-music_genre I-audiobook_name I-song_name B-date I-date
remind me everyday at two pm for lunch,B-general_frequency B-time I-time B-meal_type,B-event_name B-event_name B-general_frequency B-event_name B-time I-time I-time B-meal_type
set me a meeting next tuesday at eleven am with jesse,B-event_name B-date B-time I-time B-person,I-time B-event_name B-event_name B-event_name B-date B-date B-date B-time I-time I-event_name B-person
check to see if i have any new emails from my dad,B-relation,B-media_type B-list_name B-person B-person B-food_type B-food_type B-food_type B-event_name B-personal_info B-person B-relation B-relation
so clean news in past six hours is what,B-media_type I-media_type B-time I-time I-time,B-media_type B-media_type I-media_type B-media_type B-place_name B-time I-time I-time B-person
today is which date,B-date,B-date B-date B-person B-event_name
what is happening after one and before three pm,B-time I-time B-time I-time I-time,B-business_type B-person B-person B-date B-time I-time I-time I-time I-time
what is the exchange rate of euro and dollar,B-currency_name B-currency_name,B-business_type B-person B-definition_word B-currency_name B-currency_name B-currency_name B-currency_name B-currency_name B-currency_name
move to next section,B-player_setting,B-player_setting B-list_name B-podcast_descriptor I-podcast_descriptor
play pride and prejudice,B-audiobook_name I-audiobook_name I-audiobook_name,B-song_name B-song_name I-song_name I-song_name
please check for new email,,B-player_setting B-event_name I-event_name B-place_name B-personal_info
remove my car payment on my calendar,,B-list_name B-list_name B-event_name I-event_name I-event_name I-event_name B-event_name
will there be rain tomorrow in rome,B-weather_descriptor B-date B-place_name,B-date B-event_name B-weather_descriptor B-weather_descriptor B-date B-time B-place_name
cook me some <unk>,B-ingredient,B-cooking_type B-food_type B-food_type B-food_type
latest new on international women's day,B-news_topic I-news_topic I-news_topic,I-media_type B-place_name B-news_topic B-place_name I-news_topic I-news_topic
next play summer lovin,B-song_name I-song_name,B-podcast_descriptor B-podcast_descriptor B-song_name I-song_name
mute the music,,B-weather_descriptor B-date B-device_type
let me hear my list,,B-relation B-artist_name B-artist_name B-playlist_name B-list_name
is the twenty second on a wednesday,B-date I-date,B-person B-date B-date I-date I-date B-date B-date
turn off the sounds,,B-player_setting B-device_type B-device_type B-house_place
remind me my mom's birthday a week before,B-relation I-relation B-event_name B-time I-time,B-event_name B-event_name B-event_name B-relation I-relation B-event_name B-time I-time
brighten the lights in the hallway,B-house_place,B-device_type B-device_type B-device_type B-time B-house_place B-house_place
add to list,,B-event_name B-list_name B-list_name
i would like to reply to the most recent email,,B-cooking_type B-personal_info B-color_type B-list_name B-person B-list_name B-list_name B-food_type I-business_name B-personal_info
change volume level to maximum,B-change_amount I-change_amount,B-player_setting B-change_amount B-change_amount B-change_amount I-change_amount
what day is december thirteenth,B-date I-date,B-business_type B-date B-date B-date I-date
go to channel one hundred and six point nine,B-radio_name I-radio_name I-radio_name I-radio_name I-radio_name I-radio_name,B-player_setting B-list_name B-radio_name B-radio_name I-radio_name I-radio_name I-radio_name I-radio_name I-radio_name
please play the radio gaga song,B-artist_name,B-player_setting B-artist_name B-audiobook_name B-radio_name I-radio_name I-radio_name
tweet <unk> and tell them they <unk>,B-media_type B-business_name,B-media_type B-business_name I-business_name I-business_name I-business_name I-business_name I-business_name
hey olly can you please make me a creamy coffee,B-coffee_type,B-time B-transport_type B-business_type B-player_setting B-player_setting B-food_type B-device_type B-list_name B-coffee_type B-coffee_type
is there <unk> service at the event,B-relation I-relation,B-person B-business_type B-business_type I-business_type B-place_name B-place_name B-time
who is the current prime minister of russia,B-place_name,B-person B-person B-date B-news_topic B-news_topic I-news_topic I-news_topic B-place_name
what is the square root of nine,,B-business_type B-person B-definition_word B-news_topic I-news_topic I-news_topic B-time
please continue reading audiobook,B-player_setting I-player_setting B-media_type,B-player_setting B-player_setting I-player_setting B-media_type
send this email to reply to the latest emails,,B-event_name B-date B-personal_info B-relation B-person B-relation B-relation I-relation B-date
i am having a meeting on tomorrow set it,B-event_name B-date,B-cooking_type I-time B-music_genre B-music_genre B-event_name B-event_name B-date I-date B-date
find food and order,,I-business_type B-business_type I-food_type B-food_type
baseball scores,,B-event_name I-event_name
add new email address and send email,,B-event_name B-music_descriptor B-personal_info B-personal_info B-email_address B-person B-personal_info
i need to something every monday set a reminder for it,B-general_frequency I-general_frequency,B-cooking_type B-weather_descriptor B-list_name B-place_name B-date I-date I-date I-date B-event_name I-event_name B-date
show me tomorrows weather in this area,B-date B-place_name I-place_name,B-food_type B-personal_info B-date I-date B-time B-place_name B-place_name
set a reminder for my daughters birthday,B-relation B-event_name,I-time B-event_name B-event_name I-event_name B-event_name B-event_name B-event_name
where can i go tonight,B-timeofday,B-business_type B-business_type B-business_type B-business_type B-timeofday
brighten up the lighting,,B-device_type I-player_setting B-audiobook_name B-device_type
where's the closest zoo to where i'm at,,B-player_setting B-audiobook_name B-device_type B-place_name I-business_name B-place_name B-business_type I-business_type
tell me what the date is today,B-date,B-event_name B-personal_info B-definition_word B-definition_word B-event_name B-date B-date
my trip to goa photo post it on instagram,B-media_type,B-relation B-event_name B-list_name B-place_name I-place_name I-business_name B-date B-date B-media_type
mark today as the start of my diet,B-date B-event_name I-event_name I-event_name I-event_name I-event_name,B-person B-date B-person B-time B-device_type B-device_type B-list_name I-relation
play the music,,B-song_name B-audiobook_name B-media_type
play my rock playlist,B-music_genre,B-song_name B-playlist_name B-music_genre I-playlist_name
did <unk> email have an attachment,B-person I-person,B-person B-person I-person B-personal_info B-date B-person
will i need sunscreen later,B-weather_descriptor,B-date B-weather_descriptor B-weather_descriptor B-weather_descriptor I-weather_descriptor
please start the vacuum cleaner,B-device_type I-device_type,B-player_setting B-player_setting B-audiobook_name B-device_type I-device_type
send a funny message to all of my friends,,B-event_name B-definition_word B-joke_type I-event_name I-event_name B-general_frequency B-person I-event_name B-relation
a good first <unk>,,B-event_name B-joke_type B-time I-date
send an email to grandma saying we are dropping by on saturday see you then,B-relation,B-event_name B-date B-personal_info B-relation B-relation I-relation B-person B-event_name B-person B-time B-date B-date I-date I-date I-date
could you please play temple run game for me,B-game_name I-game_name,B-meal_type B-player_setting B-event_name B-artist_name B-game_name I-game_name I-game_name I-game_name B-game_name
what is the <unk> exchange rate us versus indian rupees,B-currency_name B-currency_name I-currency_name,B-business_type B-person B-definition_word B-personal_info I-person I-currency_name B-currency_name I-currency_name B-currency_name I-currency_name
please make me a cup of coffee,,B-player_setting B-food_type B-coffee_type B-time B-coffee_type B-coffee_type B-coffee_type
do i have any new emails in my inbox today,B-email_folder B-date,I-list_name B-cooking_type B-personal_info B-event_name B-place_name B-personal_info B-time B-relation B-email_folder B-date
which song is this one,,B-player_setting I-player_setting B-person B-date I-date
what is twelve divided by four,,B-business_type B-person B-time I-time I-time I-time
what shops are round here,B-place_name I-place_name,B-business_type B-business_type B-weather_descriptor B-food_type B-person
hi can you please turn lower the lights,,B-weather_descriptor B-business_type B-player_setting B-event_name B-device_type B-device_type B-device_type B-device_type
turn off the speakers,,B-player_setting B-device_type B-device_type B-device_type
is there any new information regarding the mexican american border wall,B-news_topic I-news_topic I-news_topic I-news_topic I-news_topic,B-person B-business_type B-business_type B-place_name B-personal_info B-person I-news_topic B-food_type B-person I-food_type B-place_name
send tech news,B-news_topic,B-event_name B-person B-news_topic
scratch that one from the list,,B-person B-timeofday B-time I-song_name I-song_name B-list_name
what is the email address for <unk>,B-personal_info I-personal_info B-person,B-business_type B-person B-definition_word B-personal_info I-personal_info I-personal_info B-person
yes or no tomorrow's temperature is to be hot,B-date I-date B-weather_descriptor,B-event_name I-weather_descriptor B-date B-date I-date I-date B-place_name B-weather_descriptor B-weather_descriptor
<unk> young <unk> and <unk> <unk> crash more often than other <unk> because they have not yet had the <unk> range of <unk> they need to drive <unk> by <unk> <unk> has shown that driving experience is a major <unk> in <unk> road <unk> and that the <unk> time for young <unk> is when they are driving under <unk> while learning,,B-event_name B-weather_descriptor B-weather_descriptor I-food_type B-ingredient I-food_type I-food_type I-food_type I-food_type I-food_type B-person I-business_name I-food_type I-food_type I-food_type B-list_name I-event_name B-email_folder I-media_type B-list_name I-list_name I-list_name B-person I-relation I-list_name B-list_name B-event_name I-event_name I-event_name I-event_name I-event_name I-event_name I-event_name I-event_name I-event_name I-event_name I-event_name B-date B-event_name I-event_name I-event_name B-place_name I-place_name I-place_name I-place_name I-time B-place_name B-place_name I-place_name I-time B-date I-place_name I-date B-place_name B-place_name I-place_name B-timeofday B-timeofday I-place_name I-place_name I-place_name
set a reminder in one hour for my bread to bake,B-time I-time B-event_name I-event_name I-event_name,I-time B-event_name B-event_name B-time B-time I-time I-time I-time B-event_name I-event_name I-event_name
silence for two hours,B-time I-time,B-person B-time B-time I-time
hey what has been happening interesting in sports lately,,B-time B-definition_word B-person B-food_type B-person B-person B-time B-place_name I-place_name
<unk>,,B-event_name
on friday please put dentist appointment at three,B-date B-event_name I-event_name B-time,B-radio_name B-date I-date B-person B-event_name B-event_name I-event_name B-time
i need an alarm set for five hundred and thirty am tomorrow,B-time I-time I-time I-time I-time B-date,B-cooking_type B-weather_descriptor B-date B-weather_descriptor B-time B-time B-time I-time I-time I-time I-time B-date
fast me the news of <unk> awards,B-news_topic I-news_topic,B-movie_name B-media_type B-audiobook_name B-news_topic I-media_type B-news_topic I-news_topic
show me the latest news from the <unk>,B-media_type,B-food_type B-personal_info B-date B-news_topic B-news_topic B-media_type B-media_type B-media_type
turn off overhead light,,B-player_setting B-device_type B-device_type I-device_type
turn on my playlist and play third song in the queue,,B-player_setting I-player_setting B-device_type B-playlist_name I-playlist_name I-player_setting B-radio_name I-song_name I-song_name I-song_name B-song_name
what's the recipe for fish soup,B-food_type,B-person B-audiobook_name B-food_type B-food_type B-food_type B-food_type
delete event from calendar,,B-event_name B-event_name B-person B-event_name
play my favourite book,,B-song_name B-playlist_name B-music_descriptor B-music_descriptor
what day is halloween this year,B-event_name B-date I-date,B-business_type B-date B-date B-event_name B-date I-date
could you please email john saying i'm on leave,B-person,B-meal_type B-player_setting B-event_name B-personal_info B-person I-person I-person I-person B-list_name
cancel the breakfast at tiffany's house,B-meal_type B-place_name I-place_name,B-date B-date B-meal_type B-time B-place_name I-place_name
turn off smart plug socket,B-device_type I-device_type I-device_type,B-player_setting B-device_type B-device_type I-device_type I-device_type
delete all events,,B-event_name B-event_name I-event_name
please slow down volume of speaker,,B-player_setting B-music_genre I-device_type B-change_amount B-change_amount I-change_amount
remove my <unk> appointment from today's schedule,B-event_name I-event_name I-event_name B-date,B-list_name B-list_name B-event_name I-event_name I-event_name B-date I-date
find the list,,I-business_type B-business_type B-list_name
play romantic music in <unk> fm ninety two point seven,B-music_genre B-media_type B-radio_name I-radio_name I-radio_name I-radio_name I-radio_name I-radio_name,B-song_name B-game_name I-music_genre I-music_descriptor I-music_descriptor I-radio_name I-radio_name I-radio_name I-radio_name I-radio_name
<unk> the schedules of the list,B-list_name,B-event_name B-audiobook_name B-device_type B-artist_name I-time B-list_name
do you know of any good free <unk> <unk>,,I-list_name I-list_name B-person I-song_name B-person B-joke_type B-event_name I-event_name I-place_name
play my favorites,,B-song_name B-playlist_name B-music_descriptor
play the previous podcast,B-podcast_descriptor I-podcast_descriptor,B-song_name B-audiobook_name B-podcast_descriptor I-podcast_descriptor
tell me all events for today in my city,B-date,B-event_name B-personal_info B-business_type B-place_name B-time B-date B-date B-place_name I-place_name
do we have <unk> <unk> number,B-person I-person B-personal_info,I-list_name B-person B-food_type B-food_type B-food_type I-personal_info
are there any meetings set for next wednesday,B-event_name B-date,B-list_name B-event_name B-event_name B-event_name I-event_name I-event_name B-date B-date
tweet something for me,B-media_type,B-media_type B-business_name I-business_name I-business_name
how many people are attending my next meeting,B-event_name,B-date B-event_name B-currency_name B-place_name B-place_name B-relation B-date B-event_name
will the temperature stay about the same or is it going to get colder,B-weather_descriptor,B-date B-date B-weather_descriptor I-weather_descriptor I-weather_descriptor B-time B-time I-place_name I-time B-date B-weather_descriptor B-weather_descriptor B-place_name B-place_name
what are my available lists,,B-business_type B-definition_word B-relation B-relation I-relation
does <unk> do take out,B-business_name I-business_name,B-event_name B-business_name I-business_name B-order_type I-order_type
one plus two equal,,B-date I-date I-date I-date
check for emails from my <unk>,B-relation,B-media_type I-event_name B-date B-person B-relation B-relation
stop play,B-player_setting I-player_setting,B-player_setting I-player_setting
disable my <unk>,B-device_type,B-event_name B-list_name B-list_name
do i have a date on friday,B-date,I-list_name B-cooking_type B-personal_info B-list_name B-event_name I-event_name B-date
i can't hear you,,B-cooking_type B-weather_descriptor B-song_name B-song_name
where jackie chan currently live,B-person I-person,B-business_type B-person I-person I-person I-person
remind,,B-event_name
i want a lower light,,B-cooking_type B-date B-list_name B-event_name I-device_type
reset my locations list,B-list_name,B-person B-list_name B-list_name I-list_name
make a repeating reminder for this calendar event,,B-food_type B-time B-event_name I-event_name I-event_name B-date B-event_name B-event_name
whats the date,,B-person B-audiobook_name B-event_name
describe item xy,,B-definition_word B-definition_word B-definition_word
play nine hundred and eighty nine the radio station,B-radio_name I-radio_name I-radio_name I-radio_name I-radio_name,B-song_name B-radio_name I-radio_name I-radio_name I-radio_name I-radio_name I-song_name I-radio_name I-radio_name
where is a walking trail near me,,B-business_type B-person B-place_name B-business_type I-place_name I-news_topic B-place_name
include mike and jack to festival calendar,B-person B-person B-event_name,B-news_topic B-person I-person B-person B-person B-event_name I-event_name
how much would it cost to buy stock in apple,B-business_name,B-date B-currency_name B-currency_name B-currency_name B-currency_name B-list_name B-business_name B-business_name B-business_name B-business_name
raise volume,,B-person B-change_amount
please turn on my balcony lights,B-house_place,B-player_setting B-player_setting I-player_setting B-device_type B-house_place I-device_type
please alert me to the time,,B-player_setting B-device_type B-event_name B-event_name B-event_name B-event_name
olly book me a ticket to paris on eurostar this weekend,B-place_name B-transport_name B-date I-date,B-transport_type B-media_type I-media_type B-transport_type B-transport_type B-transport_type B-place_name I-place_name B-transport_name B-date I-date
social media,,B-media_type I-media_type
please <unk> the latest george r r martin <unk> and fire book,,B-player_setting B-event_name B-audiobook_name B-podcast_descriptor B-person I-person I-person I-food_type I-event_name I-food_type I-event_name I-business_name
iphone seven description,B-definition_word I-definition_word,B-news_topic B-time I-radio_name
send email to <unk> dot com,B-email_address I-email_address I-email_address,B-event_name B-personal_info B-relation B-person I-email_address I-email_address
one thousand two hundred and thirty pm already you will have a meeting in ten mins,B-time I-time I-time I-time I-time I-time I-time B-event_name B-time I-time,B-date I-date I-date I-date I-date I-time I-time I-time I-time I-event_name B-event_name B-event_name B-event_name I-event_name B-time I-time
tell me what clothing stores are within five miles of me,B-business_type I-business_type,B-event_name B-personal_info B-definition_word B-definition_word I-business_type B-weather_descriptor B-place_name B-time I-place_name I-place_name B-place_name
what is the largest desk,B-definition_word I-definition_word,B-business_type B-person B-definition_word B-news_topic I-news_topic
my day was great,,B-relation B-date B-date B-weather_descriptor
email <unk> about the budget meeting,B-person B-event_name I-event_name,B-personal_info B-person B-person B-relation B-news_topic B-event_name
play my most watched podcast,B-podcast_descriptor I-podcast_descriptor,B-song_name B-playlist_name B-playlist_name I-music_descriptor I-podcast_name
next,,B-podcast_descriptor
what does the email say that was sent thirty minutes ago from mom,B-time I-time B-relation,B-business_type B-definition_word B-definition_word B-personal_info B-definition_word B-email_address B-person B-person I-person I-time I-date B-person B-relation
display recent email from john,B-person,B-place_name B-event_name B-personal_info B-person B-person
email notifications,,B-personal_info B-person
can you make some coffee,,B-business_type B-player_setting B-food_type B-food_type B-device_type
how long should i cook a steak to be medium,B-food_type,B-date B-place_name B-person B-cooking_type B-cooking_type B-food_type B-food_type B-food_type B-business_name B-food_type
what is an electronic <unk> system,B-definition_word I-definition_word I-definition_word,B-business_type B-person B-definition_word B-definition_word I-definition_word I-definition_word
set first week of june as holiday in my calendar,B-time I-time I-time I-time B-event_name,I-time B-date I-date I-time I-time B-event_name B-event_name I-event_name I-event_name I-event_name
what is the best chocolate chip cookies recipe,,B-business_type B-person B-definition_word B-joke_type B-food_type I-food_type I-food_type B-food_type
hey olly i missed you,,B-time B-transport_type B-cooking_type B-cooking_type I-time
explain the geographical location of india,B-place_name,B-business_type B-business_type B-personal_info I-place_name I-place_name B-place_name
play me this mornings show from one hundred and one point nine,B-radio_name I-radio_name I-radio_name I-radio_name I-radio_name I-radio_name,B-song_name B-artist_name B-date B-time B-event_name I-song_name B-date I-radio_name I-radio_name I-radio_name I-radio_name I-radio_name
alarm settings,,I-alarm_type B-time
meeting reminder,B-event_name,B-event_name I-event_name
who is celebrity,,B-person B-person B-person
order a pizza with <unk> from domino's,B-food_type B-ingredient B-business_name,B-food_type B-food_type B-food_type I-food_type B-business_name B-business_name B-business_name
please play the <unk> audio,B-audiobook_name I-audiobook_name,B-player_setting B-artist_name B-audiobook_name B-song_name B-media_type
are there any updates in regard to the election,B-news_topic,B-list_name B-event_name B-event_name B-business_type B-place_name B-place_name I-place_name B-place_name B-place_name
great song for the commute,,B-place_name B-song_name B-song_name B-time B-event_name
should i bring an umbrella tomorrow,B-weather_descriptor B-date,B-business_name B-cooking_type B-weather_descriptor B-weather_descriptor B-weather_descriptor B-date
buddy <unk> event in your calendar,,B-event_name B-person I-event_name B-time B-place_name I-event_name
general health <unk>,,I-event_name B-news_topic I-news_topic
i would like a cheeseburger,B-food_type,B-cooking_type B-personal_info B-color_type B-music_genre B-music_genre
how many of my contacts live or work in detroit,B-place_name,B-date B-event_name B-currency_name B-list_name B-list_name I-relation I-list_name I-list_name I-weather_descriptor B-place_name
what new email says,,B-business_type B-place_name B-personal_info B-person
hey tell me more about my meetings today,B-event_name B-date,B-time B-business_name B-personal_info B-media_type B-news_topic B-event_name B-event_name B-date
please play radio station one right now,B-radio_name I-radio_name I-radio_name,B-player_setting B-artist_name B-radio_name I-radio_name I-radio_name I-radio_name I-radio_name
what is the make up of the chair,,B-business_type B-person B-definition_word B-food_type B-food_type I-news_topic B-news_topic B-event_name
how is the stock going in general,,B-date B-person B-date B-business_name B-business_name B-place_name B-place_name
remind me to wash the windows,B-event_name I-event_name I-event_name,B-event_name B-event_name B-event_name B-event_name I-event_name I-event_name
what going on,,B-business_type B-weather_descriptor B-radio_name
open <unk>,B-game_name,B-player_setting B-game_name
where is <unk> park,B-place_name I-place_name,B-business_type B-person B-place_name I-place_name
find john smith in contacts,B-person I-person,I-business_type B-person I-person B-place_name B-place_name
remind me to get the oil changed,,B-event_name B-event_name B-event_name B-event_name I-event_name I-event_name I-event_name
what are some restaurants near me,B-business_type,B-business_type B-definition_word B-food_type B-business_type B-business_type B-place_name
just let me know next week's weather in california,B-time I-time B-place_name,B-person B-place_name B-joke_type B-person B-date I-date I-date I-date B-place_name
tweet to apple about non receipt of iphone i sent for <unk> last week,B-media_type B-business_name,B-media_type B-business_name B-business_name I-business_name I-business_name I-business_name I-business_name I-business_name I-definition_word I-business_name I-business_name B-place_name B-time I-date
please turn on the wemo plug socket,B-device_type I-device_type I-device_type,B-player_setting B-player_setting I-player_setting B-audiobook_name B-device_type I-device_type I-device_type
weather report now,,B-date B-place_name B-place_name
what's on the radio right now,,B-person B-media_type B-audiobook_name B-device_type I-radio_name I-device_type
what is the current traffic situation,,B-business_type B-person B-definition_word B-news_topic B-news_topic B-place_name
make an order for noodles one pack make it as takeaway order,B-food_type B-order_type,B-food_type B-event_name B-food_type B-food_type B-food_type I-food_type I-date I-food_type B-house_place B-media_type B-order_type B-food_type
prepare a cup of coffee for me,,B-food_type B-time B-food_type B-coffee_type B-coffee_type I-coffee_type B-coffee_type
what time is my next appointment,B-event_name,B-business_type B-person B-event_name B-event_name B-event_name B-event_name
reply this mail,,B-date B-date I-date
tell me the funniest joke that was ever told,B-joke_type,B-event_name B-personal_info B-definition_word B-personal_info B-joke_type I-movie_type B-person B-person I-person
remove new year from calendar,B-event_name I-event_name,B-list_name B-place_name B-list_name B-list_name B-event_name
please remove this event from my calendar,,B-player_setting B-event_name B-date B-event_name B-event_name B-relation B-event_name
replay my last played podcast,B-player_setting,B-player_setting B-device_type B-song_name I-time I-podcast_descriptor
how tall is mount everest,B-place_name,B-date B-person B-person B-person I-place_name
olly can we listen to reply all podcast,,B-transport_type B-business_type B-business_type B-food_type B-business_type B-food_type B-business_type I-podcast_descriptor
what is the weather going to be like on march twentieth two thousand and seventeen,B-date I-date I-date I-date I-date I-date,B-business_type B-person B-definition_word B-transport_type B-weather_descriptor B-place_name B-weather_descriptor B-weather_descriptor B-date B-date I-date I-date I-date I-date I-date
increase the brightness in this room,B-house_place I-house_place,B-event_name B-audiobook_name B-device_type B-house_place B-house_place B-house_place
brighten the light of hall,B-house_place,B-device_type B-device_type B-device_type B-house_place B-house_place
what are my current list,B-list_name,B-business_type B-definition_word B-relation B-list_name I-list_name
olly tell me my alarms,,B-transport_type B-business_name B-personal_info B-relation B-place_name
ok google delete <unk> <unk> from the calendar,B-event_name I-event_name I-event_name,I-email_address B-business_name B-event_name B-event_name I-event_name I-event_name B-list_name B-media_type
hello i want to turn off my wemo plug,B-device_type I-device_type,B-meal_type B-cooking_type B-date B-list_name B-player_setting B-device_type B-device_type B-device_type I-device_type
show me the contents of the list,,B-food_type B-personal_info B-date B-personal_info I-personal_info B-definition_word B-list_name
what else is <unk> in the <unk>,,B-business_type B-definition_word B-person B-person B-place_name B-place_name B-place_name
what did i put down already on the walmart list,B-list_name I-list_name,B-business_type B-definition_word B-cooking_type I-person I-person B-food_type I-event_name B-news_topic B-event_name I-list_name
compose a new email but i got a new address this time <unk> at <unk> dot com,B-email_address I-email_address I-email_address I-email_address I-email_address,B-event_name B-event_name B-media_type B-personal_info B-person B-person B-person I-person B-event_name B-personal_info B-date B-person B-event_name B-place_name B-place_name I-place_name I-email_address
do not speak today,B-date,I-list_name B-media_type B-food_type B-date
what happens to me if you become <unk>,,B-business_type B-definition_word B-list_name B-place_name B-food_type B-food_type B-food_type I-food_type
tweet my current location,B-media_type,B-media_type B-business_name I-media_type I-media_type
beep when i get an email from john,B-person,B-event_name B-event_name B-event_name B-event_name I-event_name B-personal_info B-person B-person
robot vacuum the living room now,B-house_place I-house_place,B-device_type I-device_type I-device_type B-house_place I-house_place I-house_place
hey siri start an email to coworker,B-relation,B-time B-time B-player_setting B-audiobook_name B-personal_info B-email_address B-relation
i need to buy gas,,B-cooking_type B-weather_descriptor B-list_name B-weather_descriptor B-weather_descriptor
will you send a calendar invite out to james and alice for brunch at eleven am on tuesday,B-person I-person I-person B-event_name B-time I-time B-date,B-date B-food_type B-event_name B-event_name B-event_name B-person B-person I-event_name B-person B-person B-person I-event_name B-event_name B-event_name B-time I-time B-date B-date
look up the definition of <unk>,B-definition_word,B-event_name B-business_type B-definition_word B-definition_word B-definition_word B-definition_word
please remove the following list,,B-player_setting B-event_name B-event_name B-time I-list_name
my coffee is cold please make more coffee,,B-relation B-device_type B-person B-weather_descriptor B-time I-time B-media_type B-device_type
does pings do takeaway,B-business_name B-order_type,B-event_name B-business_name I-business_name B-order_type
lower volume by fifty percent,B-change_amount I-change_amount I-change_amount,B-player_setting B-change_amount B-change_amount I-change_amount I-change_amount
go back to the last episode in this podcast,B-player_setting I-player_setting B-podcast_descriptor I-podcast_descriptor,B-player_setting I-player_setting I-player_setting B-audiobook_name B-song_name I-podcast_descriptor B-time B-date I-podcast_descriptor
what <unk> of sunglasses are <unk> <unk>,,B-business_type B-definition_word B-definition_word B-definition_word I-person I-order_type I-business_type
tweet at united <unk> i'm angry you lost my <unk>,B-media_type B-business_name I-business_name,B-media_type B-business_name B-business_name I-business_name I-business_name I-business_name I-business_name I-business_name B-relation B-relation
please play the song every time i see you,B-song_name I-song_name I-song_name I-song_name I-song_name,B-player_setting B-artist_name B-audiobook_name B-song_name B-song_name I-song_name I-song_name I-song_name I-song_name
let's play my most played song list,,B-player_setting I-player_setting B-playlist_name B-playlist_name I-playlist_name I-playlist_name I-music_descriptor
noodles one pack make it as takeaway,B-food_type B-order_type,B-list_name B-date I-date I-song_name B-house_place B-media_type B-order_type
whats the weather like tomorrow,,B-person B-audiobook_name B-date B-place_name B-date
confirm my alarm settings,,B-time B-device_type B-list_name B-time
play love songs,B-song_name I-song_name,B-song_name B-song_name B-music_descriptor
from now on mute,,B-list_name B-place_name B-media_type B-date
what are today's sports news,B-date I-date B-news_topic,B-business_type B-definition_word B-date I-date B-news_topic
help is to be sent only to jane,B-person,B-device_type B-person B-place_name B-weather_descriptor B-weather_descriptor I-weather_descriptor I-weather_descriptor B-person
play any song by joe <unk>,B-artist_name I-artist_name,B-song_name B-artist_name B-song_name B-artist_name B-artist_name I-artist_name
what <unk> shows are in tulsa,B-event_name I-event_name B-place_name,B-business_type B-definition_word B-food_type I-food_type B-time B-place_name
tell my meetings for tomorrow morning,B-event_name B-date B-timeofday,B-event_name B-relation B-event_name I-event_name B-date B-timeofday
can you tell me how many <unk> a <unk> has,,B-business_type B-player_setting B-definition_word B-order_type B-business_type B-currency_name B-currency_name B-list_name B-currency_name B-person
get me latest updates from facebook,B-media_type,B-event_name B-order_type B-person B-news_topic B-place_name B-media_type
remind me about the meeting tomorrow one hour before,B-event_name B-date,B-event_name B-event_name B-event_name B-event_name B-event_name B-date B-date I-time I-time
what are the upcoming concerts in dallas,B-place_name,B-business_type B-definition_word B-definition_word B-event_name B-event_name B-time B-place_name
let's go through all pending reminders,,B-player_setting B-player_setting I-playlist_name B-device_type I-player_setting I-event_name
tell me if global warming is true,,B-event_name B-personal_info B-business_name B-business_name I-business_name I-business_name B-place_name
where is mary's birthday party being held,B-person I-person B-event_name I-event_name,B-business_type B-person B-person I-person B-event_name I-event_name I-event_name
olly i am taking day off tomorrow,B-date,B-transport_type B-cooking_type I-time B-date I-date I-date B-date
how to cook spaghetti squash,B-food_type I-food_type,B-date B-list_name B-cooking_type B-food_type I-food_type
stop audiobook,B-player_setting B-media_type,B-player_setting B-media_type
find out what song this is and tell me the name,,I-business_type I-order_type B-business_type B-definition_word B-date B-date B-person B-person B-personal_info B-place_name B-currency_name
please clear my calendar,B-time,B-player_setting B-person B-event_name B-event_name
has anyone follow me today on twitter today,B-media_type B-date,B-person B-person I-person I-person B-date B-date B-media_type B-date
what is <unk> stock going for,B-business_name,B-business_type B-person B-person I-business_name B-business_name B-business_name
turn my bedroom lights off,B-house_place,B-player_setting B-device_type B-house_place B-device_type I-device_type
what are todays top podcasts,B-date,B-business_type B-definition_word B-date I-date I-date
please play thirteen,B-song_name,B-player_setting B-artist_name B-song_name
what is the <unk> of <unk> express,B-transport_name I-transport_name,B-business_type B-person B-definition_word B-personal_info I-news_topic B-place_name I-place_name
turn the kitchen lights off,B-house_place,B-player_setting B-audiobook_name B-house_place I-device_type I-device_type
can you describe a credit card,B-definition_word I-definition_word,B-business_type B-player_setting B-definition_word B-definition_word B-definition_word I-definition_word
how much is the british pound,B-currency_name I-currency_name,B-date B-currency_name B-currency_name B-currency_name B-currency_name I-currency_name
schedule a sales meeting for wednesday at eleven am,B-event_name I-event_name B-date B-time I-time,B-person B-event_name B-event_name I-event_name I-event_name B-date B-time B-time I-time
display the local time of london at this moment,B-place_name,B-place_name B-date B-media_type I-place_name I-time B-place_name B-place_name B-date I-place_name
mute volume,,B-weather_descriptor B-change_amount
stream poker face by lady gaga,B-song_name I-song_name B-artist_name I-artist_name,B-player_setting B-song_name B-song_name I-song_name B-artist_name B-artist_name
tell me about the cheapest flight <unk> to nj today,B-place_name B-date,B-event_name B-personal_info B-definition_word B-definition_word B-news_topic I-news_topic I-event_name B-list_name B-place_name B-date
current time in <unk>,B-place_name,I-news_topic I-time B-time B-place_name
order a twelve piece honey <unk> <unk> combo with <unk> <unk> the fries and a <unk> as the drink,B-food_type I-food_type I-food_type I-food_type B-drink_type,B-food_type B-food_type B-time I-time I-food_type I-food_type I-food_type I-food_type B-player_setting B-person I-person B-currency_name B-relation I-food_type B-list_name B-food_type I-food_type I-food_type B-list_name
alert me at the time of the event,,B-device_type B-event_name B-time B-time I-time I-time I-time I-event_name
we should play <unk> at high speed,B-game_name,B-person B-person I-player_setting B-game_name B-media_type I-game_name I-game_name
cancel everything on my calendar,,B-date B-event_name I-event_name B-date B-event_name
set my alarm for twelve pm,B-time I-time,I-time B-device_type B-list_name B-time B-time I-time
to compare in people,,B-list_name B-person B-time B-place_name
what is the <unk> of this location,,B-business_type B-person B-definition_word B-personal_info I-news_topic B-date B-place_name
i want to hear snow by red hot chili peppers,B-song_name B-artist_name I-artist_name I-artist_name I-artist_name,B-cooking_type B-date B-list_name B-song_name B-weather_descriptor B-time B-radio_name I-radio_name I-radio_name I-radio_name
show me the latest news from the <unk>,B-media_type,B-food_type B-personal_info B-date B-news_topic B-news_topic B-media_type B-media_type B-media_type
wake me at six am thursday so i have time for the meeting,B-time I-time B-date B-event_name,B-alarm_type B-personal_info B-time B-time I-time B-date B-date I-person B-event_name B-event_name I-event_name B-time B-event_name
create a meeting event in my calendar,B-event_name,B-place_name B-list_name B-event_name B-event_name B-time B-place_name B-relation
open games,,B-player_setting B-game_name
what are the traffic conditions on the one hundred and one,B-place_name I-place_name I-place_name I-place_name,B-business_type B-definition_word B-definition_word B-event_name B-place_name I-event_name B-place_name B-date I-date I-radio_name I-radio_name
play me in tic tac toe,B-game_name I-game_name I-game_name,B-song_name B-artist_name B-time B-game_name I-game_name I-game_name
can you please add an item to my grocery list,B-list_name,B-business_type B-player_setting B-event_name B-event_name B-event_name B-event_name B-definition_word B-relation B-list_name I-list_name
locate me the amazon restaurants,B-business_name B-business_type,B-player_setting B-artist_name B-audiobook_name B-business_name B-business_type
tell me the largest ocean in the world,B-place_name,B-event_name B-personal_info B-definition_word B-personal_info I-personal_info I-business_type B-place_name B-place_name
are you working for the nsa,,B-list_name B-food_type B-event_name B-time B-time B-event_name
set a meeting event reminder with mona on tuesday,B-event_name B-person B-date,I-time B-event_name B-event_name I-event_name I-event_name I-event_name B-person B-event_name B-date
raise the lights,,B-person B-audiobook_name B-device_type
tell me more about my events,,B-event_name B-personal_info B-media_type B-news_topic B-event_name B-date
is it friday,B-date,B-person B-weather_descriptor B-date
what are the headlines on cnn,B-media_type,B-business_type B-definition_word B-definition_word B-media_type B-media_type B-media_type
please power down,,B-player_setting B-event_name B-place_name
just <unk> chit chat,,B-person B-place_name B-date B-event_name
will i need sunscreen this afternoon,B-weather_descriptor B-timeofday I-timeofday,B-date B-weather_descriptor B-weather_descriptor B-weather_descriptor B-timeofday I-timeofday
launch game,,B-podcast_descriptor B-game_name
remove anniversary event from my calendar,B-event_name,B-list_name B-event_name I-event_name I-event_name I-event_name I-event_name
how do i make pizza,B-food_type,B-date I-list_name B-cooking_type B-food_type B-food_type
what's my schedule today,,B-person B-order_type B-artist_name B-date
go to the washington post website,B-media_type I-media_type,B-player_setting B-list_name B-audiobook_name B-list_name I-media_type I-media_type
play let me love you by <unk> <unk>,B-song_name I-song_name I-song_name I-song_name B-artist_name I-artist_name,B-song_name B-song_name B-music_descriptor B-music_genre I-song_name B-artist_name B-artist_name I-artist_name
what is a good <unk> film from two thousand and sixteen,B-date I-date I-date I-date,B-business_type B-person B-definition_word B-joke_type B-ingredient B-ingredient B-media_type B-time I-date I-date I-date
movies with good reviews,,B-date B-person B-joke_type B-movie_type
how is <unk> made,B-food_type,B-date B-person B-person I-person
olly what do i have planned next,,B-transport_type B-person I-list_name B-cooking_type B-food_type B-event_name B-date
could you tell me the time in london,B-place_name,B-meal_type B-player_setting B-event_name B-definition_word B-definition_word B-event_name B-time B-place_name
do i have anything going on,,I-list_name B-cooking_type B-personal_info B-list_name I-weather_descriptor I-event_name
next play justin bieber's sorry,B-artist_name I-artist_name I-artist_name,B-podcast_descriptor B-podcast_descriptor B-artist_name I-artist_name I-artist_name
play scrabble with me,B-game_name,B-song_name B-song_name I-song_name I-song_name
what do you want to do today,B-date,B-business_type I-list_name B-food_type B-food_type B-list_name I-list_name B-date
please play only ar <unk> songs,B-artist_name I-artist_name,B-player_setting B-artist_name B-artist_name I-artist_name I-artist_name I-artist_name
send an email to rohit saying i am busy tomorrow,B-person,B-event_name B-date B-personal_info B-relation B-person I-person I-person I-time B-event_name B-date
please stop talking,,B-player_setting B-player_setting I-player_setting
open audiobook,B-media_type,B-player_setting B-media_type
the second of next <unk> lands on what day,B-event_name I-event_name I-event_name I-event_name I-event_name,B-date B-date I-time B-time I-time I-place_name I-event_name B-date B-date
olly turn on the coffee machine to make me some coffee,B-device_type I-device_type,B-transport_type B-player_setting I-player_setting B-audiobook_name B-device_type I-device_type I-device_type I-device_type I-device_type B-music_genre B-coffee_type
is it wednesday,B-date,B-person B-weather_descriptor B-date
google train tickets to washington dc,B-transport_type B-place_name I-place_name,B-business_name B-transport_type B-transport_type B-place_name B-place_name I-place_name
lower the intensity of light,,B-player_setting B-audiobook_name B-device_type I-time B-artist_name
what is the nearest pizza shop,B-business_type I-business_type,B-business_type B-person B-definition_word B-news_topic B-business_type I-business_type
can you upload my latest selfie in my facebook account,B-media_type I-media_type,B-business_type B-player_setting B-event_name B-list_name B-media_type B-news_topic I-event_name B-place_name B-media_type B-media_type
call city cab to airport,B-transport_type B-place_name,B-event_name B-place_name B-transport_type B-place_name B-place_name
is there any events planned for the next three months,B-time I-time I-time,B-person B-business_type B-business_type B-event_name B-place_name B-place_name B-place_name B-time I-time I-time
open tweet to apple that my <unk> battery is always <unk>,B-media_type B-business_name,B-player_setting B-media_type B-media_type B-business_name I-business_name I-business_name I-business_name I-business_name I-business_name B-business_name I-business_name
can you please download my podcast file available in internet and play it once,,B-business_type B-player_setting B-event_name B-event_name I-event_name B-podcast_descriptor B-event_name I-podcast_name B-time B-place_name I-date I-player_setting I-song_name B-artist_name
i'd like some red lighting,B-color_type,B-time I-time B-music_genre B-color_type B-color_type
what time is my doctor appointment on march thirty first,B-event_name I-event_name B-date I-date I-date,B-business_type B-person B-event_name B-event_name B-event_name I-event_name I-event_name B-date I-date I-date
where is a theatre in my area,B-business_type,B-business_type B-person B-place_name B-business_type B-time B-place_name I-place_name
listen to my favorites,,B-podcast_descriptor I-player_setting B-playlist_name B-music_descriptor
please show me the list that i have,,B-player_setting B-event_name B-personal_info B-business_type B-list_name B-media_type B-media_type B-food_type
new list,,B-place_name I-list_name
please send an email to uncle john with the following yes i can make it,B-relation B-person,B-player_setting B-event_name B-event_name B-personal_info B-relation B-relation B-person B-person B-relation B-time B-person I-person B-business_name B-food_type B-weather_descriptor
is the weather going to be nice this weekend,B-weather_descriptor B-date I-date,B-person B-date B-weather_descriptor B-weather_descriptor B-weather_descriptor B-weather_descriptor B-weather_descriptor B-date I-date
how old are you,,B-date B-personal_info B-person B-person
olly where is my food,,B-transport_type B-place_name B-person B-place_name B-business_type
facebook,B-media_type,B-media_type
remove birthday from calendar,B-event_name,B-list_name B-event_name I-event_name B-event_name
whats happening around my town,,B-person B-media_type B-news_topic B-place_name B-place_name
it is seven am in pacific standard time,B-time I-time B-time_zone,B-weather_descriptor B-person B-time I-time B-time B-time_zone I-place_name I-place_name
how long until my order is ready,,B-date B-place_name B-time I-place_name B-relation B-person B-food_type
send an email to peter and ask him how is he now can i do something to help him,B-person,B-event_name B-date B-personal_info B-relation B-person I-person I-person B-person I-person B-person B-person I-person I-person I-currency_name I-list_name B-cooking_type B-list_name B-cooking_type B-food_type
what is the weather this friday,B-date,B-business_type B-person B-definition_word B-transport_type B-date B-date
find songs from my big band playlist,B-playlist_name I-playlist_name I-playlist_name,I-business_type B-music_genre I-player_setting B-list_name B-music_descriptor I-music_descriptor I-playlist_name
olly do they deliver home,B-order_type,B-transport_type I-list_name B-cooking_type B-food_type B-place_name
list of famous biryani recipes,B-food_type,I-list_name I-list_name B-list_name I-list_name I-list_name
is <unk> curry married,B-person I-person,B-person B-person I-person I-food_type
are <unk> likely today,B-weather_descriptor B-date,B-list_name B-relation I-event_name B-date
what movie can i watch tonight on the theater here in boston,B-business_type B-timeofday B-place_name,B-business_type B-event_name B-business_type B-food_type B-food_type B-timeofday B-date B-place_name B-place_name I-place_name B-time B-place_name
let's play music hits,,B-player_setting I-player_setting B-media_type I-playlist_name
start the gilmore guys,B-podcast_name I-podcast_name,B-player_setting B-audiobook_name B-podcast_name I-podcast_name
new updates,,B-place_name I-place_name
please create new list,,B-player_setting B-place_name B-place_name B-list_name
what are my pending tasks,,B-business_type B-definition_word B-relation B-event_name I-event_name
who are your <unk>,,B-person B-weather_descriptor B-food_type B-food_type
what can i substitute butter with,B-ingredient,B-business_type B-business_type B-business_type B-cooking_type I-food_type I-food_type
send mom an email now,B-relation,B-event_name B-relation B-relation B-personal_info B-person
lets play <unk>,B-game_name,B-player_setting B-song_name B-game_name
can you substitute baking <unk> for baking <unk>,B-ingredient I-ingredient I-ingredient I-ingredient I-ingredient,B-business_type B-player_setting I-player_setting B-food_type I-food_type I-event_name I-food_type I-food_type
tweet about cold pizza to papa johns,B-media_type B-business_name I-business_name,B-media_type B-business_name B-business_name I-business_name I-business_name B-business_name I-business_name
i've cancelled the order placed at <unk> did it go through,B-business_name,B-radio_name B-radio_name B-radio_name B-food_type B-food_type B-business_name B-business_name I-business_name I-business_name B-place_name I-place_name
call me a taxi olly,B-transport_type,B-event_name B-personal_info B-transport_type B-transport_type B-transport_type
read what is on my list,,B-player_setting B-business_type B-person B-date B-time_zone B-list_name
please update my grocery list with one <unk> of two percent milk,B-list_name,B-player_setting B-media_type B-list_name B-list_name I-list_name B-list_name I-list_name I-list_name I-list_name I-list_name I-date I-list_name
please start vacuum cleaner,B-device_type I-device_type,B-player_setting B-player_setting B-device_type I-device_type
change volume to thirty five percent,B-change_amount I-change_amount I-change_amount I-change_amount,B-player_setting B-change_amount B-change_amount I-change_amount I-change_amount I-change_amount
who is this on the radio,,B-person B-person B-date I-date B-date B-device_type
play <unk> <unk> <unk> program on ninety one point three fm,B-radio_name I-radio_name I-radio_name I-radio_name I-radio_name,B-song_name B-song_name I-artist_name I-game_name I-game_name I-game_name B-radio_name I-radio_name I-radio_name I-radio_name I-radio_name
what <unk> do you usually make,,B-business_type B-definition_word I-business_type B-food_type B-food_type B-food_type
remind me about my schedule for the afternoon,B-timeofday,B-event_name B-event_name B-event_name B-event_name B-event_name I-event_name B-date B-timeofday
what time is it in cleveland,B-place_name,B-business_type B-person B-event_name B-event_name B-place_name B-place_name
let me know when you hear about france,B-news_topic,B-relation B-artist_name B-person B-person B-person B-song_name B-artist_name B-person
the event will include <unk> and <unk>,B-person B-person,B-date B-event_name B-event_name I-event_name I-event_name I-event_name I-event_name
what is the ten day forecast,B-date I-date,B-business_type B-person B-definition_word B-time I-time I-time
check email about my job,,B-media_type B-personal_info B-person B-relation B-relation
reply to johns email,B-person,B-date B-list_name B-person I-person
open harry potter audiobook and play from last played,B-audiobook_name B-media_type,B-player_setting B-audiobook_name I-audiobook_name B-media_type I-audiobook_name B-audiobook_name B-audiobook_name B-date I-news_topic
delete the last phrase,,B-event_name B-event_name B-time I-time
do i have anything planned for the twenty first,B-date I-date,I-list_name B-cooking_type B-personal_info B-list_name B-time B-time B-time B-time I-time
what does <unk> chopra do to look <unk>,B-person I-person,B-business_type B-definition_word B-definition_word I-definition_word B-definition_word B-order_type B-business_name I-business_name
play classic rock,B-music_genre I-music_genre,B-song_name B-music_genre I-music_genre
hey olly i met one of my old <unk> today,B-date,B-time B-transport_type B-cooking_type B-weather_descriptor B-time I-date I-time B-music_descriptor I-relation B-date
olly tell me the time in g. m. t. plus five,B-time_zone I-time_zone I-time_zone I-time_zone I-time_zone,B-transport_type B-business_name B-personal_info B-place_name B-transport_type B-time B-time_zone I-time_zone I-time_zone I-time_zone I-time_zone
away off from list,,B-place_name B-device_type B-list_name B-list_name
add a reminder of a conference for tomorrow in new york,B-event_name B-date B-place_name I-place_name,B-event_name B-event_name B-event_name I-event_name B-definition_word B-event_name I-event_name B-date B-date B-place_name I-place_name
tell me the news about share market <unk> and <unk>,B-news_topic I-news_topic I-news_topic I-news_topic I-news_topic,B-event_name B-personal_info B-definition_word B-news_topic B-news_topic B-news_topic I-news_topic I-news_topic I-news_topic I-news_topic
when is my <unk> birthday coming up,B-relation I-relation B-event_name,B-event_name B-event_name B-relation B-event_name B-event_name I-event_name I-event_name
olly find the nearest uber,B-transport_agency,B-transport_type I-business_type B-business_type B-business_type B-business_type
mark april twenty as my brother's birthday,B-date I-date B-relation I-relation,B-person B-date I-date I-date B-event_name B-relation I-relation
cnn headlines,B-media_type,B-media_type B-media_type
add <unk> five dollars in my expenses list,B-list_name,B-event_name B-event_name B-time I-time I-time I-time B-relation I-list_name
start celine dion songs,B-artist_name I-artist_name,B-player_setting B-game_name I-artist_name I-music_descriptor
whats <unk> bacon,B-food_type,B-person B-news_topic B-news_topic
where in dc is that meeting at one pm on friday,B-place_name B-event_name B-time I-time B-date,B-business_type B-place_name B-place_name B-place_name B-place_name B-event_name B-event_name B-time I-time I-time B-date
what is the highest rated movie now out,,B-business_type B-person B-definition_word B-weather_descriptor I-joke_type I-relation B-movie_name I-order_type
post this to my facebook <unk>,B-media_type,B-food_type B-date B-list_name B-place_name B-media_type I-media_type
which pole is colder south or north,,B-player_setting B-weather_descriptor B-person B-place_name I-person I-person I-place_name
i want to make a note on my calendar for the event tomorrow at the library,B-date B-place_name I-place_name,B-cooking_type B-date B-list_name B-food_type B-food_type B-event_name B-event_name B-event_name B-event_name I-event_name B-time I-time B-date B-date B-time B-place_name
resume animal farm,B-player_setting B-audiobook_name I-audiobook_name,B-player_setting B-audiobook_name I-audiobook_name
what should i make for dinner,B-meal_type,B-business_type B-definition_word B-cooking_type B-food_type B-food_type B-meal_type
what is the funniest joke ever,B-joke_type,B-business_type B-person B-definition_word B-personal_info B-joke_type B-joke_type
show me my calendar event this friday afternoon,B-date I-date B-timeofday,B-food_type B-personal_info B-list_name B-event_name B-event_name B-date B-date I-timeofday
give me an update on the election in one hour,B-event_name B-time I-time,B-personal_info B-personal_info B-event_name B-news_topic B-news_topic B-news_topic B-event_name B-time B-time I-time
what date is it,,B-business_type B-event_name B-event_name B-date
what's the recipe for fried chicken,B-food_type,B-person B-audiobook_name B-food_type B-food_type B-food_type I-food_type
play the song i listen to the most,,B-song_name B-audiobook_name B-song_name B-song_name I-song_name I-song_name I-song_name B-podcast_name
start some music play the radio,,B-player_setting B-music_genre B-device_type I-player_setting B-audiobook_name I-radio_name
what time is it in london,B-place_name,B-business_type B-person B-event_name B-event_name B-place_name B-place_name
schedule a lunch meeting with brent on wednesday at noon,B-event_name I-event_name B-person B-date B-timeofday,B-person B-event_name B-meal_type I-event_name I-event_name B-person I-person B-date B-date B-timeofday
is it anyone i knows birthday this month,B-event_name B-date I-date,B-person B-weather_descriptor B-weather_descriptor I-person B-time B-event_name B-date I-date
check emails,,B-media_type B-personal_info
make a coffee please,,B-food_type B-time B-device_type B-coffee_type
play audiobook of planets,B-media_type B-audiobook_name,B-song_name B-media_type B-audiobook_name B-audiobook_name
please define forensic,B-definition_word,B-player_setting B-definition_word B-definition_word
delete last item listed,,B-event_name B-date B-event_name B-event_name
have i received any emails from <unk> <unk>,B-person I-person,B-food_type B-cooking_type B-personal_info B-person B-personal_info B-person B-person I-person
book a train ticket from here to <unk> west virginia at eight am today,B-transport_type B-place_name I-place_name I-place_name B-time I-time B-date,B-media_type B-transport_type B-transport_type B-transport_type B-place_name B-place_name B-place_name B-place_name I-place_name I-place_name I-place_name B-time I-time B-date
play my midnight love playlist,B-playlist_name I-playlist_name,B-song_name B-playlist_name B-music_descriptor I-song_name I-playlist_name
what's my upcoming week look like,B-date I-date,B-person B-order_type B-relation B-time B-event_name I-event_name
have i received any emails in the last ten minutes,B-time I-time I-time,B-food_type B-cooking_type B-personal_info B-person B-personal_info B-time B-time B-time I-time I-time
how do i make a pizza,B-food_type,B-date I-list_name B-cooking_type B-food_type B-food_type B-food_type
show me the dim colour,,B-food_type B-personal_info B-date B-personal_info I-food_type
does pizza hut have delivery,B-business_name I-business_name B-order_type,B-event_name B-business_name I-business_name I-business_name B-order_type
what song is on the radio,,B-business_type B-song_name B-person B-date B-date B-event_name
which ocean touches at our continent,,B-player_setting B-artist_name B-artist_name B-time B-place_name I-place_name
cancel my seven am alarm,B-time I-time,B-date B-event_name B-time I-time I-time
tell me what i <unk> yesterday,B-date,B-event_name B-personal_info B-definition_word B-date B-definition_word B-date
any events this weekend in pondichery,B-date I-date B-place_name,B-event_name B-event_name B-date I-date I-date B-place_name
make a reminder of location a on calendar,,B-food_type B-time B-event_name B-event_name B-place_name B-list_name B-event_name B-event_name
send a tweet about <unk> volume issues,B-media_type B-business_name,B-event_name B-definition_word B-media_type B-business_name I-business_name I-business_name I-business_name
play and shuffle all slow music songs,B-player_setting I-player_setting I-player_setting,B-song_name B-radio_name B-player_setting I-player_setting B-music_genre I-music_genre I-music_genre
call taxi,B-transport_type,B-event_name B-transport_type
play the most recent podcast for this american life,B-podcast_descriptor I-podcast_descriptor I-podcast_descriptor B-podcast_name I-podcast_name,B-song_name B-audiobook_name B-playlist_name I-playlist_name I-podcast_descriptor I-podcast_descriptor B-date I-podcast_descriptor I-radio_name
when i came back from this place,B-place_name I-place_name,B-event_name B-song_name B-date B-date B-person B-date I-date
send an email to my assistant <unk> to cancel all appointments for tomorrow,B-relation B-person B-event_name B-date,B-event_name B-date B-personal_info B-relation B-relation B-relation I-relation I-event_name B-date B-event_name B-event_name I-event_name B-date
what is six divided by two,,B-business_type B-person B-time I-person I-time B-time
<unk> week's weather details,B-time I-time,B-event_name I-date I-date B-place_name
add practice to calendar on <unk> four at <unk> park at two pm,B-date I-date B-place_name I-place_name I-place_name B-time,B-event_name B-event_name I-event_name I-event_name B-event_name B-date B-time B-time B-place_name I-place_name B-place_name B-time I-time
read me the latest international news,B-place_name,B-player_setting B-media_type B-audiobook_name I-media_type B-news_topic I-news_topic
turn down the lights to medium,,B-player_setting B-device_type B-device_type B-device_type B-change_amount I-change_amount
turn off my wemo socket,B-device_type I-device_type,B-player_setting B-device_type B-device_type B-device_type I-device_type
please check my mails,,B-player_setting B-event_name B-relation B-relation
give me the description of a television <unk>,B-definition_word I-definition_word,B-personal_info B-personal_info B-audiobook_name B-definition_word B-definition_word B-definition_word B-definition_word I-definition_word
when is the next friday the thirteenth,B-date B-date I-date,B-event_name B-event_name B-date B-event_name B-date I-date I-date
please remind me to call mom in half an hour,B-event_name B-relation B-time I-time I-time I-time,B-player_setting B-event_name B-event_name B-event_name B-event_name B-relation I-event_name B-person I-time I-time
do i have any new friend requests,,I-list_name B-cooking_type B-personal_info B-event_name B-place_name B-personal_info B-person
cancel all my appointments,B-event_name,B-date B-event_name B-event_name B-event_name
what is twelve plus one hundred and ninety six,,B-business_type B-person B-time I-time I-time I-time I-time I-time I-time
can you make the lights go out,,B-business_type B-player_setting B-food_type B-audiobook_name B-device_type B-color_type B-color_type
i don't have enough money to buy the nintendo switch right now can you please remove it on my amazon <unk>,,B-cooking_type I-song_name B-food_type B-event_name I-event_name I-event_name I-event_name I-event_name B-timeofday I-device_type B-date B-date B-color_type B-color_type B-time B-event_name B-currency_name B-date B-list_name B-list_name I-event_name
i would like the like in the kitchen to be a different color,B-house_place,B-cooking_type B-personal_info B-color_type B-audiobook_name B-music_genre B-time I-time B-house_place B-change_amount B-house_place I-time B-business_name B-coffee_type
remind me to contact old friends that i have not talked with in six months before they pass,,B-event_name B-event_name B-event_name B-event_name I-person I-relation I-relation B-timeofday B-date B-event_name I-event_name I-event_name B-person B-time I-time I-time I-time I-time
my friend john has sent me a invitation card to his newly bought home say thanks to him in his mail id,B-relation B-person,B-relation B-relation B-person B-person I-person I-person B-event_name B-event_name I-event_name I-event_name B-person I-person I-place_name B-place_name I-place_name I-place_name B-list_name B-place_name B-time B-place_name I-place_name B-relation
play kiss fm for me,B-radio_name I-radio_name,B-song_name B-song_name I-radio_name I-radio_name I-song_name
let's play,,B-player_setting I-player_setting
what features do you have planned to release in the future,,B-business_type B-definition_word I-business_type B-food_type B-food_type B-person B-list_name B-time B-time B-time B-house_place
please send an email to cassy who is there on my family and friend list,B-person B-relation B-relation,B-player_setting B-event_name B-event_name B-personal_info B-relation B-person I-person B-person B-event_name B-date B-event_name B-relation I-event_name B-relation I-list_name
what is the latest news on donald trump,B-person I-person,B-business_type B-person B-definition_word B-news_topic B-news_topic B-news_topic B-person I-person
i had a problem with my burger can you tweet <unk>,B-media_type B-business_name,B-cooking_type B-weather_descriptor B-time B-event_name I-event_name B-relation I-relation I-relation I-time B-media_type B-business_name
this is a good tune please <unk> file accordingly,,B-date B-date B-definition_word B-joke_type B-business_type I-device_type I-device_type B-player_setting I-food_type
rap,B-music_genre,B-music_genre
what is the time in canada now,B-place_name,B-business_type B-person B-definition_word B-transport_type B-place_name B-place_name I-place_name
is there a meeting on my calendar this afternoon,B-event_name B-timeofday I-timeofday,B-person B-business_type B-event_name B-event_name B-event_name I-event_name B-event_name B-date I-timeofday
who is the singer of hotel california,B-song_name I-song_name,B-person B-person B-date B-weather_descriptor I-place_name B-place_name I-place_name
what time is the black <unk> gala dinner supposed to begin,B-event_name I-event_name I-event_name I-event_name,B-business_type B-person B-event_name B-event_name B-event_name I-event_name I-event_name I-timeofday I-place_name I-place_name B-place_name
what is on the agenda for the four pm meeting with joe,B-time I-time B-person,B-business_type B-person B-date B-date B-list_name I-event_name B-date B-time I-time B-event_name B-event_name B-person
set alarm at nine am on next sunday,B-time I-time B-date I-date,I-time B-weather_descriptor B-time B-time I-time B-date B-date I-date
initiate polling for new email,,B-time I-time B-time B-place_name B-personal_info
are there morning shows available,B-timeofday B-event_name,B-list_name B-event_name B-timeofday B-timeofday B-place_name
is my alarm set for tomorrow morning,B-date B-timeofday,B-person B-relation B-list_name B-time B-time B-date B-timeofday
i'm going to sleep now,,B-player_setting B-media_type B-list_name B-business_name I-business_name
hey play my favourite podcast from list,B-podcast_descriptor,B-time B-song_name B-playlist_name B-music_descriptor I-podcast_descriptor B-music_descriptor B-podcast_name
enable smart socket,B-device_type I-device_type,B-event_name B-device_type I-device_type
help me start my kitchen list,B-list_name,B-device_type B-media_type B-player_setting B-device_type B-house_place I-list_name
give me today's calendar events after six pm,B-date I-date B-time I-time,B-personal_info B-personal_info B-date I-date I-date B-time I-time I-time
remind me about the party tomorrow,B-event_name B-date,B-event_name B-event_name B-event_name B-event_name B-event_name B-date
who am i meeting today,B-event_name B-date,B-person B-artist_name B-date B-event_name B-date
when did elvis die,B-person,B-event_name B-event_name B-person I-person
give me the time of the events,,B-personal_info B-personal_info B-audiobook_name I-time I-time I-time B-place_name
play my favorite podcast please,,B-song_name B-playlist_name B-playlist_name B-podcast_descriptor B-podcast_descriptor
what reminders do i have,,B-business_type B-event_name B-person I-person B-food_type
begin a new list,,B-player_setting B-player_setting B-media_type B-list_name
please tell me the news headlines,,B-player_setting B-person B-personal_info B-definition_word B-news_topic B-media_type
<unk> channel,B-radio_name I-radio_name,B-event_name B-radio_name
please turn on my coffee pot,B-device_type I-device_type,B-player_setting B-player_setting I-player_setting B-device_type B-device_type I-device_type
send an email to john asking him what time works for the meeting,B-person B-event_name,B-event_name B-date B-personal_info B-relation B-person I-person I-person B-person B-person I-person I-event_name I-event_name B-event_name
tweet complaint to at,B-media_type,B-media_type B-business_name B-business_name B-business_name
remind me about the meeting tomorrow at six,B-event_name B-date B-time,B-event_name B-event_name B-event_name B-event_name B-event_name B-date B-date B-time
play radio <unk> for me,B-radio_name I-radio_name,B-song_name B-radio_name I-radio_name I-radio_name I-radio_name
i love this song,,B-cooking_type I-song_name B-date I-date
can i get <unk> on the radio in the bedroom,B-house_place,B-business_type B-cooking_type B-food_type B-food_type B-radio_name B-place_name B-radio_name I-radio_name B-place_name B-house_place
remind me to call mom every tuesday at ten am,B-event_name I-event_name B-general_frequency I-general_frequency B-time I-time,B-event_name B-event_name B-event_name B-event_name B-relation B-general_frequency B-date B-date B-time I-time
<unk> based news,B-news_topic I-news_topic,B-event_name B-place_name B-news_topic
play the song title,,B-song_name B-audiobook_name B-song_name B-song_name
add bananas to my shopping list,B-list_name,B-event_name B-event_name I-event_name B-list_name B-list_name I-list_name
what is the root of six hundred and twenty five,,B-business_type B-person B-definition_word B-personal_info I-news_topic B-time I-time I-time I-time I-time
i need this email sent now,,B-cooking_type B-weather_descriptor B-date B-personal_info B-personal_info B-relation
house change all lights to blue,B-color_type,B-house_place B-player_setting B-device_type I-device_type B-change_amount B-color_type
where was will <unk> <unk> last night,B-person I-person B-date I-date,B-business_type B-person B-person I-person I-person B-time I-date
please set this date to repeat,,B-player_setting B-device_type B-timeofday I-date I-event_name B-event_name
where does <unk> <unk> live,B-person I-person,B-business_type B-person B-person I-person I-place_name
open the folder app please,,B-player_setting B-audiobook_name B-media_type I-media_type I-audiobook_name
what should i cook for <unk>,B-event_name,B-business_type B-definition_word B-cooking_type B-cooking_type B-food_type B-food_type
is there any news olly,,B-person B-business_type B-business_type B-news_topic B-news_topic
add my opinion to this song great,,B-event_name B-event_name B-relation I-event_name B-date B-time B-song_name
check my to do list,B-list_name I-list_name,B-media_type B-relation B-list_name I-list_name I-list_name
coffee,,B-device_type
can they provide takeaway,B-order_type,B-business_type B-food_type B-date B-order_type
my party planning,B-event_name,B-relation B-list_name I-event_name
open contacts,,B-player_setting B-game_name
suffering <unk>,,B-date B-event_name
are there any fun events in la today,B-place_name B-date,B-list_name B-event_name B-event_name B-event_name I-event_name B-place_name B-place_name B-date
swimming,B-event_name,B-weather_descriptor
who takes less of duration of time for delivery,B-order_type,B-person B-person B-person I-person B-place_name I-business_name B-place_name I-business_name B-order_type
olly turn the news on,,B-transport_type B-player_setting B-audiobook_name B-house_place B-radio_name
please book a ticket of rajdhani express train from jaipur,B-transport_name I-transport_name B-transport_type B-place_name,B-player_setting B-media_type B-time B-transport_type I-time B-place_name I-transport_name B-transport_type B-transport_type B-place_name
trash the current list,,B-person B-audiobook_name B-news_topic B-list_name
train ticket,B-transport_type,B-transport_type B-transport_type
can you track my <unk> based on the way i speak,,B-business_type B-player_setting B-song_name B-list_name B-list_name I-event_name I-event_name B-date I-date I-date I-date
what is scheduled on my calendar today,B-date,B-business_type B-person B-person I-person B-date B-event_name B-date
i want to see the news,,B-cooking_type B-date B-list_name B-person B-food_type I-media_type
what's a good joke,B-joke_type,B-person B-definition_word B-joke_type B-joke_type
olly i'm looking for some dress shows can you find clothing stores within one mile,B-business_type I-business_type B-place_name I-place_name,B-transport_type B-business_type I-person I-business_name B-food_type B-food_type B-food_type B-order_type B-player_setting B-business_type B-business_type I-business_type B-place_name I-place_name I-place_name
check my social <unk>,B-media_type I-media_type,B-media_type B-relation B-media_type I-relation
play nineties hip hop,B-music_genre I-music_genre I-music_genre,B-song_name B-music_genre B-music_genre I-music_genre
show me the most recent emails,,B-food_type B-personal_info B-date B-business_type B-transport_type B-personal_info
please check my gmail for new mail,,B-player_setting B-event_name B-relation B-relation I-relation B-place_name I-relation
remind me i take mom to the <unk> thursday at one thousand one hundred am,B-relation B-relation I-relation B-date B-time I-time I-time I-time,B-event_name B-event_name B-event_name B-event_name B-relation I-event_name B-relation B-business_name B-date B-date B-time I-time I-date I-date I-time
will i need my snow boots this afternoon,B-weather_descriptor I-weather_descriptor B-timeofday I-timeofday,B-date B-weather_descriptor B-weather_descriptor B-weather_descriptor B-weather_descriptor I-weather_descriptor B-date I-timeofday
play the latest rock songs having rating of four or above,B-music_genre B-music_descriptor I-music_descriptor I-music_descriptor I-music_descriptor I-music_descriptor,B-song_name B-audiobook_name B-podcast_descriptor B-podcast_name I-music_descriptor I-music_descriptor B-music_descriptor I-music_descriptor I-music_descriptor I-music_descriptor I-music_descriptor
please remove my alarm,,B-player_setting B-event_name B-list_name B-list_name
show me any emails received in the last hour,B-time I-time,B-food_type B-personal_info B-event_name B-personal_info B-person B-time B-time B-time I-time
olly let's listen to hunt for read october,B-audiobook_name I-audiobook_name I-audiobook_name,B-transport_type B-business_name B-game_name B-radio_name B-audiobook_name I-audiobook_name I-audiobook_name I-audiobook_name
turn it up olly,,B-player_setting B-house_place I-player_setting B-house_place
send reply,,B-event_name B-person
olly please list the best clothing shops near me,B-business_type I-business_type,B-transport_type B-player_setting I-list_name B-list_name B-radio_name B-business_type I-business_type I-business_type I-business_type
what is the weather this week for miami,B-date I-date B-place_name,B-business_type B-person B-definition_word B-transport_type B-date I-date I-date B-place_name
what is on my to do list,B-list_name I-list_name,B-business_type B-person B-date B-place_name B-list_name I-list_name I-list_name
up load all my podcast,,I-player_setting B-event_name B-device_type B-event_name B-podcast_descriptor
play chess,B-game_name,B-song_name B-game_name
i need good ideas for cooking,,B-cooking_type B-weather_descriptor B-weather_descriptor B-weather_descriptor B-food_type B-food_type
play my radio station,,B-song_name B-playlist_name B-radio_name I-radio_name
olly anything else left on the list,,B-transport_type B-place_name I-place_name B-device_type I-player_setting B-audiobook_name B-list_name
look for apple pie recipe,B-food_type I-food_type,B-event_name B-food_type B-food_type I-food_type I-food_type
alexa how much do you know about me,,B-business_name B-business_type B-ingredient B-cooking_type B-food_type B-food_type B-person B-person
put hamburger on my grocery list,B-list_name,B-player_setting I-player_setting B-radio_name B-device_type B-list_name B-list_name
<unk>,,B-event_name
can you really see russia from alaska,B-place_name B-place_name,B-business_type B-player_setting B-song_name B-event_name B-food_type B-person B-place_name
<unk> adjust,,B-event_name B-person
what is a chair,B-definition_word,B-business_type B-person B-definition_word B-definition_word
remove my appointment with my doctor on saturday please,B-event_name B-relation I-relation B-date,B-list_name B-list_name B-event_name I-event_name B-relation B-relation I-event_name B-date B-date
upcoming events in calendar,B-event_name I-event_name,B-media_type B-event_name B-time B-place_name
what's my schedule like today,,B-person B-order_type B-artist_name I-artist_name B-date
what is the weather condition in new york,B-place_name I-place_name,B-business_type B-person B-definition_word B-transport_type B-place_name B-place_name B-place_name I-place_name
remove my next scheduled appointment please,B-event_name,B-list_name B-list_name B-event_name I-time B-event_name B-event_name
make a new alarm,,B-food_type B-time B-media_type B-list_name
please rate current song as five stars,,B-player_setting B-currency_name B-definition_word B-definition_word B-media_type B-artist_name I-person
play <unk> home <unk> on the car radio,B-device_type I-device_type,B-song_name B-song_name I-game_name I-game_name I-game_name I-song_name B-device_type I-device_type
what is the current time,,B-business_type B-person B-definition_word B-news_topic B-event_name
house can you make all the lights in the house blue,B-house_place B-color_type,B-house_place B-business_type B-player_setting B-food_type B-device_type B-device_type B-device_type B-time B-house_place B-house_place B-house_place
olly tweet walmart and tell them their customer service is horrible,B-media_type B-business_name,B-transport_type B-media_type B-business_name I-business_name B-business_name I-business_name I-business_name I-business_name I-business_name I-business_name I-business_name
please change time zone to canada,B-place_name,B-player_setting B-player_setting B-transport_type I-time_zone B-place_name B-place_name
is this song ed sheeran,B-artist_name I-artist_name,B-person B-date I-date B-artist_name B-event_name
tweet @,B-media_type,B-media_type B-business_name
play it again please,,B-song_name B-artist_name B-artist_name I-artist_name
what's the currency exchange rate for china,,B-person B-audiobook_name B-date B-currency_name B-currency_name B-currency_name B-currency_name
has robert emails me yet,B-person,B-person B-person I-person B-personal_info B-person
tell me what the weather is doing in grand rapids mi right now,B-place_name I-place_name I-place_name,B-event_name B-personal_info B-definition_word B-definition_word B-weather_descriptor B-weather_descriptor B-place_name B-place_name B-place_name I-place_name I-place_name B-date B-date
can you reply to charlotte that i am going to be busy with the <unk> for next three weeks,B-person B-time I-time I-time,B-business_type B-player_setting B-definition_word B-list_name B-person I-person I-person I-time B-event_name I-event_name B-business_name B-weather_descriptor I-event_name I-event_name I-event_name I-event_name B-date I-time I-time
do you know the name of the song that is playing,,I-list_name I-list_name B-person B-definition_word B-food_type I-audiobook_name B-place_name I-audiobook_name B-timeofday B-person B-event_name
power off the wemo plug,B-device_type I-device_type,B-place_name B-device_type B-device_type B-device_type I-device_type
start sirius xm radio channel,B-radio_name I-radio_name I-radio_name I-radio_name,B-player_setting B-app_name B-game_name I-radio_name I-radio_name
siri please turn the lights off in the bathroom,B-house_place,B-person B-player_setting B-player_setting B-device_type B-device_type I-device_type B-time B-house_place B-house_place
on my to <unk> remove mop kitchen,B-list_name I-list_name,B-radio_name B-media_type B-list_name B-list_name B-list_name B-list_name B-event_name
will the temperature be higher than forty tomorrow,B-weather_descriptor B-weather_descriptor I-weather_descriptor I-weather_descriptor B-date,B-date B-date B-weather_descriptor B-weather_descriptor I-weather_descriptor I-weather_descriptor B-time B-date
check for emails from steve,B-person,B-media_type I-event_name B-date B-person B-person
<unk> friendly,,B-event_name B-music_genre
olly how long should i boil the eggs,B-cooking_type B-food_type,B-transport_type I-business_type B-place_name B-person B-cooking_type B-cooking_type B-cooking_type B-food_type
define flabbergasted,B-definition_word,B-definition_word B-definition_word
alexa start email,,B-business_name B-player_setting B-game_name
activate the roomba,B-device_type,B-player_setting B-device_type B-device_type
what is the traffic like now,,B-business_type B-person B-definition_word B-business_type B-place_name B-place_name
tweet samsung and tell them to stop <unk> people with their products,B-media_type B-business_name,B-media_type B-business_name I-business_name B-business_name I-business_name I-business_name I-business_name I-business_name I-business_name B-order_type B-person I-business_name
give me a weather report for las vegas,B-place_name I-place_name,B-personal_info B-personal_info B-list_name B-transport_type B-place_name B-place_name B-place_name I-place_name
check my email for any new email from joe,B-person,B-media_type B-relation B-personal_info I-relation B-person B-place_name B-personal_info B-person B-person
olly what are new drama movies opening this weekend,B-movie_type B-time,B-transport_type B-person B-definition_word B-place_name B-email_address B-movie_name B-date B-date I-date
details on person,,B-place_name I-player_setting B-event_name
what are pounds worth right now,B-currency_name,B-business_type B-definition_word B-definition_word B-person B-news_topic I-news_topic
open google keep,B-app_name I-app_name,B-player_setting B-business_name I-business_name
please send an email to sally regarding tomorrows meeting,B-person B-date B-event_name,B-player_setting B-event_name B-event_name B-personal_info B-relation B-person I-person I-person B-event_name
what's the week's forecast,B-time,B-person B-audiobook_name B-news_topic I-date
whats the current weather,,B-person B-audiobook_name B-news_topic B-transport_type
call an <unk> to get me at long island bar,B-transport_type B-place_name I-place_name I-place_name,B-event_name B-date B-person I-business_type B-place_name B-order_type B-time B-place_name I-place_name I-place_name
remind me the wedding on time to buy a present,B-event_name,B-event_name B-event_name B-event_name B-event_name I-event_name B-event_name I-event_name B-event_name I-event_name I-event_name
show me podcasts,,B-food_type B-personal_info B-business_name
add a lunch with mike,B-meal_type B-person,B-event_name B-event_name B-meal_type I-event_name B-person
say the time,,B-person B-audiobook_name B-event_name
wake me up at five am,B-time I-time,B-alarm_type B-personal_info I-alarm_type B-time B-time I-time
can you book an uber after i left for office,B-transport_agency,B-business_type B-player_setting B-media_type I-time B-transport_agency B-time B-date B-timeofday I-time B-event_name
what's the latest news from cnn please,B-media_type,B-person B-audiobook_name B-news_topic B-news_topic B-media_type B-media_type B-news_topic
please book train ticket from mumbai to sangli for tomorrow morning,B-transport_type B-place_name B-place_name B-date B-timeofday,B-player_setting B-media_type B-transport_type B-transport_type B-place_name B-place_name I-place_name B-place_name I-place_name B-date B-timeofday
show john's contact information,B-person I-person,B-food_type B-person I-person I-person
what are the <unk> conditions in that area,,B-business_type B-definition_word B-definition_word B-event_name B-food_type I-food_type B-food_type B-place_name
turn off porch light,B-house_place,B-player_setting B-device_type B-house_place I-device_type
tell me the current price of <unk> <unk> stock,B-business_name I-business_name,B-event_name B-personal_info B-definition_word B-news_topic B-news_topic I-news_topic B-business_name I-business_name I-business_name
what is my next reminder,,B-business_type B-person B-relation B-date B-event_name
what do i have scheduled for the nineteenth at two pm,B-date I-date B-time I-time,B-business_type I-list_name B-cooking_type B-food_type B-event_name B-time B-time B-time I-time B-time I-time
travel book a train ticket,B-transport_type,B-song_name B-media_type B-transport_type B-transport_type B-transport_type
train times from near me to location,B-place_name,B-transport_type B-place_name B-place_name B-place_name I-place_name B-place_name B-place_name
what's the temperature outside,B-weather_descriptor,B-person B-audiobook_name B-weather_descriptor B-weather_descriptor
what is the wake up time for my alarm i have set for the flight this weekend,B-alarm_type I-alarm_type B-date I-date,B-business_type B-person B-definition_word B-alarm_type I-alarm_type B-person B-place_name I-weather_descriptor B-list_name B-date I-time I-time B-time B-time B-event_name B-timeofday I-date
where is the nearest gas station,B-business_type I-business_type,B-business_type B-person B-place_name B-business_type B-business_type I-business_type
open davinci code audiobook,B-audiobook_name I-audiobook_name B-media_type,B-player_setting B-media_type B-game_name B-media_type
inform my group that the new meeting date is tomorrow,B-event_name B-date,B-date B-list_name B-event_name I-event_name I-event_name B-list_name B-event_name I-event_name B-date B-date
prepare email for susan,B-person,B-food_type B-personal_info B-person B-person
remind me to start getting ready by five pm please,B-event_name I-event_name B-time I-time,B-event_name B-event_name B-event_name B-player_setting B-event_name I-event_name I-event_name B-time I-time I-time
this new email should be added to my contact,,B-date B-media_type B-personal_info B-email_address B-person B-person B-person B-relation B-relation
keep me up to date with today's <unk> scores,B-date I-date B-news_topic,B-player_setting B-personal_info B-person B-list_name B-event_name I-event_name B-date I-date I-date
when does the <unk> train run today,B-transport_type B-date,B-event_name B-event_name B-date B-event_name B-transport_type B-transport_type B-date
please get the coffee machine to make me some coffee,B-device_type I-device_type,B-player_setting B-food_type B-place_name B-device_type I-device_type I-device_type I-device_type B-food_type B-food_type B-food_type
i would like to know the best rating pubs in the local area,B-business_type,B-cooking_type B-personal_info B-color_type B-list_name B-person B-audiobook_name B-business_type B-food_type I-business_type I-business_type B-time B-place_name I-place_name
share in friends post,,B-media_type B-time B-relation I-business_name
i want to know about this song,,B-cooking_type B-date B-list_name B-person B-person B-date I-date
play youtube playlist blank,B-media_type,B-song_name B-media_type I-playlist_name I-playlist_name
best rap music,B-music_genre,B-radio_name B-music_genre I-music_genre
please put all the lights,B-device_type I-device_type I-device_type,B-player_setting B-player_setting B-device_type B-device_type B-device_type
check meeting schedule in todays mail,B-event_name B-date,B-media_type B-event_name B-person B-person B-date I-person
how long do you cook a fifteen pound turkey,B-food_type,B-date B-place_name I-business_type B-cooking_type B-cooking_type B-food_type B-food_type B-food_type I-food_type
is there anything happening on jazz <unk> around edinburgh,B-movie_type I-movie_type B-place_name,B-person B-business_type B-business_type I-event_name I-event_name B-music_genre I-news_topic I-news_topic B-time
let me know in two hours that i have to leave for my <unk> <unk> that's at four pm at <unk>,B-time I-time B-event_name I-event_name B-time I-time,B-relation B-artist_name B-person B-time B-time I-time I-time I-time I-time B-list_name B-event_name I-event_name B-relation I-relation I-event_name I-event_name I-event_name B-time I-time I-time B-place_name
what i am going to do today,B-date,B-business_type B-date I-time B-weather_descriptor B-weather_descriptor I-list_name B-date
resume harry potter book four,B-player_setting B-audiobook_name I-audiobook_name I-audiobook_name I-audiobook_name,B-player_setting B-audiobook_name I-audiobook_name I-audiobook_name I-audiobook_name
reply email,,B-date B-personal_info
i need to order some food from papa john's,B-business_name I-business_name,B-cooking_type B-weather_descriptor B-list_name B-business_name B-food_type I-food_type B-order_type B-business_name I-business_name
please alert me a day before jeff's birthday,B-date I-date I-date B-person I-person,B-player_setting B-device_type B-event_name B-event_name B-event_name I-time B-event_name B-event_name
mute for one hour,B-time I-time,B-weather_descriptor B-time B-time I-time
when is the next train to glasgow from <unk>,B-transport_type B-place_name B-place_name,B-event_name B-event_name B-date B-event_name B-transport_type B-transport_type B-place_name B-place_name B-place_name
set an alert for two pm,B-time I-time,I-time B-event_name B-event_name I-event_name B-time I-time
add a meeting to my calendar for nine am with tom,B-event_name B-time I-time B-person,B-event_name B-event_name B-event_name I-event_name B-relation B-relation B-time B-time I-time B-event_name B-person
play previous song,B-music_descriptor B-song_name,B-song_name B-podcast_descriptor I-song_name
write an email to my family saying i love you all,B-relation,B-business_name B-event_name B-personal_info B-relation B-relation B-relation I-relation I-list_name B-general_frequency B-song_name B-event_name
most <unk> list,,B-playlist_name I-podcast_name I-list_name
email jerry regarding the meeting,B-person B-event_name,B-personal_info B-person I-person I-person B-event_name
would you love to see,,B-player_setting B-player_setting B-song_name B-list_name B-song_name
do i need umbrella for night,B-weather_descriptor B-timeofday,I-list_name B-cooking_type B-weather_descriptor B-weather_descriptor B-weather_descriptor B-timeofday
current weather,,I-news_topic B-date
check most current emails,,B-media_type I-relation I-music_descriptor B-date
did i receive any new emails from dan,B-person,B-person B-date B-person B-artist_name B-event_name B-date B-person B-person
<unk> away my to do list please,B-list_name I-list_name,B-event_name B-place_name B-list_name B-list_name I-list_name I-list_name I-list_name
hold,B-player_setting,B-event_name
<unk> needs to talk to me about our divorce can you please set up a meeting as soon as i am available,B-person B-event_name B-event_name,B-event_name B-person B-list_name B-place_name B-list_name B-list_name B-person B-event_name B-event_name I-event_name I-event_name B-event_name B-event_name I-event_name B-change_amount B-event_name I-event_name B-person B-person I-person I-time B-person
i want to hear purple haze,B-song_name I-song_name,B-cooking_type B-date B-list_name B-song_name B-song_name I-song_name
what's was the upcoming event,,B-person B-person B-date B-event_name B-event_name
time between us and canada,B-place_name B-place_name,I-movie_name B-place_name B-place_name I-date B-place_name
my set alarms,,B-relation B-device_type B-time
what was the first movie of morgan freeman,B-person I-person,B-business_type B-person B-date B-date B-event_name I-event_name B-person I-person
house lights blue,B-color_type,B-house_place I-device_type B-color_type
next song,,B-podcast_descriptor I-song_name
what is the yen worth,B-currency_name,B-business_type B-person B-definition_word B-currency_name B-currency_name
i really enjoy this song,,B-cooking_type B-song_name B-artist_name B-date I-date
open company name and find complaints,B-business_name I-business_name,B-player_setting B-business_name I-business_name I-business_name I-business_name B-place_name
what is the time difference between california and new york,B-place_name B-place_name I-place_name,B-business_type B-person B-definition_word B-transport_type B-time_zone B-time_zone B-place_name B-place_name B-place_name I-place_name
can you increase the brightness in the room,B-house_place,B-business_type B-player_setting B-event_name B-audiobook_name B-device_type B-house_place B-house_place B-house_place
clear everything off my calendar for the rest of the year,B-date I-date I-date I-date,B-person B-definition_word I-date B-device_type B-event_name I-event_name B-date I-time I-time I-time I-date
start and email to john smith,B-person I-person,B-player_setting I-player_setting B-game_name B-list_name B-person I-person
how much is starbuck's stock these days,B-business_name I-business_name,B-date B-currency_name B-currency_name B-business_name I-business_name B-business_name I-business_name
which contact haven't i called in twelve months,B-time,B-player_setting B-personal_info B-business_name B-cooking_type B-personal_info B-time B-time I-time
play the song let it go,B-song_name I-song_name I-song_name,B-song_name B-audiobook_name B-song_name B-song_name I-song_name I-song_name
how much wood could a woodchuck chuck if a woodchuck could chuck wood,,B-date B-currency_name B-currency_name I-currency_name I-business_name B-food_type I-food_type I-food_type B-order_type B-food_type I-food_type I-food_type I-food_type
find naty from my contacts and send her an email,B-person,I-business_type B-place_name B-media_type B-list_name B-list_name I-food_type B-event_name B-media_type B-list_name B-personal_info
what is mr <unk> phone number it is in my contacts,B-business_name I-business_name I-business_name B-personal_info I-personal_info,B-business_type B-person B-business_name I-person I-news_topic B-personal_info I-personal_info B-person B-place_name B-place_name B-list_name
could you please find me the latest news from a source that i do not usually go to,,B-meal_type B-player_setting B-event_name B-definition_word B-artist_name B-device_type B-podcast_descriptor B-news_topic B-media_type B-media_type B-media_type I-media_type B-media_type I-list_name B-media_type I-media_type I-media_type I-event_name
what are the trending articles on the new york times,B-media_type I-media_type I-media_type,B-business_type B-definition_word B-definition_word B-news_topic B-media_type I-news_topic B-news_topic B-media_type I-media_type I-media_type
make sure there is no events on my calendar,,B-food_type B-event_name B-event_name B-event_name B-event_name I-transport_name I-event_name B-place_name B-event_name
what is the <unk> of <unk> <unk>,B-person I-person,B-business_type B-person B-definition_word B-personal_info I-news_topic B-place_name I-place_name
get rid of all my scheduled events,,B-event_name B-list_name I-list_name B-place_name B-list_name I-event_name B-date
can you remove this item from the list,,B-business_type B-player_setting B-event_name B-date B-event_name B-list_name B-list_name B-list_name
i want to listen to the latest mike and mike podcast,B-podcast_name I-podcast_name I-podcast_name,B-cooking_type B-date B-list_name B-radio_name B-radio_name B-radio_name B-podcast_descriptor B-person I-radio_name B-person I-podcast_name
today the following happened to me i had a meeting with george,B-date B-event_name B-person,B-date B-date I-date B-event_name B-list_name B-artist_name B-date B-date B-time B-event_name I-event_name B-person
how cold will it get each night this week,B-weather_descriptor B-general_frequency I-general_frequency B-date I-date,B-date B-weather_descriptor B-weather_descriptor B-weather_descriptor B-weather_descriptor I-weather_descriptor B-time B-date I-date
olly do i have any new emails,,B-transport_type I-list_name B-cooking_type B-personal_info B-event_name B-place_name B-personal_info
alexa change the radio station,,B-business_name B-player_setting B-place_name B-house_place I-radio_name
please let me know the dog shows events going on in my home town,B-event_name I-event_name B-place_name I-place_name,B-player_setting B-event_name B-personal_info B-person B-date B-list_name B-person B-date I-date B-date B-date B-place_name B-place_name I-place_name
find information on today's stocks,B-date I-date,I-business_type B-business_type B-radio_name B-date I-date
search in the web for buying <unk> for <unk>,,I-podcast_name B-time B-house_place B-house_place I-place_name B-place_name I-place_name I-place_name B-place_name
put my dinner at red lobster on the calendar for today at nine,B-meal_type B-place_name I-place_name B-date B-time,B-player_setting B-playlist_name B-meal_type B-media_type B-radio_name I-place_name B-radio_name B-place_name B-media_type B-date B-date B-date B-time
can you erase the haircut i have scheduled for friday,B-event_name B-date,B-business_type B-player_setting B-event_name B-audiobook_name B-event_name I-event_name I-list_name B-event_name B-time B-date
remind me to pick up mark at the airport at six pm,B-event_name I-event_name I-event_name B-place_name B-time I-time,B-event_name B-event_name B-event_name B-event_name I-event_name I-event_name I-event_name B-time B-place_name B-place_name B-time I-time
display date,,B-place_name B-event_name
exchange rate of euro with dollar,B-currency_name B-currency_name,B-currency_name B-currency_name B-currency_name B-currency_name B-currency_name B-currency_name
resume born to run,B-player_setting B-song_name I-song_name I-song_name,B-player_setting B-audiobook_name B-audiobook_name I-audiobook_name
play <unk> from my rock playlist,B-artist_name B-music_genre,B-song_name B-song_name I-song_name B-playlist_name I-music_genre I-playlist_name
are there any new emails received after four o'clock today,B-time I-time B-date,B-list_name B-event_name B-event_name B-place_name B-personal_info B-person B-time B-time I-time B-date
get rid of the list google,,B-event_name B-list_name I-list_name B-place_name B-list_name B-list_name
play me a game of tic tac toe,B-game_name I-game_name I-game_name,B-song_name B-artist_name B-music_genre B-game_name B-game_name B-game_name I-game_name I-game_name
when does my alarm go off,,B-event_name B-event_name B-relation B-list_name B-relation B-place_name
i want to hear any songs that got <unk> this year,,B-cooking_type B-date B-list_name B-song_name B-song_name I-artist_name I-artist_name I-artist_name I-song_name B-date B-date
tell me if taco bell delivers,B-business_name I-business_name,B-event_name B-personal_info B-business_name B-business_name I-business_name I-business_name
define blanket,B-definition_word,B-definition_word B-definition_word
please give me information about john abraham lincon,B-person I-person I-person,B-player_setting B-definition_word B-personal_info B-music_genre B-person B-person I-person I-person
please tell me the latest news,,B-player_setting B-person B-personal_info B-definition_word I-media_type B-news_topic
where is new <unk> located on a map,B-place_name I-place_name,B-business_type B-person B-place_name I-place_name I-place_name I-news_topic B-date B-event_name
lets send a tweet,B-media_type,B-player_setting B-game_name B-definition_word B-media_type
how hot is it in <unk>,B-weather_descriptor B-place_name,B-date B-weather_descriptor B-weather_descriptor B-weather_descriptor B-place_name B-place_name
trash my list,,B-person B-list_name B-list_name
i need to make a list,,B-cooking_type B-weather_descriptor B-list_name B-food_type B-list_name B-list_name
where are the rocky mountains,,B-business_type B-place_name B-place_name I-place_name I-place_name
i need to talk to mom,B-relation,B-cooking_type B-weather_descriptor B-list_name B-place_name B-list_name B-relation
please add an email for john doe to my contacts johndoe@yahoo dot com,B-person I-person B-email_address I-email_address I-email_address,B-player_setting B-event_name B-event_name B-personal_info I-event_name B-person I-person I-person B-relation B-list_name I-list_name I-email_address I-email_address
is there a <unk> train from london to paris and what time,B-transport_type B-place_name B-place_name,B-person B-business_type B-event_name B-business_type B-transport_type B-transport_type B-place_name B-place_name B-place_name I-place_name B-place_name I-place_name
respond with,,B-person B-person
title of song,,I-personal_info I-personal_info B-song_name
what is the increase in stock value over the past week of disney,B-business_name,B-business_type B-person B-definition_word B-event_name B-time B-business_name B-business_name I-business_name I-time I-date I-date I-date B-place_name
delete calendar item,,B-event_name B-event_name B-event_name
remove next monday's meeting,B-date I-date I-date,B-list_name B-date I-date B-event_name
continue the last <unk> of the audio book i was listening to,B-player_setting B-media_type I-media_type,B-player_setting B-audiobook_name B-song_name I-song_name I-song_name I-song_name B-media_type I-media_type I-audiobook_name B-audiobook_name B-person I-event_name
google save all the songs i have listened to more than once,,B-business_name B-relation B-event_name B-event_name B-device_type I-time I-artist_name B-event_name B-list_name B-person B-media_type I-person
play a game with me,,B-song_name B-music_genre B-game_name B-game_name B-game_name
become a <unk>,,B-player_setting B-change_amount B-event_name
what color are <unk>,,B-business_type B-definition_word B-definition_word B-food_type
dollar to euro exchange rate,B-currency_name B-currency_name,B-currency_name B-list_name B-currency_name B-currency_name I-currency_name
set a meeting between myself and john at two pm tomorrow,B-event_name B-person B-time I-time B-date,I-time B-event_name B-event_name I-event_name B-time I-time B-person B-person B-time I-time B-date
what is the current time in chennai,B-place_name,B-business_type B-person B-definition_word B-news_topic B-event_name B-place_name B-place_name
did i leave the light on in the garage,B-house_place,B-person B-date B-weather_descriptor B-place_name B-event_name I-event_name B-time B-time B-house_place
how is it outside today,B-date,B-date B-person B-weather_descriptor B-weather_descriptor B-date
is the song by shakira,B-artist_name,B-person B-date B-event_name B-artist_name B-artist_name
i need to create a new to do list,B-list_name I-list_name,B-cooking_type B-weather_descriptor B-list_name B-place_name B-list_name B-list_name B-list_name I-list_name I-list_name
what's the answer to the universe,,B-person B-audiobook_name B-person B-definition_word B-definition_word B-business_name
remove <unk> dinner with <unk>,B-event_name I-event_name I-event_name I-event_name,B-list_name B-event_name B-meal_type I-event_name B-person
<unk> <unk> lights,,B-event_name B-event_name I-device_type
please send to new email address listed,,B-player_setting B-event_name B-relation B-place_name B-personal_info B-email_address B-person
did i leave myself any reminders,,B-person B-date B-weather_descriptor I-event_name B-event_name B-event_name
please play some jazz music,B-music_genre I-music_genre,B-player_setting B-artist_name B-music_genre B-music_genre I-music_genre
add red wine to my shopping list,B-list_name I-list_name,B-event_name B-color_type I-event_name I-event_name B-relation B-list_name I-list_name
the weather was bad today,B-date,B-date B-transport_type B-date B-weather_descriptor B-date
in which field does that person <unk> in,,B-time B-place_name I-place_name B-event_name B-timeofday B-business_type B-business_type B-place_name
i want the light to be a little more red <unk>,B-color_type I-color_type,B-cooking_type B-date B-audiobook_name B-device_type B-change_amount I-change_amount B-change_amount I-change_amount B-media_type B-color_type B-color_type
contacts please,,B-date B-player_setting
play silent song,B-song_name,B-song_name B-artist_name I-song_name
answer to pawel's email,B-person I-person,B-person B-list_name B-business_name I-person
i have a nine am meeting on wednesday send me a reminder,B-time I-time B-event_name B-date,B-cooking_type B-food_type B-list_name B-time I-time B-event_name B-event_name B-date I-general_frequency I-event_name B-event_name B-event_name
which is the highest peak in the world,B-place_name,B-player_setting B-person B-date B-weather_descriptor I-joke_type I-weather_descriptor B-place_name B-place_name
can i get a recipe for tuna,B-food_type,B-business_type B-cooking_type B-food_type B-list_name B-food_type B-food_type B-food_type
play a <unk> playlist,B-playlist_name I-playlist_name,B-song_name B-music_genre B-music_descriptor I-playlist_name
find exchange rate for u. s. d. to pound,B-currency_name I-currency_name I-currency_name B-currency_name,I-business_type B-currency_name B-currency_name B-currency_name B-currency_name I-currency_name I-currency_name I-currency_name B-currency_name
set feeling happy status on facebook,B-media_type,I-time B-relation B-event_name I-event_name I-event_name B-media_type
check unread emails from amy,B-person,B-media_type I-game_name B-date B-person B-person
can you play me a rap song on the radio,B-music_genre,B-business_type B-player_setting B-song_name B-artist_name B-music_genre B-music_genre I-song_name B-song_name I-song_name I-radio_name
remove the latest alarm,,B-list_name B-list_name B-event_name B-event_name
i like <unk> songs,B-artist_name,B-cooking_type B-music_genre B-music_genre B-music_genre
turn off all lights,B-device_type I-device_type,B-player_setting B-device_type B-device_type I-device_type
play all order of the green hand from previous week,B-podcast_name I-podcast_name I-podcast_name I-podcast_name I-podcast_name,B-song_name B-song_name I-song_name I-song_name I-podcast_name I-podcast_name I-podcast_name I-podcast_name B-podcast_descriptor I-radio_name
turn down lights,,B-player_setting B-device_type I-device_type
give me my latest email,,B-personal_info B-personal_info B-relation I-media_type B-personal_info
find a description about a samsung tv,B-definition_word I-definition_word,I-business_type B-business_type B-business_type B-definition_word B-definition_word B-definition_word I-definition_word
post hey everyone on facebook,B-media_type,B-food_type B-time I-time I-date B-media_type
the news from cbs alexa,B-media_type,B-date I-media_type B-media_type B-media_type I-media_type
can i order take out from <unk>,B-order_type I-order_type B-business_name,B-business_type B-cooking_type B-food_type B-order_type I-order_type I-weather_descriptor B-business_name
remove shopping list,B-list_name,B-list_name B-list_name B-list_name
it is a sunny day today right,B-weather_descriptor B-date,B-weather_descriptor B-person B-weather_descriptor B-weather_descriptor B-weather_descriptor B-date B-date
how is the weather in san francisco,B-place_name I-place_name,B-date B-person B-date B-weather_descriptor B-place_name B-place_name I-place_name
latest news from the area,,I-media_type B-news_topic B-media_type B-media_type B-media_type
i wish to know the weather in san <unk>,B-place_name I-place_name,B-cooking_type B-place_name B-list_name B-person B-audiobook_name B-food_type B-time B-place_name I-place_name
ticket for bombay,B-place_name,B-date B-time B-event_name
i helped a poor needy today olly,B-date,B-cooking_type B-weather_descriptor B-list_name B-food_type I-food_type B-date B-time
please check the weather in kansas,B-place_name,B-player_setting B-event_name B-definition_word B-date B-time B-place_name
any breaking news from the huffington post,B-media_type I-media_type,B-event_name B-business_type I-media_type B-media_type B-media_type B-media_type I-media_type
i just got an email from bill i need to answer it right now,,B-cooking_type B-weather_descriptor B-person B-event_name B-personal_info B-person B-person I-person B-weather_descriptor B-weather_descriptor B-person B-weather_descriptor B-date I-date
the definition of life,B-definition_word,B-date B-definition_word B-definition_word B-definition_word
how many new emails have i received today,B-date,B-date B-event_name B-place_name B-personal_info B-person B-person B-person B-date
when does the super bowl officially start,B-event_name I-event_name,B-event_name B-event_name B-date B-event_name B-transport_name I-place_name B-player_setting
olly get me the popular news from bbc,B-media_type,B-transport_type B-food_type B-transport_type B-place_name B-place_name I-media_type B-media_type B-media_type
what is the time in china,B-place_name,B-business_type B-person B-definition_word B-transport_type B-place_name B-place_name
make a grocery list please,B-list_name,B-food_type B-time B-list_name B-list_name I-list_name
should i take a sweater or a coat to work today,B-weather_descriptor B-weather_descriptor B-date,B-business_name B-cooking_type B-order_type B-weather_descriptor B-weather_descriptor I-weather_descriptor I-weather_descriptor I-weather_descriptor B-weather_descriptor B-place_name B-date
play the most popular song by given artist,,B-song_name B-audiobook_name B-playlist_name I-podcast_name B-song_name B-artist_name B-artist_name I-artist_name
olly give me some dim light,,B-transport_type B-media_type B-personal_info B-music_genre B-music_genre I-device_type
tell me some best tourist places to visit in america,B-place_name I-place_name I-place_name B-place_name,B-event_name B-personal_info B-music_genre B-joke_type B-business_type B-business_type I-business_type B-business_name I-food_type B-place_name
if there is event of show then remove it,,B-media_type B-event_name B-event_name B-event_name B-event_name B-event_name B-date B-date B-date
text an email to donna hey what are you doing today,B-person B-date,B-person B-event_name B-personal_info B-relation B-person I-person B-person B-event_name B-relation B-event_name B-date
what all goes into a red <unk> cake,B-food_type I-food_type I-food_type,B-business_type B-business_type B-business_type I-business_type B-business_type B-business_type I-food_type I-food_type
how would you describe a happy birthday,B-definition_word I-definition_word,B-date B-currency_name B-definition_word B-definition_word B-definition_word B-definition_word I-definition_word
get me a person <unk>,,B-event_name B-order_type B-list_name B-event_name I-event_name
what is price of dollar,B-currency_name,B-business_type B-person B-business_name B-business_name B-currency_name
send me a reminder of my meeting with tom next friday,B-event_name B-person B-date,B-event_name I-business_name B-event_name B-event_name I-event_name B-relation B-event_name I-event_name B-person B-date B-date
please set a notification on twenty third october about meeting with my colleague,B-date I-date I-date B-event_name B-relation,B-player_setting B-device_type B-event_name B-time B-date B-date I-date I-date I-date B-event_name I-event_name B-relation B-relation
start podcasts on <unk>,B-podcast_name,B-player_setting B-audiobook_name B-radio_name B-media_type
please check the trending topics on twitter,B-media_type,B-player_setting B-event_name B-definition_word B-device_type B-person I-person B-media_type
tell me about city traffic,B-place_name,B-event_name B-personal_info B-definition_word B-place_name B-place_name
lets hear the united states of anxiety podcast,B-podcast_name I-podcast_name I-podcast_name I-podcast_name I-podcast_name,B-player_setting B-player_setting B-audiobook_name B-music_genre I-artist_name I-podcast_name I-podcast_name I-podcast_name
give me the list of available train tickets from edinburgh to leeds,B-transport_type B-place_name B-place_name,B-personal_info B-personal_info B-audiobook_name B-list_name B-list_name B-relation B-transport_type B-person B-person B-place_name B-list_name B-place_name
check definition of capricious,B-definition_word,B-media_type B-definition_word B-definition_word B-definition_word
what's the time in australia,,B-person B-audiobook_name I-movie_name B-time B-place_name
cancel next meeting,B-event_name,B-date B-date B-event_name
please mute my speaker,,B-player_setting B-device_type B-device_type B-relation
power on wemo,B-device_type,B-place_name B-radio_name B-device_type
music third day,B-artist_name I-artist_name,B-media_type I-device_type I-date
please turn my speakers on google,,B-player_setting B-player_setting B-device_type B-device_type B-radio_name B-radio_name
please play this playback on audiobook,B-media_type,B-player_setting B-artist_name B-date B-podcast_name B-app_name B-media_type
start <unk> five of physics for future <unk>,B-player_setting I-player_setting I-player_setting B-audiobook_name I-audiobook_name I-audiobook_name I-audiobook_name,B-player_setting B-game_name I-player_setting I-audiobook_name I-audiobook_name I-audiobook_name I-game_name I-game_name
search for podcasts that <unk> men's issues,B-media_type B-podcast_descriptor I-podcast_descriptor,I-podcast_name B-game_name B-date I-date B-event_name I-event_name I-event_name
can you delete the next event,,B-business_type B-player_setting B-event_name B-event_name B-podcast_descriptor B-event_name
turn the living <unk> light off,B-house_place I-house_place I-house_place,B-player_setting B-audiobook_name B-house_place I-house_place I-device_type I-device_type
find an oscar <unk> movie,,I-business_type B-date B-event_name I-business_type I-movie_type
do i have a meeting on saturday march twenty fifth,B-event_name B-date B-date I-date I-date,I-list_name B-cooking_type B-personal_info B-list_name B-event_name B-event_name B-date B-date I-date I-date
turn up the volume on my speakers,,B-player_setting I-player_setting B-audiobook_name B-device_type B-change_amount B-change_amount B-device_type
hey olly play the radio,,B-time B-transport_type B-song_name B-audiobook_name B-radio_name
hey reply a mail which i received,,B-time B-date B-definition_word B-personal_info B-person I-person B-person
please list all my alarms,,B-player_setting I-list_name B-event_name B-event_name I-event_name
tell me today's direction,B-date I-date,B-event_name B-personal_info B-date I-date
remove the alarm for tomorrow,B-date,B-list_name B-list_name B-list_name B-time B-date
clear data,,B-person B-person
play songs by barenaked ladies,B-artist_name I-artist_name,B-song_name B-music_genre B-artist_name B-artist_name I-artist_name
remind me to move so there is no weight gain,,B-event_name B-event_name B-event_name B-event_name I-event_name B-event_name B-event_name B-date I-event_name I-event_name
what's new in the news,,B-person B-media_type B-place_name B-news_topic B-news_topic
what's this week's weather,B-date I-date,B-person B-date I-date I-date
please change the light colors to red,B-color_type,B-player_setting B-player_setting B-device_type B-device_type I-device_type B-change_amount B-color_type
set the speakers to mute,,I-time B-device_type B-device_type B-change_amount I-change_amount
change the station to eighty two point four,B-radio_name I-radio_name I-radio_name I-radio_name,B-player_setting B-audiobook_name B-device_type B-change_amount B-radio_name I-radio_name I-radio_name I-radio_name
mention event in calendar with others,,B-date I-event_name B-time B-place_name I-event_name B-person
is dinner ready yet,B-meal_type,B-person B-meal_type I-news_topic I-news_topic
what alarms are set,,B-business_type B-definition_word I-food_type I-event_name
compose an email to bob,B-person,B-event_name B-event_name B-personal_info B-relation B-person
can you tell me about animal <unk> in amazon forest,B-place_name I-place_name,B-business_type B-player_setting B-definition_word B-order_type B-definition_word B-definition_word I-definition_word B-place_name B-place_name I-place_name
for how many years was abraham lincoln president of united states,,B-time B-date B-event_name B-currency_name B-person B-person I-person I-person I-person B-place_name I-person
what are the latest news headlines,,B-business_type B-definition_word B-definition_word B-news_topic B-news_topic B-news_topic
book me a train ticket,B-transport_type,B-media_type I-media_type B-transport_type B-transport_type B-transport_type
today i searched all over for my phone and couldn't find it,B-date,B-date B-date B-time B-event_name B-event_name I-event_name B-event_name I-event_name I-event_name I-event_name I-event_name I-event_name
show bbc news of migration,B-media_type B-news_topic,B-food_type B-media_type I-media_type I-media_type B-news_topic
boiling,B-cooking_type,B-date
what <unk> are listed in my contacts,,B-business_type B-definition_word I-event_name B-person B-time B-place_name B-list_name
i can barely hear you,,B-cooking_type B-business_type B-weather_descriptor B-player_setting B-song_name
siri today is what date,B-date,B-person B-date B-date B-person B-event_name
clear my calendar for saturday,B-date,B-person B-order_type B-event_name B-time B-date
play songs by the band the beatles,B-artist_name,B-song_name B-music_genre B-artist_name B-artist_name B-artist_name I-song_name B-artist_name
can you turn on the radio,,B-business_type B-player_setting B-player_setting B-radio_name B-audiobook_name B-device_type
have i gotten any new email,,B-food_type B-cooking_type B-weather_descriptor B-weather_descriptor B-place_name B-personal_info
remove the list,,B-list_name B-list_name B-list_name
play the last doctor who radio broadcast,B-media_type I-media_type,B-song_name B-audiobook_name B-song_name I-song_name I-podcast_name I-podcast_name I-podcast_name
please set the brightness of <unk> <unk> in kitchen,B-house_place,B-player_setting B-device_type B-device_type B-device_type B-house_place B-house_place I-house_place B-house_place B-house_place
check new emails,,B-media_type B-place_name B-personal_info
is it going to be sunny next tuesday,B-weather_descriptor B-date,B-person B-weather_descriptor B-weather_descriptor B-weather_descriptor B-weather_descriptor B-weather_descriptor B-date B-date
get city cab here to airport,B-transport_type B-place_name,B-event_name B-place_name B-transport_type B-place_name B-place_name B-place_name
can you play my favorite audio book of <unk>,B-audiobook_name,B-business_type B-player_setting B-song_name B-playlist_name B-playlist_name B-media_type I-media_type I-media_type B-audiobook_name
olly i need to hear some sad songs today,B-music_genre I-music_genre B-date,B-transport_type B-cooking_type B-weather_descriptor B-list_name B-song_name B-music_genre B-music_genre I-music_descriptor B-date
i am going to work today,B-date,B-cooking_type I-time B-weather_descriptor B-weather_descriptor B-weather_descriptor B-date
find funny jokes,B-joke_type,I-business_type B-joke_type I-business_type
will you put on the music,,B-date B-food_type B-song_name B-radio_name B-radio_name B-device_type
is <unk> having a new movie this year,B-person,B-person B-person I-person B-food_type B-event_name I-event_name B-date I-date
i need to know more about the <unk> this weekend,B-event_name B-date I-date,B-cooking_type B-weather_descriptor B-list_name B-person B-media_type B-news_topic B-news_topic B-event_name B-date I-date
let's play global <unk> war,B-game_name I-game_name,B-player_setting I-player_setting B-game_name I-artist_name I-artist_name
it's my mother's birthday today send me a notification every year on this date,B-relation I-relation B-event_name B-date B-general_frequency I-general_frequency,B-song_name B-playlist_name B-song_name I-song_name B-date I-song_name I-song_name B-event_name B-date B-general_frequency I-general_frequency I-general_frequency B-date I-date
i can't see turn up the lights,,B-cooking_type B-weather_descriptor B-food_type B-food_type B-food_type B-audiobook_name B-device_type
where is my meeting at nine am,B-event_name B-time I-time,B-business_type B-person B-place_name B-event_name B-event_name B-time I-time
olly how long should i boil the egg,B-cooking_type B-food_type,B-transport_type I-business_type B-place_name B-person B-cooking_type B-cooking_type B-cooking_type B-food_type
what's the weather next wednesday,,B-person B-audiobook_name B-weather_descriptor B-date B-date
olly check my email,,B-transport_type B-media_type B-relation I-relation
open pandora,B-app_name,B-player_setting B-app_name
tell me when obama was born,B-person,B-event_name B-personal_info B-person B-person I-person B-person
stop start the juice,,B-player_setting B-player_setting B-audiobook_name B-house_place
may i have a list of five star hotels in paris,B-list_name I-list_name I-list_name B-place_name,B-date I-date I-date B-list_name B-list_name B-list_name B-time I-list_name I-list_name I-list_name B-place_name
calendar event send invite bill <unk>,B-person I-person,B-event_name B-event_name B-event_name B-person B-person I-person
i want to thank everyone for the birthday wishes,B-event_name,B-cooking_type B-date B-list_name B-business_name I-person B-time B-time B-event_name I-event_name
how big is the empire state building,,B-date B-date B-person B-place_name B-weather_descriptor I-place_name I-news_topic
remind me after ten minutes,B-time I-time I-time,B-event_name B-event_name B-time B-time I-time
clear my activities list for today,B-list_name B-date,B-person B-order_type B-relation I-list_name B-list_name B-date
how much will be the world population after twenty years,,B-date B-currency_name B-cooking_type B-cooking_type B-weather_descriptor B-place_name I-weather_descriptor B-time I-date I-time
is my alarm set,,B-person B-relation B-list_name B-time
add shopping to my calendar for tomorrow,B-date,B-event_name B-list_name B-list_name B-list_name B-song_name B-time B-date
play <unk>,B-song_name,B-song_name B-song_name
shut off the socket,,B-media_type B-device_type B-device_type B-device_type
current weather forecast,,I-news_topic B-date B-place_name
what is the location of <unk>,,B-business_type B-person B-definition_word B-place_name B-place_name B-place_name
please play a song by bruno mars,B-artist_name I-artist_name,B-player_setting B-artist_name B-music_genre B-song_name B-artist_name B-artist_name I-artist_name
begin vacuuming,B-device_type,B-player_setting I-player_setting
how far away is the sun,,B-date B-weather_descriptor B-place_name B-place_name B-place_name B-weather_descriptor
are there any alarms currently set,,B-list_name B-event_name B-event_name B-event_name B-place_name B-place_name
alexa give me the headline news,,B-business_name B-business_name B-personal_info B-date B-personal_info I-media_type
wedding wishes,B-event_name,B-event_name I-event_name
is there any upcoming events,,B-person B-business_type B-business_type B-event_name I-event_name
retrieve the light for me,,B-person B-audiobook_name B-device_type B-change_amount I-device_type
is the time currently correct for where i am located,,B-person B-date B-event_name B-place_name I-place_name B-place_name B-place_name I-place_name I-place_name B-place_name
tweet that product sucks,B-media_type,B-media_type B-business_name B-business_name I-business_name
silence volume on speakers,,B-person B-change_amount B-radio_name B-radio_name
i'd like to listen to hear a music of dance and country,B-music_genre I-music_genre,B-time I-time B-change_amount B-radio_name B-radio_name B-artist_name B-song_name B-music_genre I-song_name I-song_name I-music_genre B-music_genre
my vacuum cleaner should start between ten to eleven am everyday,B-device_type I-device_type B-time B-time I-time B-general_frequency,B-relation B-device_type I-device_type I-device_type B-player_setting B-player_setting B-time I-time B-time I-time B-general_frequency
dim the lights in the living room,B-house_place I-house_place,B-media_type B-audiobook_name B-device_type B-time B-house_place B-house_place I-house_place
open a reminder about next weeks managers meeting on tuesday,B-date I-date B-event_name I-event_name B-date,B-player_setting B-list_name B-event_name B-event_name B-date I-date I-date B-event_name I-event_name B-date
what is the least <unk> <unk> state in the entire us,B-place_name,B-business_type B-person B-definition_word B-personal_info I-news_topic I-place_name I-place_name B-time B-place_name I-place_name I-place_name
play my station,,B-song_name B-playlist_name B-radio_name
turn on an alarm for three thirty pm today,B-time I-time I-time B-date,B-player_setting I-player_setting B-music_genre I-song_name B-time B-time I-time I-time B-date
let me know the recipe for preparing pasta,B-food_type,B-relation B-artist_name B-person B-date B-food_type B-food_type B-food_type I-food_type
turn on wemo,B-device_type,B-player_setting I-player_setting B-device_type
please turn off the light of my son's room,B-house_place I-house_place I-house_place,B-player_setting B-player_setting B-device_type B-device_type B-device_type I-device_type B-device_type B-house_place I-house_place
start pandora,B-app_name,B-player_setting B-app_name
what about new mail,,B-business_type B-definition_word B-place_name B-personal_info
should i take my raincoat with me now,B-weather_descriptor,B-business_name B-cooking_type B-order_type B-weather_descriptor B-weather_descriptor I-weather_descriptor I-weather_descriptor I-weather_descriptor
new event,,B-place_name B-event_name
play slayer,B-artist_name,B-song_name B-artist_name
set a birthday event for martin,B-event_name B-person,I-time B-event_name B-event_name I-event_name I-event_name B-person
ok google play one hundred and six point seven,B-radio_name I-radio_name I-radio_name I-radio_name I-radio_name I-radio_name,I-email_address B-business_name B-song_name B-song_name I-radio_name I-radio_name I-song_name I-radio_name I-radio_name
remove the first alarm,,B-list_name B-list_name B-date I-date
start a <unk> <unk> for us,B-game_name I-game_name,B-player_setting B-player_setting B-game_name I-game_name I-event_name B-game_name
play my favorite song from last year,B-date I-date,B-song_name B-playlist_name B-playlist_name I-player_setting B-music_descriptor B-song_name I-date
whats the weather now,,B-person B-audiobook_name B-date B-transport_type
please sent this email to my friend,B-relation,B-player_setting B-definition_word B-date B-personal_info B-relation B-relation B-relation
hey what is the weather like today,B-date,B-time B-definition_word B-person B-definition_word B-transport_type B-place_name B-date
email alice to let her know we are on the way,B-person,B-personal_info B-person B-person B-relation I-relation B-event_name B-person B-person I-event_name B-news_topic B-list_name
remove <unk> event,,B-list_name B-event_name I-event_name
play game,,B-song_name B-game_name
change the bedroom lights to green,B-house_place B-color_type,B-player_setting B-audiobook_name B-house_place I-device_type B-change_amount B-color_type
please ring the wake up alarm at eight am next saturday,B-alarm_type I-alarm_type B-time I-time B-date,B-player_setting B-event_name B-audiobook_name B-alarm_type I-alarm_type I-alarm_type B-time B-time I-time B-date B-date
spell and define oscillate,B-definition_word,B-person I-date B-definition_word B-definition_word
send report to consumer service,B-business_name I-business_name,B-event_name B-person B-date B-place_name I-business_name
start a game and play with me,,B-player_setting B-player_setting B-game_name B-game_name B-game_name B-game_name B-artist_name
what is the deepest point on earth,,B-business_type B-person B-definition_word B-place_name I-news_topic I-event_name B-place_name
exhibition two thousand and seventeen mass on mar twenty five make a note of it on the <unk> date,B-event_name I-event_name I-event_name I-event_name I-event_name I-event_name B-date I-date I-date,B-media_type B-time I-date I-date I-date I-event_name I-event_name B-date I-date I-date I-time I-time B-event_name I-event_name I-event_name B-event_name B-date B-event_name I-event_name
hey do i have any new emails,,B-time I-list_name B-cooking_type B-personal_info B-event_name B-place_name B-personal_info
open <unk> game for you and i,B-game_name I-game_name,B-player_setting B-game_name B-game_name B-game_name I-game_name I-audiobook_name I-audiobook_name
look up the map to stores near me,B-business_type,B-event_name B-business_type B-definition_word B-personal_info B-list_name B-place_name I-place_name I-place_name
how is the weather,,B-date B-person B-date B-weather_descriptor
could you explain the meaning of <unk> for me please,B-definition_word,B-meal_type B-player_setting B-event_name B-definition_word B-event_name B-definition_word B-definition_word B-definition_word B-definition_word B-definition_word
do you know any jokes,,I-list_name I-list_name B-person B-person B-event_name
whats the time in sydney now,B-place_name,B-person B-audiobook_name I-movie_name B-time B-place_name I-place_name
change the lights to blue olly,B-color_type,B-player_setting B-audiobook_name B-device_type B-change_amount B-color_type B-color_type
book train best deal,B-transport_type,B-media_type B-transport_type B-transport_type B-place_name
what is the definition of logic,B-definition_word,B-business_type B-person B-definition_word B-definition_word B-definition_word B-definition_word
put that song in my favourite list,,B-player_setting I-player_setting I-player_setting I-song_name I-song_name B-music_descriptor I-music_descriptor
any special events on my list,,B-event_name B-event_name I-event_name I-event_name B-place_name B-list_name
add this new email with contact,,B-event_name B-date B-media_type B-personal_info B-person B-relation
can i please have the weather for tomorrow here in costa mesa,B-date B-place_name I-place_name,B-business_type B-cooking_type B-player_setting B-food_type B-weather_descriptor B-weather_descriptor B-place_name B-date I-date I-date B-place_name I-place_name
remind me the meeting with allen on fifteenth march,B-event_name B-person B-time I-time,B-event_name B-event_name B-event_name B-event_name B-event_name B-person I-person B-date I-date
give details of rock sand,B-definition_word I-definition_word,B-personal_info B-place_name B-artist_name B-artist_name I-definition_word
olly start the podcast over that i started last night,B-podcast_descriptor I-podcast_descriptor I-podcast_descriptor,B-transport_type B-player_setting B-audiobook_name B-podcast_descriptor I-audiobook_name I-podcast_name I-radio_name I-radio_name B-date I-podcast_descriptor
olly i need a drink,,B-transport_type B-cooking_type B-weather_descriptor B-weather_descriptor B-event_name
can you give me the details of upcoming annual function on twenty sixth march,B-general_frequency B-event_name B-date I-date I-date,B-business_type B-player_setting B-definition_word B-personal_info B-audiobook_name B-place_name B-artist_name B-event_name B-event_name I-event_name I-event_name B-date I-date I-date
i would like to hear <unk> <unk> call me after this song,B-artist_name I-artist_name I-artist_name,B-cooking_type B-personal_info B-color_type B-list_name B-song_name B-song_name I-artist_name I-song_name I-artist_name B-time B-date I-date
create an email for my co worker with my recently saved documents,B-relation I-relation,B-place_name B-list_name B-personal_info I-relation B-relation B-relation I-relation I-event_name B-relation B-relation I-list_name I-list_name
alexa play a mi song of rap and rock one after the other,B-music_genre B-music_genre,B-business_name B-song_name B-music_genre B-music_genre I-song_name I-song_name B-music_genre I-song_name B-music_genre I-song_name I-date I-song_name I-date
tell me international news,B-place_name,B-event_name B-personal_info B-place_name I-media_type
please set my alarm for five pm,B-time I-time,B-player_setting B-device_type B-device_type B-list_name B-time B-time I-time
how long does it take to make vegetable lasagna,B-food_type I-food_type,B-date B-place_name B-person B-date B-order_type B-order_type B-food_type B-food_type B-food_type
i would need to be <unk> of church services on sundays at eleven am,B-event_name I-event_name B-date B-time I-time,B-cooking_type B-personal_info B-weather_descriptor B-list_name B-weather_descriptor B-weather_descriptor I-weather_descriptor B-weather_descriptor I-weather_descriptor I-place_name B-date B-time B-time I-time
olly what is the weather forecast for today,B-date,B-transport_type B-person B-person B-definition_word B-transport_type B-place_name B-place_name B-date
tell me today's date,B-date I-date,B-event_name B-personal_info B-date I-date
what's jlo up to,B-person,B-person B-person B-person B-person
start robot vacuum cleaner,B-device_type I-device_type I-device_type,B-player_setting B-device_type I-device_type I-device_type
hello how is your day,,B-meal_type B-date B-person B-place_name B-date
i want a meeting till three o clock,B-event_name B-time I-time I-time,B-cooking_type B-date B-list_name B-event_name B-person B-time I-time I-time
can you write an email to chelsea,B-person,B-business_type B-player_setting B-event_name B-event_name B-personal_info B-relation B-person
how do i cook butter chicken,B-cooking_type B-food_type I-food_type,B-date I-list_name B-cooking_type B-cooking_type B-food_type I-food_type
tell me the time in <unk>,,B-event_name B-personal_info B-definition_word B-person B-time B-place_name
please mute for five minutes,B-time I-time,B-player_setting B-device_type B-time B-time I-time
will there any events downtown this weekend,B-place_name B-date I-date,B-date B-event_name B-event_name B-event_name B-place_name B-date I-date
please give me information on michael jackson,B-artist_name I-artist_name,B-player_setting B-definition_word B-personal_info B-music_genre I-event_name B-artist_name I-artist_name
play random music,,B-song_name B-game_name I-music_genre
show me the current time in germany,B-place_name,B-food_type B-personal_info B-date B-news_topic B-event_name B-time B-place_name
what's been happening for the last two months,B-date I-date,B-person B-song_name B-artist_name I-event_name B-date B-date I-time I-time
tell comcast i hate them,B-business_name,B-event_name B-business_name I-definition_word I-business_name I-business_name
please pull up the wikipedia article on <unk> <unk>,,B-player_setting B-media_type B-game_name B-audiobook_name B-personal_info I-media_type I-media_type B-media_type I-news_topic
lower the speaker volume,,B-player_setting B-audiobook_name B-device_type B-change_amount
two thumbs down at company name,B-business_name,B-time I-date I-time B-event_name B-business_name I-business_name
how many states have the death <unk>,,B-date B-event_name B-food_type I-news_topic B-place_name B-news_topic I-news_topic
what is the <unk> of west virginia,B-place_name I-place_name,B-business_type B-person B-definition_word B-personal_info I-news_topic B-place_name I-place_name
i need you to mark next monday,B-date,B-cooking_type B-weather_descriptor B-song_name B-list_name B-weather_descriptor B-date B-date
i need a ride home,B-place_name,B-cooking_type B-weather_descriptor B-weather_descriptor B-transport_type B-place_name
clear my next activity,,B-person B-order_type B-date I-date
list current set alarms,,I-list_name B-list_name B-news_topic I-news_topic
please schedule a meeting with this person,B-event_name,B-player_setting B-artist_name B-event_name B-event_name I-event_name B-date B-time
create a new list,,B-place_name B-list_name B-list_name I-list_name
hows the food order going,,B-event_name B-audiobook_name B-order_type B-order_type I-weather_descriptor
did i tell you to remind me something,,B-person B-date B-weather_descriptor B-definition_word B-list_name B-event_name B-event_name B-event_name
i bought pre season baseball tickets,B-event_name I-event_name I-event_name,B-cooking_type B-weather_descriptor B-order_type B-order_type B-event_name I-event_name
show geographic details of <unk>,B-place_name,B-food_type B-business_type B-place_name I-business_type B-place_name
tell me a funny joke,B-joke_type,B-event_name B-personal_info B-definition_word B-joke_type B-joke_type
what is the most current exchange rate in china,B-place_name,B-business_type B-person B-definition_word B-podcast_name I-business_name B-currency_name I-currency_name B-currency_name B-place_name
what time does the train arrive in sacramento,B-transport_type B-place_name,B-business_type B-person B-event_name B-date B-transport_type B-place_name B-place_name B-place_name
how is the weather where i am,,B-date B-person B-date B-weather_descriptor B-place_name B-place_name I-place_name
what do i have planned for this week,B-date I-date,B-business_type I-list_name B-cooking_type B-food_type B-person B-time B-date I-date
can you tell me a joke,,B-business_type B-player_setting B-definition_word B-order_type B-definition_word B-joke_type
will it be rainy tomorrow,B-weather_descriptor B-date,B-date B-weather_descriptor B-weather_descriptor B-weather_descriptor B-date
how its come to us,,B-date B-weather_descriptor B-weather_descriptor B-weather_descriptor B-currency_name
hey siri what's the time,,B-time B-time B-person B-audiobook_name I-movie_name
hey do you have home delivery,B-order_type,B-time I-list_name B-cooking_type B-food_type B-place_name B-order_type
create a playlist,,B-place_name B-list_name B-list_name
tell me the weather in barcelona in two days from now,B-place_name B-time I-time I-time I-time,B-event_name B-personal_info B-definition_word B-transport_type B-place_name B-place_name I-place_name B-date I-date I-date I-date
can you book an uber tomorrow,B-transport_agency B-date,B-business_type B-player_setting B-media_type I-time B-transport_agency B-date
video games,,B-game_type B-date
play the weekend,B-song_name,B-song_name B-audiobook_name B-song_name
submit a negative review about a company,,B-event_name B-list_name B-event_name I-movie_type B-player_setting B-music_genre B-business_name
i need you to get me up at six am,B-time I-time,B-cooking_type B-weather_descriptor B-song_name B-list_name B-list_name B-list_name B-person I-event_name B-time I-time
get todays climate forecast here,B-date,B-event_name B-date I-date I-place_name I-place_name
