sentence,actual,predicted
i would like to find a flight from charlotte to las vegas that makes a stop in st. louis,B-fromloc.city_name B-toloc.city_name I-toloc.city_name B-stoploc.city_name I-stoploc.city_name,B-fromloc.city_name B-fromloc.city_name B-flight_mod B-toloc.city_name B-toloc.city_name B-depart_time.period_of_day B-flight_time B-fromloc.city_name B-fromloc.city_name B-toloc.city_name B-toloc.city_name I-toloc.city_name I-toloc.city_name B-flight_stop B-aircraft_code I-flight_stop B-stoploc.city_name B-stoploc.city_name I-stoploc.city_name
on april first i need a ticket from tacoma to san jose departing before 7 am,B-depart_date.month_name B-depart_date.day_number B-fromloc.city_name B-toloc.city_name I-toloc.city_name B-depart_time.time_relative B-depart_time.time I-depart_time.time,B-airline_name B-depart_date.month_name B-depart_date.day_number I-depart_date.day_number B-fromloc.city_name B-flight_mod B-flight_mod B-fromloc.city_name B-fromloc.city_name B-toloc.city_name B-toloc.city_name I-toloc.city_name B-depart_date.day_name B-depart_time.time_relative B-depart_time.time I-depart_time.time
on april first i need a flight going from phoenix to san diego,B-depart_date.month_name B-depart_date.day_number B-fromloc.city_name B-toloc.city_name I-toloc.city_name,B-airline_name B-depart_date.month_name B-depart_date.day_number I-depart_date.day_number B-fromloc.city_name B-flight_mod B-flight_time B-flight_number B-fromloc.city_name B-fromloc.city_name B-toloc.city_name B-toloc.city_name I-toloc.city_name
i would like a flight traveling one way from phoenix to san diego on april first,B-round_trip I-round_trip B-fromloc.city_name B-toloc.city_name I-toloc.city_name B-depart_date.month_name B-depart_date.day_number,B-fromloc.city_name B-fromloc.city_name B-flight_mod B-depart_time.period_of_day B-flight_time B-flight_number B-round_trip I-round_trip B-fromloc.city_name B-fromloc.city_name B-toloc.city_name B-toloc.city_name I-toloc.city_name B-depart_date.month_name B-depart_date.month_name B-depart_date.day_number
i would like a flight from orlando to salt lake city for april first on delta airlines,B-fromloc.city_name B-toloc.city_name I-toloc.city_name I-toloc.city_name B-depart_date.month_name B-depart_date.day_number B-airline_name I-airline_name,B-fromloc.city_name B-fromloc.city_name B-flight_mod B-depart_time.period_of_day B-flight_time B-fromloc.city_name B-fromloc.city_name B-toloc.city_name B-toloc.city_name I-toloc.city_name I-toloc.city_name I-toloc.city_name B-depart_date.month_name B-depart_date.day_number B-airline_name B-airline_name I-airline_name
i need a flight from toronto to newark one way leaving wednesday evening or thursday morning,B-fromloc.city_name B-toloc.city_name B-round_trip I-round_trip B-depart_date.day_name B-depart_time.period_of_day B-depart_date.day_name B-depart_time.period_of_day,B-fromloc.city_name B-class_type B-flight_mod B-flight_time B-fromloc.city_name B-fromloc.city_name B-toloc.city_name B-toloc.city_name B-round_trip I-round_trip B-fromloc.city_name B-depart_date.day_name B-depart_time.period_of_day B-or B-depart_date.day_name B-depart_time.period_of_day
monday morning i would like to fly from columbus to indianapolis,B-depart_date.day_name B-depart_time.period_of_day B-fromloc.city_name B-toloc.city_name,B-depart_date.day_name B-depart_time.period_of_day B-fromloc.city_name B-fromloc.city_name B-flight_mod B-toloc.city_name B-toloc.city_name B-fromloc.city_name B-fromloc.city_name B-toloc.city_name B-toloc.city_name
on wednesday april sixth i would like to fly from long beach to columbus after 3 pm,B-depart_date.day_name B-depart_date.month_name B-depart_date.day_number B-fromloc.city_name I-fromloc.city_name B-toloc.city_name B-depart_time.time_relative B-depart_time.time I-depart_time.time,B-airline_name B-depart_date.day_name B-depart_date.month_name B-depart_date.day_number I-depart_date.day_number B-fromloc.city_name B-flight_mod B-toloc.city_name B-toloc.city_name B-fromloc.city_name B-fromloc.city_name I-fromloc.city_name B-toloc.city_name B-toloc.city_name B-depart_time.time_relative B-depart_time.time I-depart_time.time
after 12 pm on wednesday april sixth i would like to fly from long beach to columbus,B-depart_time.time_relative B-depart_time.time I-depart_time.time B-depart_date.day_name B-depart_date.month_name B-depart_date.day_number B-fromloc.city_name I-fromloc.city_name B-toloc.city_name,B-depart_time.time_relative B-depart_time.time I-depart_time.time B-airline_name B-depart_date.day_name B-depart_date.month_name B-depart_date.day_number I-depart_date.day_number B-fromloc.city_name B-flight_mod B-toloc.city_name B-toloc.city_name B-fromloc.city_name B-fromloc.city_name I-fromloc.city_name B-toloc.city_name B-toloc.city_name
are there any flights from long beach to columbus on wednesday april sixth,B-fromloc.city_name I-fromloc.city_name B-toloc.city_name B-depart_date.day_name B-depart_date.month_name B-depart_date.day_number,B-fromloc.city_name B-fromloc.city_name B-depart_date.day_name I-flight_time B-fromloc.city_name B-fromloc.city_name I-fromloc.city_name B-toloc.city_name B-toloc.city_name B-airline_name B-depart_date.day_name B-depart_date.month_name B-depart_date.day_number
find a flight from memphis to tacoma dinner,B-fromloc.city_name B-toloc.city_name B-meal_description,B-fromloc.city_name B-depart_time.period_of_day B-flight_time B-fromloc.city_name B-fromloc.city_name B-toloc.city_name B-toloc.city_name B-meal_description
on next wednesday flight from kansas city to chicago should arrive in chicago around 7 pm return flight on thursday,B-depart_date.date_relative B-depart_date.day_name B-fromloc.city_name I-fromloc.city_name B-toloc.city_name B-toloc.city_name B-arrive_time.time_relative B-arrive_time.time I-arrive_time.time B-return_date.day_name,B-airline_name B-depart_date.date_relative B-depart_date.day_name B-flight_time B-fromloc.city_name B-fromloc.city_name I-fromloc.city_name B-toloc.city_name B-toloc.city_name B-toloc.state_name B-arrive_time.time_relative B-toloc.city_name B-toloc.city_name B-arrive_time.time_relative B-arrive_time.time I-arrive_time.time I-arrive_time.time I-arrive_time.time B-airline_name B-arrive_date.day_name
show flight and prices kansas city to chicago on next wednesday arriving in chicago by 7 pm,B-fromloc.city_name I-fromloc.city_name B-toloc.city_name B-depart_date.date_relative B-depart_date.day_name B-toloc.city_name B-arrive_time.time_relative B-arrive_time.time I-arrive_time.time,B-airline_name B-flight_time B-flight_time B-fromloc.city_name B-fromloc.city_name I-fromloc.city_name B-toloc.city_name B-toloc.city_name B-depart_date.month_name B-depart_date.date_relative B-depart_date.day_name B-depart_date.day_name B-toloc.city_name B-toloc.city_name B-arrive_time.time_relative B-arrive_time.time I-arrive_time.time
flight on american from miami to chicago arrive in chicago about 5 pm,B-airline_name B-fromloc.city_name B-toloc.city_name B-toloc.city_name B-arrive_time.time_relative B-arrive_time.time I-arrive_time.time,B-flight_time B-airline_name B-airline_name B-fromloc.city_name B-fromloc.city_name B-toloc.city_name B-toloc.city_name B-arrive_time.time_relative B-toloc.city_name B-toloc.city_name B-arrive_time.time_relative B-arrive_time.time I-arrive_time.time
find flights arriving new york city next saturday,B-toloc.city_name I-toloc.city_name I-toloc.city_name B-arrive_date.date_relative B-arrive_date.day_name,B-fromloc.city_name B-fromloc.city_name B-arrive_time.time_relative B-toloc.city_name I-toloc.city_name I-toloc.city_name B-arrive_date.date_relative B-arrive_date.day_name
find nonstop flights from salt lake city to new york on saturday april ninth,B-flight_stop B-fromloc.city_name I-fromloc.city_name I-fromloc.city_name B-toloc.city_name I-toloc.city_name B-depart_date.day_name B-depart_date.month_name B-depart_date.day_number,B-fromloc.city_name B-flight_stop B-toloc.city_name B-fromloc.city_name B-fromloc.city_name I-fromloc.city_name I-fromloc.city_name B-toloc.city_name B-toloc.city_name I-toloc.city_name B-airline_name B-depart_date.day_name B-depart_date.month_name B-depart_date.day_number
show flights from burbank to milwaukee for today,B-fromloc.city_name B-toloc.city_name B-depart_date.today_relative,B-airline_name B-fromloc.city_name B-fromloc.city_name B-fromloc.city_name B-toloc.city_name B-toloc.city_name B-toloc.state_name B-depart_date.today_relative
show flights tomorrow evening from milwaukee to st. louis,B-depart_date.today_relative B-depart_time.period_of_day B-fromloc.city_name B-toloc.city_name I-toloc.city_name,B-airline_name B-fromloc.city_name B-depart_date.today_relative B-depart_time.period_of_day B-fromloc.city_name B-fromloc.city_name B-toloc.city_name B-toloc.city_name I-toloc.city_name
show flights saturday evening from st. louis to burbank,B-depart_date.day_name B-depart_time.period_of_day B-fromloc.city_name I-fromloc.city_name B-toloc.city_name,B-airline_name B-fromloc.city_name B-depart_date.day_name B-depart_time.period_of_day B-fromloc.city_name B-fromloc.city_name I-fromloc.city_name B-toloc.city_name B-toloc.city_name
show flights from burbank to st. louis on monday,B-fromloc.city_name B-toloc.city_name I-toloc.city_name B-depart_date.day_name,B-airline_name B-fromloc.city_name B-fromloc.city_name B-fromloc.city_name B-toloc.city_name B-toloc.city_name I-toloc.city_name B-depart_date.month_name B-depart_date.day_name
show flights from burbank to milwaukee on monday,B-fromloc.city_name B-toloc.city_name B-depart_date.day_name,B-airline_name B-fromloc.city_name B-fromloc.city_name B-fromloc.city_name B-toloc.city_name B-toloc.city_name B-depart_date.month_name B-depart_date.day_name
show flights tuesday evening from milwaukee to st. louis,B-depart_date.day_name B-depart_time.period_of_day B-fromloc.city_name B-toloc.city_name I-toloc.city_name,B-airline_name B-fromloc.city_name B-depart_date.day_name B-depart_time.period_of_day B-fromloc.city_name B-fromloc.city_name B-toloc.city_name B-toloc.city_name I-toloc.city_name
show flights wednesday evening from st. louis to burbank,B-depart_date.day_name B-depart_time.period_of_day B-fromloc.city_name I-fromloc.city_name B-toloc.city_name,B-airline_name B-fromloc.city_name B-depart_date.day_name B-depart_time.period_of_day B-fromloc.city_name B-fromloc.city_name I-fromloc.city_name B-toloc.city_name B-toloc.city_name
which flights travel from kansas city to los angeles,B-fromloc.city_name I-fromloc.city_name B-toloc.city_name I-toloc.city_name,B-depart_time.time I-flight_time B-fromloc.city_name B-fromloc.city_name B-fromloc.city_name I-fromloc.city_name B-toloc.city_name B-toloc.city_name I-toloc.city_name
what flights travel from las vegas to los angeles,B-fromloc.city_name I-fromloc.city_name B-toloc.city_name I-toloc.city_name,B-airline_code B-fromloc.city_name B-fromloc.city_name B-fromloc.city_name B-fromloc.city_name I-fromloc.city_name B-toloc.city_name B-toloc.city_name I-toloc.city_name
which flights travel from kansas city to los angeles on april ninth,B-fromloc.city_name I-fromloc.city_name B-toloc.city_name I-toloc.city_name B-depart_date.month_name B-depart_date.day_number,B-depart_time.time I-flight_time B-fromloc.city_name B-fromloc.city_name B-fromloc.city_name I-fromloc.city_name B-toloc.city_name B-toloc.city_name I-toloc.city_name B-depart_date.month_name B-depart_date.month_name B-depart_date.day_number
which flights travel from las vegas to los angeles california and arrive on april ninth between 4 and 5 pm,B-fromloc.city_name I-fromloc.city_name B-toloc.city_name I-toloc.city_name B-toloc.state_name B-arrive_date.month_name B-arrive_date.day_number B-arrive_time.start_time B-arrive_time.end_time I-arrive_time.end_time,B-depart_time.time I-flight_time B-fromloc.city_name B-fromloc.city_name B-fromloc.city_name I-fromloc.city_name B-toloc.city_name B-toloc.city_name I-toloc.city_name B-toloc.state_name B-toloc.state_name B-arrive_time.time_relative B-airline_name B-arrive_date.month_name B-arrive_date.day_number B-fromloc.city_name B-arrive_time.start_time B-arrive_time.end_time B-arrive_time.end_time I-arrive_time.end_time
which flights on us air go from orlando to cleveland,B-airline_name I-airline_name B-fromloc.city_name B-toloc.city_name,B-depart_time.time I-flight_time B-airline_name B-airline_name I-airline_name B-stoploc.city_name B-fromloc.city_name B-fromloc.city_name B-toloc.city_name B-toloc.city_name
which flights travel from cleveland to indianapolis on april fifth,B-fromloc.city_name B-toloc.city_name B-depart_date.month_name B-depart_date.day_number,B-depart_time.time I-flight_time B-fromloc.city_name B-fromloc.city_name B-fromloc.city_name B-toloc.city_name B-toloc.city_name B-depart_date.month_name B-depart_date.month_name B-depart_date.day_number
which flights travel from indianapolis to san diego on april fifth,B-fromloc.city_name B-toloc.city_name I-toloc.city_name B-depart_date.month_name B-depart_date.day_number,B-depart_time.time I-flight_time B-fromloc.city_name B-fromloc.city_name B-fromloc.city_name B-toloc.city_name B-toloc.city_name I-toloc.city_name B-depart_date.month_name B-depart_date.month_name B-depart_date.day_number
which flights go from cleveland to indianapolis on april fifth,B-fromloc.city_name B-toloc.city_name B-depart_date.month_name B-depart_date.day_number,B-depart_time.time I-flight_time B-fromloc.city_name B-fromloc.city_name B-fromloc.city_name B-toloc.city_name B-toloc.city_name B-depart_date.month_name B-depart_date.month_name B-depart_date.day_number
which flights travel from nashville to tacoma,B-fromloc.city_name B-toloc.city_name,B-depart_time.time I-flight_time B-fromloc.city_name B-fromloc.city_name B-fromloc.city_name B-toloc.city_name B-toloc.city_name
does tacoma airport offer transportation from the airport to the downtown area,B-airport_name I-airport_name,B-airline_name B-fromloc.city_name I-airport_name B-fromloc.city_name B-city_name B-fromloc.city_name B-fromloc.airport_name I-fromloc.airport_name B-toloc.city_name B-depart_date.today_relative B-toloc.airport_name I-toloc.airport_name
which flights travel from tacoma to san jose,B-fromloc.city_name B-toloc.city_name I-toloc.city_name,B-depart_time.time I-flight_time B-fromloc.city_name B-fromloc.city_name B-fromloc.city_name B-toloc.city_name B-toloc.city_name I-toloc.city_name
what day of the week do flights from nashville to tacoma fly on,B-fromloc.city_name B-toloc.city_name,B-airline_code I-depart_date.today_relative B-airline_code B-depart_date.today_relative I-flight_mod I-flight_mod I-flight_time B-fromloc.city_name B-fromloc.city_name B-toloc.city_name B-toloc.city_name B-toloc.state_name B-airline_name
what are the flights from tacoma to san jose,B-fromloc.city_name B-toloc.city_name I-toloc.city_name,B-airline_code B-fromloc.city_name B-depart_date.today_relative B-flight_time B-fromloc.city_name B-fromloc.city_name B-toloc.city_name B-toloc.city_name I-toloc.city_name
what days of the week do flights from san jose to nashville fly on,B-fromloc.city_name I-fromloc.city_name B-toloc.city_name,B-airline_code B-flight_mod B-transport_type B-depart_date.today_relative I-flight_mod I-flight_time I-flight_time B-fromloc.city_name B-fromloc.city_name I-fromloc.city_name B-toloc.city_name B-toloc.city_name B-toloc.state_name B-airline_name
what are the flights from tacoma to san jose,B-fromloc.city_name B-toloc.city_name I-toloc.city_name,B-airline_code B-fromloc.city_name B-depart_date.today_relative B-flight_time B-fromloc.city_name B-fromloc.city_name B-toloc.city_name B-toloc.city_name I-toloc.city_name
i need a flight that goes from boston to orlando,B-fromloc.city_name B-toloc.city_name,B-fromloc.city_name B-class_type B-flight_mod B-flight_time B-depart_date.today_relative B-flight_number B-fromloc.city_name B-fromloc.city_name B-toloc.city_name B-toloc.city_name
are there any flights from boston to orlando connecting in new york,B-fromloc.city_name B-toloc.city_name B-connect B-stoploc.city_name I-stoploc.city_name,B-fromloc.city_name B-fromloc.city_name B-depart_date.day_name I-flight_time B-fromloc.city_name B-fromloc.city_name B-toloc.city_name B-toloc.city_name B-connect B-stoploc.city_name B-stoploc.city_name I-stoploc.city_name
are there any flights from boston to orlando connecting in columbus,B-fromloc.city_name B-toloc.city_name B-connect B-stoploc.city_name,B-fromloc.city_name B-fromloc.city_name B-depart_date.day_name I-flight_time B-fromloc.city_name B-fromloc.city_name B-toloc.city_name B-toloc.city_name B-connect B-stoploc.city_name B-stoploc.city_name
does this flight serve dinner,B-meal_description,B-airline_name B-airport_code B-flight_time B-flight_number B-meal_description
i need a flight from charlotte to miami,B-fromloc.city_name B-toloc.city_name,B-fromloc.city_name B-class_type B-flight_mod B-flight_time B-fromloc.city_name B-fromloc.city_name B-toloc.city_name B-toloc.city_name
i need a nonstop flight from miami to toronto,B-flight_stop B-fromloc.city_name B-toloc.city_name,B-fromloc.city_name B-class_type B-flight_mod B-flight_stop B-flight_stop B-fromloc.city_name B-fromloc.city_name B-toloc.city_name B-toloc.city_name
i need a nonstop flight from toronto to st. louis,B-flight_stop B-fromloc.city_name B-toloc.city_name I-toloc.city_name,B-fromloc.city_name B-class_type B-flight_mod B-flight_stop B-flight_stop B-fromloc.city_name B-fromloc.city_name B-toloc.city_name B-toloc.city_name I-toloc.city_name
i need a flight from toronto to st. louis,B-fromloc.city_name B-toloc.city_name I-toloc.city_name,B-fromloc.city_name B-class_type B-flight_mod B-flight_time B-fromloc.city_name B-fromloc.city_name B-toloc.city_name B-toloc.city_name I-toloc.city_name
i need a flight from st. louis to charlotte,B-fromloc.city_name I-fromloc.city_name B-toloc.city_name,B-fromloc.city_name B-class_type B-flight_mod B-flight_time B-fromloc.city_name B-fromloc.city_name I-fromloc.city_name B-toloc.city_name B-toloc.city_name
i need a flight on united airlines from la guardia to san jose,B-airline_name I-airline_name B-fromloc.airport_name I-fromloc.airport_name B-toloc.city_name I-toloc.city_name,B-fromloc.city_name B-class_type B-flight_mod B-flight_time B-airline_name B-airline_name I-airline_name B-fromloc.city_name B-fromloc.city_name I-fromloc.airport_name B-toloc.city_name B-toloc.city_name I-toloc.city_name
i need a flight from tampa to milwaukee,B-fromloc.city_name B-toloc.city_name,B-fromloc.city_name B-class_type B-flight_mod B-flight_time B-fromloc.city_name B-fromloc.city_name B-toloc.city_name B-toloc.city_name
i need a flight from milwaukee to seattle,B-fromloc.city_name B-toloc.city_name,B-fromloc.city_name B-class_type B-flight_mod B-flight_time B-fromloc.city_name B-fromloc.city_name B-toloc.city_name B-toloc.city_name
what meals are served on american flight <unk> from tampa to milwaukee,B-meal B-airline_name B-flight_number B-fromloc.city_name B-toloc.city_name,B-airline_code B-meal B-meal B-airline_code B-airline_name B-airline_name B-flight_number B-flight_number B-fromloc.city_name B-fromloc.city_name B-toloc.city_name B-toloc.city_name
what meals are served on american flight <unk> <unk> from milwaukee to seattle,B-meal B-airline_name B-flight_number B-fromloc.city_name B-toloc.city_name,B-airline_code B-meal B-meal B-airline_code B-airline_name B-airline_name B-flight_number B-flight_number B-flight_number B-fromloc.city_name B-fromloc.city_name B-toloc.city_name B-toloc.city_name
i need a flight from memphis to las vegas,B-fromloc.city_name B-toloc.city_name I-toloc.city_name,B-fromloc.city_name B-class_type B-flight_mod B-flight_time B-fromloc.city_name B-fromloc.city_name B-toloc.city_name B-toloc.city_name I-toloc.city_name
i need a flight from las vegas to ontario,B-fromloc.city_name I-fromloc.city_name B-toloc.city_name,B-fromloc.city_name B-class_type B-flight_mod B-flight_time B-fromloc.city_name B-fromloc.city_name I-fromloc.city_name B-toloc.city_name B-toloc.city_name
i need a flight from ontario to memphis,B-fromloc.city_name B-toloc.city_name,B-fromloc.city_name B-class_type B-flight_mod B-flight_time B-fromloc.city_name B-fromloc.city_name B-toloc.city_name B-toloc.city_name
which flights go from milwaukee to tampa and stop in nashville,B-fromloc.city_name B-toloc.city_name B-stoploc.city_name,B-depart_time.time I-flight_time B-fromloc.city_name B-fromloc.city_name B-fromloc.city_name B-toloc.city_name B-toloc.city_name B-toloc.state_name B-flight_stop B-stoploc.city_name B-stoploc.city_name
which flights leave newark after noon next saturday and arrive in los angeles,B-fromloc.city_name B-depart_time.time_relative B-depart_time.period_of_day B-depart_date.date_relative B-depart_date.day_name B-toloc.city_name I-toloc.city_name,B-depart_time.time I-flight_time B-fromloc.city_name B-fromloc.city_name B-depart_time.time_relative B-depart_time.time B-depart_date.date_relative B-depart_date.day_name B-depart_date.day_name B-arrive_time.time_relative B-toloc.city_name B-toloc.city_name I-toloc.city_name
which flights leave detroit and arrive at st. petersburg around 9 am,B-fromloc.city_name B-toloc.city_name I-toloc.city_name B-arrive_time.time_relative B-arrive_time.time I-arrive_time.time,B-depart_time.time I-flight_time B-fromloc.city_name B-fromloc.city_name B-toloc.city_name B-toloc.city_name B-toloc.city_name B-toloc.city_name I-toloc.city_name B-arrive_time.time_relative B-arrive_time.time I-arrive_time.time
which flights on northwest airline leave detroit and arrive at st. petersburg,B-airline_name I-airline_name B-fromloc.city_name B-toloc.city_name I-toloc.city_name,B-depart_time.time I-flight_time B-airline_name B-airline_name I-airline_name B-fromloc.city_name B-fromloc.city_name B-toloc.city_name B-toloc.city_name B-toloc.city_name B-toloc.city_name I-toloc.city_name
which flights leave chicago next tuesday and arrive in detroit around 6 pm,B-fromloc.city_name B-depart_date.date_relative B-depart_date.day_name B-toloc.city_name B-arrive_time.time_relative B-arrive_time.time I-arrive_time.time,B-depart_time.time I-flight_time B-fromloc.city_name B-fromloc.city_name B-depart_date.date_relative B-depart_date.day_name B-depart_time.end_time B-depart_time.end_time B-toloc.city_name B-toloc.city_name B-arrive_time.time_relative B-arrive_time.time I-arrive_time.time
show me round trip flights from chicago to detroit leaving next tuesday and returning the day after,B-round_trip I-round_trip B-fromloc.city_name B-toloc.city_name B-depart_date.date_relative B-depart_date.day_name B-return_date.date_relative I-return_date.date_relative,B-airline_name B-cost_relative B-round_trip I-round_trip B-fromloc.city_name B-fromloc.city_name B-fromloc.city_name B-toloc.city_name B-toloc.city_name B-fromloc.city_name B-depart_date.date_relative B-depart_date.day_name B-depart_date.day_name B-depart_time.end_time B-return_date.date_relative B-return_date.date_relative I-depart_date.today_relative
which round trip flights leave chicago next tuesday around 6 pm and arrive in detroit,B-round_trip I-round_trip B-fromloc.city_name B-depart_date.date_relative B-depart_date.day_name B-depart_time.time_relative B-depart_time.time I-depart_time.time B-toloc.city_name,B-depart_time.time B-round_trip I-round_trip B-fromloc.city_name B-fromloc.city_name B-fromloc.city_name B-depart_date.date_relative B-depart_date.day_name B-depart_time.time_relative B-depart_time.time I-depart_time.time B-airline_name B-arrive_time.time_relative B-toloc.city_name B-toloc.city_name
which round trip flights leave chicago next tuesday and arrive in detroit around 6 pm,B-round_trip I-round_trip B-fromloc.city_name B-depart_date.date_relative B-depart_date.day_name B-toloc.city_name B-arrive_time.time_relative B-arrive_time.time I-arrive_time.time,B-depart_time.time B-round_trip I-round_trip B-fromloc.city_name B-fromloc.city_name B-fromloc.city_name B-depart_date.date_relative B-depart_date.day_name B-depart_time.end_time B-depart_time.end_time B-toloc.city_name B-toloc.city_name B-arrive_time.time_relative B-arrive_time.time I-arrive_time.time
which flights leave on monday from montreal and arrive in chicago in the morning,B-depart_date.day_name B-fromloc.city_name B-toloc.city_name B-arrive_time.period_of_day,B-depart_time.time I-flight_time B-fromloc.city_name B-airline_name B-depart_date.day_name B-fromloc.city_name B-fromloc.city_name B-toloc.city_name B-toloc.city_name B-toloc.city_name B-toloc.city_name B-toloc.city_name B-depart_date.today_relative B-arrive_time.period_of_day
which flights leave chicago on april twelfth and arrive in indianapolis in the morning,B-fromloc.city_name B-depart_date.month_name B-depart_date.day_number B-toloc.city_name B-arrive_time.period_of_day,B-depart_time.time I-flight_time B-fromloc.city_name B-fromloc.city_name B-depart_date.month_name B-depart_date.month_name B-depart_date.day_number I-depart_date.day_number B-depart_time.end_time B-toloc.city_name B-toloc.city_name B-toloc.city_name B-toloc.city_name B-arrive_time.period_of_day
which flights leave on wednesday april thirteenth from indianapolis and arrive in montreal in the morning,B-depart_date.day_name B-depart_date.month_name B-depart_date.day_number B-fromloc.city_name B-toloc.city_name B-arrive_time.period_of_day,B-depart_time.time I-flight_time B-fromloc.city_name B-airline_name B-depart_date.day_name B-depart_date.month_name B-depart_date.day_number B-fromloc.city_name B-fromloc.city_name B-fromloc.state_name B-toloc.city_name B-toloc.city_name B-toloc.city_name B-toloc.city_name B-depart_date.today_relative B-arrive_time.period_of_day
which flights leave april twelfth from indianapolis and arrive in montreal around 10 pm,B-depart_date.month_name B-depart_date.day_number B-fromloc.city_name B-toloc.city_name B-arrive_time.time_relative B-arrive_time.time I-arrive_time.time,B-depart_time.time I-flight_time B-fromloc.city_name B-depart_date.month_name B-depart_date.day_number B-fromloc.city_name B-fromloc.city_name B-toloc.city_name B-toloc.city_name B-toloc.city_name B-toloc.city_name B-arrive_time.time_relative B-arrive_time.time I-arrive_time.time
i 'd like to go from long beach to st. louis and i 'd like to stop in dallas i 'd also like to have lunch during my flight,B-fromloc.city_name I-fromloc.city_name B-toloc.city_name I-toloc.city_name B-stoploc.city_name B-meal_description,B-fromloc.city_name B-depart_time.time B-flight_mod B-toloc.city_name B-toloc.city_name B-fromloc.city_name B-fromloc.city_name I-fromloc.city_name B-toloc.city_name B-toloc.city_name I-toloc.city_name B-depart_time.period_of_day B-fromloc.city_name B-depart_time.time_relative B-depart_time.time B-toloc.city_name B-toloc.city_name B-stoploc.city_name B-stoploc.city_name B-stoploc.city_name B-stoploc.city_name B-stoploc.city_name B-depart_time.time B-toloc.city_name B-toloc.city_name B-meal_description B-meal_description B-fare_amount I-flight_time
next wednesday i would like to leave kansas city on a trip to chicago which arrives in chicago around 7 pm,B-depart_date.date_relative B-depart_date.day_name B-fromloc.city_name I-fromloc.city_name B-toloc.city_name B-toloc.city_name B-arrive_time.time_relative B-arrive_time.time I-arrive_time.time,B-depart_date.date_relative B-depart_date.day_name I-depart_date.day_name B-toloc.city_name B-flight_mod B-toloc.city_name B-toloc.city_name B-fromloc.city_name I-fromloc.city_name B-depart_date.month_name B-airline_name I-round_trip B-toloc.city_name B-toloc.city_name B-toloc.state_name I-toloc.city_name B-toloc.city_name B-toloc.city_name B-arrive_time.time_relative B-arrive_time.time I-arrive_time.time
i would like to return from chicago around 7 pm to kansas city,B-fromloc.city_name B-depart_time.time_relative B-depart_time.time I-depart_time.time B-toloc.city_name I-toloc.city_name,B-fromloc.city_name B-fromloc.city_name B-flight_mod B-toloc.city_name B-toloc.city_name B-fromloc.city_name B-fromloc.city_name B-depart_time.time_relative B-depart_time.time I-depart_time.time B-toloc.city_name B-toloc.city_name I-toloc.city_name
i would like to leave this afternoon on an american flight from cincinnati to burbank,B-depart_date.today_relative B-depart_time.period_of_day B-airline_name B-fromloc.city_name B-toloc.city_name,B-fromloc.city_name B-fromloc.city_name B-flight_mod B-toloc.city_name B-toloc.city_name B-depart_date.today_relative B-depart_time.period_of_day B-depart_date.month_name B-airline_name B-airline_name B-flight_number B-fromloc.city_name B-fromloc.city_name B-toloc.city_name B-toloc.city_name
on sunday evening i would like to leave montreal quebec on a flight to san diego california,B-depart_date.day_name B-depart_time.period_of_day B-fromloc.city_name B-fromloc.state_name B-toloc.city_name I-toloc.city_name B-toloc.state_name,B-airline_name B-depart_date.day_name B-depart_time.period_of_day B-fromloc.city_name B-fromloc.city_name B-flight_mod B-toloc.city_name B-toloc.city_name B-fromloc.city_name B-toloc.city_name B-airline_name B-aircraft_code B-flight_time B-toloc.city_name B-toloc.city_name I-toloc.city_name B-toloc.state_name
what are the flights on sunday from montreal quebec to san diego california,B-depart_date.day_name B-fromloc.city_name B-fromloc.state_name B-toloc.city_name I-toloc.city_name B-toloc.state_name,B-airline_code B-fromloc.city_name B-depart_date.today_relative B-flight_time B-airline_name B-depart_date.day_name B-fromloc.city_name B-fromloc.city_name B-fromloc.state_name B-toloc.city_name B-toloc.city_name I-toloc.city_name B-toloc.state_name
on tuesday are the flights from san diego california to indianapolis indiana i would like the flight to be in the afternoon,B-depart_date.day_name B-fromloc.city_name I-fromloc.city_name B-fromloc.state_name B-toloc.city_name B-toloc.state_name B-depart_time.period_of_day,B-airline_name B-depart_date.day_name B-depart_time.period_of_day B-depart_date.today_relative B-flight_time B-fromloc.city_name B-fromloc.city_name I-fromloc.city_name B-fromloc.state_name B-toloc.city_name B-toloc.city_name B-toloc.state_name B-toloc.state_name B-stoploc.city_name B-depart_time.time B-depart_date.today_relative B-flight_time B-toloc.city_name B-toloc.city_name B-toloc.city_name B-depart_date.today_relative B-depart_time.period_of_day
on thursday morning i would like a nonstop flight from indianapolis to toronto,B-depart_date.day_name B-depart_time.period_of_day B-flight_stop B-fromloc.city_name B-toloc.city_name,B-airline_name B-depart_date.day_name B-depart_time.period_of_day B-fromloc.city_name B-fromloc.city_name B-flight_mod B-depart_time.period_of_day B-flight_stop B-flight_stop B-fromloc.city_name B-fromloc.city_name B-toloc.city_name B-toloc.city_name
on friday morning i would like to fly from toronto to montreal,B-depart_date.day_name B-depart_time.period_of_day B-fromloc.city_name B-toloc.city_name,B-airline_name B-depart_date.day_name B-depart_time.period_of_day B-fromloc.city_name B-fromloc.city_name B-flight_mod B-toloc.city_name B-toloc.city_name B-fromloc.city_name B-fromloc.city_name B-toloc.city_name B-toloc.city_name
i would like an early morning flight today from los angeles to charlotte,B-depart_time.period_of_day B-depart_time.period_of_day B-depart_date.today_relative B-fromloc.city_name I-fromloc.city_name B-toloc.city_name,B-fromloc.city_name B-fromloc.city_name B-flight_mod B-flight_mod B-depart_time.period_of_day B-depart_time.period_of_day B-flight_time B-depart_date.today_relative B-fromloc.city_name B-fromloc.city_name I-fromloc.city_name B-toloc.city_name B-toloc.city_name
on wednesday night i would like a flight from charlotte to newark,B-depart_date.day_name B-depart_time.period_of_day B-fromloc.city_name B-toloc.city_name,B-airline_name B-depart_date.day_name B-depart_time.period_of_day B-fromloc.city_name B-fromloc.city_name B-flight_mod B-depart_time.period_of_day B-flight_time B-fromloc.city_name B-fromloc.city_name B-toloc.city_name B-toloc.city_name
on friday night i would like a flight from newark to los angeles,B-depart_date.day_name B-depart_time.period_of_day B-fromloc.city_name B-toloc.city_name I-toloc.city_name,B-airline_name B-depart_date.day_name B-depart_time.period_of_day B-fromloc.city_name B-fromloc.city_name B-flight_mod B-depart_time.period_of_day B-flight_time B-fromloc.city_name B-fromloc.city_name B-toloc.city_name B-toloc.city_name I-toloc.city_name
find a flight from tampa to montreal by way of new york,B-fromloc.city_name B-toloc.city_name B-stoploc.city_name I-stoploc.city_name,B-fromloc.city_name B-depart_time.period_of_day B-flight_time B-fromloc.city_name B-fromloc.city_name B-toloc.city_name B-toloc.city_name B-arrive_time.time_relative B-arrive_time.time B-arrive_time.time B-stoploc.city_name I-stoploc.city_name
please find a flight from miami florida to las vegas nevada arriving before 4 o'clock pm,B-fromloc.city_name B-fromloc.state_name B-toloc.city_name I-toloc.city_name B-toloc.state_name B-arrive_time.time_relative B-arrive_time.time I-arrive_time.time I-arrive_time.time,B-cost_relative B-class_type B-depart_time.period_of_day B-flight_time B-fromloc.city_name B-fromloc.city_name B-fromloc.state_name B-toloc.city_name B-toloc.city_name I-toloc.city_name B-toloc.state_name B-arrive_time.time_relative B-arrive_time.time_relative B-arrive_time.time I-arrive_time.time I-arrive_time.time
please find a flight from las vegas to michigan,B-fromloc.city_name I-fromloc.city_name B-toloc.state_name,B-cost_relative B-class_type B-depart_time.period_of_day B-flight_time B-fromloc.city_name B-fromloc.city_name I-fromloc.city_name B-toloc.city_name B-toloc.city_name
please find a flight from detroit michigan to st. petersburg arriving before 10 pm,B-fromloc.city_name B-fromloc.state_name B-toloc.city_name I-toloc.city_name B-arrive_time.time_relative B-arrive_time.time I-arrive_time.time,B-cost_relative B-class_type B-depart_time.period_of_day B-flight_time B-fromloc.city_name B-fromloc.city_name B-fromloc.state_name B-toloc.city_name B-toloc.city_name I-toloc.city_name B-arrive_time.time_relative B-arrive_time.time_relative B-arrive_time.time I-arrive_time.time
please find a flight from st. petersburg to miami on thursday,B-fromloc.city_name I-fromloc.city_name B-toloc.city_name B-depart_date.day_name,B-cost_relative B-class_type B-depart_time.period_of_day B-flight_time B-fromloc.city_name B-fromloc.city_name I-fromloc.city_name B-toloc.city_name B-toloc.city_name B-depart_date.month_name B-depart_date.day_name
please find a flight from san diego to toronto on alaska airlines,B-fromloc.city_name I-fromloc.city_name B-toloc.city_name B-airline_name I-airline_name,B-cost_relative B-class_type B-depart_time.period_of_day B-flight_time B-fromloc.city_name B-fromloc.city_name I-fromloc.city_name B-toloc.city_name B-toloc.city_name B-depart_date.month_name B-airline_name I-airline_name
please find the flights from columbus to houston with a layover in nashville tomorrow,B-fromloc.city_name B-toloc.city_name B-stoploc.city_name B-depart_date.today_relative,B-cost_relative B-class_type B-depart_date.today_relative B-flight_time B-fromloc.city_name B-fromloc.city_name B-toloc.city_name B-toloc.city_name I-toloc.airport_name B-depart_time.period_of_day B-flight_mod B-stoploc.city_name B-stoploc.city_name B-depart_date.today_relative
please give me the flights from nashville to houston nonstop with dinner served,B-fromloc.city_name B-toloc.city_name B-flight_stop B-meal_description,B-cost_relative B-airline_name B-airline_name B-depart_date.today_relative B-flight_time B-fromloc.city_name B-fromloc.city_name B-toloc.city_name B-toloc.city_name B-flight_stop B-flight_stop B-meal_description B-meal_description
please find flights available from kansas city to newark,B-fromloc.city_name I-fromloc.city_name B-toloc.city_name,B-cost_relative B-class_type I-flight_time B-depart_date.day_name B-fromloc.city_name B-fromloc.city_name I-fromloc.city_name B-toloc.city_name B-toloc.city_name
please find a flight that goes from kansas city to newark to orlando back to kansas city,B-fromloc.city_name I-fromloc.city_name B-toloc.city_name B-toloc.city_name B-toloc.city_name I-toloc.city_name,B-cost_relative B-class_type B-depart_time.period_of_day B-flight_time B-aircraft_code B-flight_number B-fromloc.city_name B-fromloc.city_name I-fromloc.city_name B-toloc.city_name B-toloc.city_name B-toloc.city_name B-toloc.city_name I-toloc.airport_name B-toloc.city_name B-toloc.city_name I-toloc.city_name
please find a flight from kansas city to newark,B-fromloc.city_name I-fromloc.city_name B-toloc.city_name,B-cost_relative B-class_type B-depart_time.period_of_day B-flight_time B-fromloc.city_name B-fromloc.city_name I-fromloc.city_name B-toloc.city_name B-toloc.city_name
please find a flight from newark to orlando,B-fromloc.city_name B-toloc.city_name,B-cost_relative B-class_type B-depart_time.period_of_day B-flight_time B-fromloc.city_name B-fromloc.city_name B-toloc.city_name B-toloc.city_name
please find a flight from orlando to kansas city,B-fromloc.city_name B-toloc.city_name I-toloc.city_name,B-cost_relative B-class_type B-depart_time.period_of_day B-flight_time B-fromloc.city_name B-fromloc.city_name B-toloc.city_name B-toloc.city_name I-toloc.city_name
i would like to fly from columbus to phoenix through cincinnati in the afternoon,B-fromloc.city_name B-toloc.city_name B-stoploc.city_name B-depart_time.period_of_day,B-fromloc.city_name B-fromloc.city_name B-flight_mod B-toloc.city_name B-toloc.city_name B-fromloc.city_name B-fromloc.city_name B-toloc.city_name B-toloc.city_name B-toloc.state_name B-stoploc.city_name B-stoploc.city_name B-depart_date.today_relative B-depart_time.period_of_day
i would like to know what airports are in los angeles,B-city_name I-city_name,B-fromloc.city_name B-fromloc.city_name B-flight_mod B-toloc.city_name B-toloc.city_name B-flight_stop B-flight_time B-aircraft_code B-city_name B-toloc.city_name I-toloc.city_name
does the airport at burbank have a flight that <unk> in from kansas city,B-toloc.city_name B-fromloc.city_name I-fromloc.city_name,B-airline_name B-depart_date.today_relative I-airport_name B-airport_name B-city_name B-depart_date.day_name B-aircraft_code B-flight_time B-aircraft_code B-flight_number B-fromloc.city_name B-fromloc.city_name B-fromloc.city_name I-fromloc.city_name
which flights arrive in burbank from kansas city on saturdays in the afternoon,B-toloc.city_name B-fromloc.city_name I-fromloc.city_name B-arrive_date.day_name B-arrive_time.period_of_day,B-depart_time.time I-flight_time B-depart_date.day_name B-toloc.city_name B-toloc.city_name B-fromloc.city_name B-fromloc.city_name I-fromloc.city_name B-airline_name B-arrive_date.day_name B-arrive_date.day_name B-arrive_time.period_of_day B-arrive_time.period_of_day
which flights arrive in burbank from las vegas on saturday april twenty third in the afternoon,B-toloc.city_name B-fromloc.city_name I-fromloc.city_name B-depart_date.day_name B-depart_date.month_name B-depart_date.day_number I-depart_date.day_number B-depart_time.period_of_day,B-depart_time.time I-flight_time B-depart_date.day_name B-toloc.city_name B-toloc.city_name B-fromloc.city_name B-fromloc.city_name I-fromloc.city_name B-airline_name B-arrive_date.day_name B-arrive_date.month_name B-arrive_date.day_number I-arrive_date.day_number I-arrive_date.day_number B-depart_date.today_relative B-depart_time.period_of_day
which flights are available from orlando to cleveland that arrive around 10 pm,B-fromloc.city_name B-toloc.city_name B-arrive_time.time_relative B-arrive_time.time I-arrive_time.time,B-depart_time.time I-flight_time B-fromloc.city_name B-depart_date.day_name B-fromloc.city_name B-fromloc.city_name B-toloc.city_name B-toloc.city_name I-toloc.city_name B-arrive_time.time_relative B-arrive_time.time_relative B-arrive_time.time I-arrive_time.time
what flights are available from indianapolis to san diego on april twenty first in the late afternoon,B-fromloc.city_name B-toloc.city_name I-toloc.city_name B-depart_date.month_name B-depart_date.day_number I-depart_date.day_number B-depart_time.period_of_day I-depart_time.period_of_day,B-airline_code B-fromloc.city_name B-fromloc.city_name B-depart_date.day_name B-fromloc.city_name B-fromloc.city_name B-toloc.city_name B-toloc.city_name I-toloc.city_name B-depart_date.month_name B-depart_date.month_name B-depart_date.day_number I-depart_date.day_number B-stoploc.city_name B-depart_date.today_relative B-depart_time.period_of_day I-depart_time.period_of_day
what flights leave cleveland going to indianapolis on april twenty first in the morning,B-fromloc.city_name B-toloc.city_name B-depart_date.month_name B-depart_date.day_number I-depart_date.day_number B-depart_time.period_of_day,B-airline_code B-fromloc.city_name B-fromloc.city_name B-fromloc.city_name B-fromloc.state_name B-toloc.city_name B-toloc.city_name B-depart_date.month_name B-depart_date.month_name B-depart_date.day_number I-depart_date.day_number I-depart_date.day_number B-depart_date.today_relative B-depart_time.period_of_day
which flights are available on april twenty first in the morning from nashville to tacoma,B-depart_date.month_name B-depart_date.day_number I-depart_date.day_number B-depart_time.period_of_day B-fromloc.city_name B-toloc.city_name,B-depart_time.time I-flight_time B-fromloc.city_name B-depart_date.day_name B-airline_name B-depart_date.month_name B-depart_date.day_number I-depart_date.day_number I-depart_date.day_number B-depart_date.today_relative B-depart_time.period_of_day B-fromloc.city_name B-fromloc.city_name B-toloc.city_name B-toloc.city_name
which flights are available from tacoma to san jose in the morning on april twenty second,B-fromloc.city_name B-toloc.city_name I-toloc.city_name B-depart_time.period_of_day B-depart_date.month_name B-depart_date.day_number I-depart_date.day_number,B-depart_time.time I-flight_time B-fromloc.city_name B-depart_date.day_name B-fromloc.city_name B-fromloc.city_name B-toloc.city_name B-toloc.city_name I-toloc.city_name B-toloc.city_name B-depart_date.today_relative B-depart_time.period_of_day B-depart_date.month_name B-depart_date.month_name B-depart_date.day_number I-depart_date.day_number
which flights are available from san jose to nashville leaving in the morning on april twenty three,B-fromloc.city_name I-fromloc.city_name B-toloc.city_name B-depart_time.period_of_day B-depart_date.month_name B-depart_date.day_number I-depart_date.day_number,B-depart_time.time I-flight_time B-fromloc.city_name B-depart_date.day_name B-fromloc.city_name B-fromloc.city_name I-fromloc.city_name B-toloc.city_name B-toloc.city_name B-fromloc.city_name B-fromloc.city_name B-depart_date.today_relative B-depart_time.period_of_day B-depart_date.month_name B-depart_date.month_name B-depart_date.day_number I-depart_date.day_number
what is the most expensive one way fare between detroit and westchester county,B-cost_relative I-cost_relative B-round_trip I-round_trip B-fromloc.city_name B-toloc.city_name I-toloc.city_name,B-airline_code B-airline_code B-depart_date.today_relative B-cost_relative I-cost_relative B-round_trip I-round_trip I-round_trip B-fromloc.city_name B-fromloc.city_name B-toloc.city_name B-toloc.city_name I-toloc.city_name
what airlines fly between detroit and westchester county,B-fromloc.city_name B-toloc.city_name I-toloc.city_name,B-airline_code I-airline_name B-airline_name B-fromloc.city_name B-fromloc.city_name B-toloc.city_name B-toloc.city_name I-toloc.city_name
what are the departure times from detroit to westchester county,B-flight_time I-flight_time B-fromloc.city_name B-toloc.city_name I-toloc.city_name,B-airline_code B-fromloc.city_name B-depart_date.today_relative B-flight_time I-flight_time B-fromloc.city_name B-fromloc.city_name B-toloc.city_name B-toloc.city_name I-toloc.city_name
what is the latest flight from baltimore to oakland that serves dinner,B-flight_mod B-fromloc.city_name B-toloc.city_name B-meal_description,B-airline_code B-airline_code B-depart_date.today_relative B-flight_mod B-flight_time B-fromloc.city_name B-fromloc.city_name B-toloc.city_name B-toloc.city_name I-toloc.city_name B-depart_time.time B-meal_description
what is the earliest flight between baltimore and oakland that serves breakfast,B-flight_mod B-fromloc.city_name B-toloc.city_name B-meal_description,B-airline_code B-airline_code B-depart_date.today_relative B-flight_mod B-flight_time B-fromloc.city_name B-fromloc.city_name B-toloc.city_name B-toloc.city_name I-toloc.city_name B-meal_description B-meal_description
to what cities from boston does america west fly first class,B-fromloc.city_name B-airline_name I-airline_name B-class_type I-class_type,B-toloc.city_name B-class_type B-fare_basis_code B-fromloc.city_name B-fromloc.city_name I-fromloc.city_name B-airline_name I-airline_name B-airline_name B-class_type I-class_type
what airline flies from boston to san diego,B-fromloc.city_name B-toloc.city_name I-toloc.city_name,B-airline_code I-airline_name B-mod B-fromloc.city_name B-fromloc.city_name B-toloc.city_name B-toloc.city_name I-toloc.city_name
what is the latest breakfast flight from dallas to tampa,B-flight_mod B-meal_description B-fromloc.city_name B-toloc.city_name,B-airline_code B-airline_code B-depart_date.today_relative B-flight_mod B-meal_description B-flight_time B-fromloc.city_name B-fromloc.city_name B-toloc.city_name B-toloc.city_name
show me all lufthansa flights from seattle to boston with stopovers in minneapolis,B-airline_name B-fromloc.city_name B-toloc.city_name B-stoploc.city_name,B-airline_name B-cost_relative B-class_type B-airline_name I-flight_time B-fromloc.city_name B-fromloc.city_name B-toloc.city_name B-toloc.city_name I-toloc.airport_name B-flight_stop B-stoploc.city_name B-stoploc.city_name
show me all flights from seattle to boston with stopovers in minneapolis,B-fromloc.city_name B-toloc.city_name B-stoploc.city_name,B-airline_name B-cost_relative B-class_type I-flight_time B-fromloc.city_name B-fromloc.city_name B-toloc.city_name B-toloc.city_name I-toloc.airport_name B-flight_stop B-stoploc.city_name B-stoploc.city_name
list philadelphia to san francisco flights with stopovers in dallas,B-fromloc.city_name B-toloc.city_name I-toloc.city_name B-stoploc.city_name,B-depart_date.day_name B-fromloc.city_name B-toloc.city_name B-toloc.city_name I-toloc.city_name B-depart_date.day_name B-depart_date.day_name B-flight_stop B-stoploc.city_name B-stoploc.city_name
show me the connecting flights between boston and denver and the types of aircraft used,B-connect B-fromloc.city_name B-toloc.city_name,B-airline_name B-cost_relative B-depart_date.today_relative B-connect I-flight_time B-fromloc.city_name B-fromloc.city_name B-toloc.city_name B-toloc.city_name B-toloc.city_name B-depart_date.today_relative B-flight_mod B-depart_date.day_name I-flight_time I-flight_time
show me all the morning flights from philadelphia to fort worth,B-depart_time.period_of_day B-fromloc.city_name B-toloc.city_name I-toloc.city_name,B-airline_name B-cost_relative B-class_type B-depart_date.today_relative B-depart_time.period_of_day B-fromloc.city_name B-fromloc.city_name B-fromloc.city_name B-toloc.city_name B-toloc.city_name I-toloc.city_name
show me all the flights from kansas city to st. paul,B-fromloc.city_name I-fromloc.city_name B-toloc.city_name I-toloc.city_name,B-airline_name B-cost_relative B-class_type B-depart_date.today_relative B-flight_time B-fromloc.city_name B-fromloc.city_name I-fromloc.city_name B-toloc.city_name B-toloc.city_name I-toloc.city_name
show me northwest flight <unk> from kansas city to st. paul,B-airline_name B-flight_number B-fromloc.city_name I-fromloc.city_name B-toloc.city_name I-toloc.city_name,B-airline_name B-cost_relative B-airline_name B-flight_time B-flight_number B-fromloc.city_name B-fromloc.city_name I-fromloc.city_name B-toloc.city_name B-toloc.city_name I-toloc.city_name
show me all the flights from indianapolis to charlotte on monday,B-fromloc.city_name B-toloc.city_name B-depart_date.day_name,B-airline_name B-cost_relative B-class_type B-depart_date.today_relative B-flight_time B-fromloc.city_name B-fromloc.city_name B-toloc.city_name B-toloc.city_name B-depart_date.month_name B-depart_date.day_name
what is the ground transportation between the charlotte airport charlotte airport and downtown charlotte,B-airport_name I-airport_name B-city_name I-city_name B-city_name,B-airline_code B-airline_code B-depart_date.today_relative B-flight_mod B-city_name B-fromloc.airport_name B-fromloc.airport_name B-fromloc.airport_name I-fromloc.airport_name B-fromloc.city_name I-fromloc.airport_name B-toloc.city_name B-toloc.city_name B-toloc.city_name
show me all the flights from charlotte to minneapolis that leave at 2 pm or later on monday,B-fromloc.city_name B-toloc.city_name B-depart_time.time I-depart_time.time B-depart_time.time_relative B-depart_date.day_name,B-airline_name B-cost_relative B-class_type B-depart_date.today_relative B-flight_time B-fromloc.city_name B-fromloc.city_name B-toloc.city_name B-toloc.city_name I-toloc.city_name B-fromloc.city_name B-depart_time.time_relative B-depart_time.time I-depart_time.time B-or B-depart_time.time_relative B-depart_date.day_name B-depart_date.day_name
show me all the flights from charlotte to minneapolis on tuesday morning,B-fromloc.city_name B-toloc.city_name B-depart_date.day_name B-depart_time.period_of_day,B-airline_name B-cost_relative B-class_type B-depart_date.today_relative B-flight_time B-fromloc.city_name B-fromloc.city_name B-toloc.city_name B-toloc.city_name B-depart_date.month_name B-depart_date.day_name B-depart_time.period_of_day
show me the direct flights from charlotte to minneapolis on tuesday morning,B-connect B-fromloc.city_name B-toloc.city_name B-depart_date.day_name B-depart_time.period_of_day,B-airline_name B-cost_relative B-depart_date.today_relative B-connect I-flight_time B-fromloc.city_name B-fromloc.city_name B-toloc.city_name B-toloc.city_name B-depart_date.month_name B-depart_date.day_name B-depart_time.period_of_day
show me flight us 1500 on monday from charlotte to minneapolis please,B-airline_code B-flight_number B-depart_date.day_name B-fromloc.city_name B-toloc.city_name,B-airline_name B-cost_relative B-flight_time B-airline_name B-flight_number B-airline_name B-depart_date.day_name B-fromloc.city_name B-fromloc.city_name B-toloc.city_name B-toloc.city_name I-toloc.city_name
show me all the flights from minneapolis to indianapolis on tuesday that leave after 2 pm,B-fromloc.city_name B-toloc.city_name B-depart_date.day_name B-depart_time.time_relative B-depart_time.time I-depart_time.time,B-airline_name B-cost_relative B-class_type B-depart_date.today_relative B-flight_time B-fromloc.city_name B-fromloc.city_name B-toloc.city_name B-toloc.city_name B-depart_date.month_name B-depart_date.day_name B-depart_date.day_name B-fromloc.city_name B-depart_time.time_relative B-depart_time.time I-depart_time.time
show me the flights from minneapolis to indiana,B-fromloc.city_name B-toloc.state_name,B-airline_name B-cost_relative B-depart_date.today_relative B-flight_time B-fromloc.city_name B-fromloc.city_name B-toloc.city_name B-toloc.city_name
show me the flights in from minneapolis to indianapolis on tuesday afternoon,B-fromloc.city_name B-toloc.city_name B-depart_date.day_name B-depart_time.period_of_day,B-airline_name B-cost_relative B-depart_date.today_relative B-flight_time B-fromloc.city_name B-fromloc.city_name B-fromloc.city_name B-toloc.city_name B-toloc.city_name B-depart_date.day_name B-depart_date.day_name B-depart_time.period_of_day
show me flight us <unk> from indianapolis to charlotte on monday and flight us 1500 from charlotte to minneapolis on monday and flight twa <unk> from minneapolis to indianapolis,B-airline_code B-flight_number B-fromloc.city_name B-toloc.city_name B-depart_date.day_name B-flight_number B-fromloc.city_name B-toloc.city_name B-depart_date.day_name B-airline_code B-flight_number B-fromloc.city_name B-toloc.city_name,B-airline_name B-cost_relative B-flight_time B-airline_name B-flight_number B-fromloc.city_name B-fromloc.city_name B-toloc.city_name B-toloc.city_name B-depart_date.month_name B-depart_date.day_name B-depart_date.day_name B-flight_time B-airline_name B-flight_number B-fromloc.city_name B-fromloc.city_name B-toloc.city_name B-toloc.city_name B-depart_date.month_name B-depart_date.day_name B-depart_date.day_name B-flight_time B-airline_code B-fromloc.city_name B-fromloc.city_name B-fromloc.city_name B-toloc.city_name B-toloc.city_name
show me all the flights from las vegas to new york city,B-fromloc.city_name I-fromloc.city_name B-toloc.city_name I-toloc.city_name I-toloc.city_name,B-airline_name B-cost_relative B-class_type B-depart_date.today_relative B-flight_time B-fromloc.city_name B-fromloc.city_name I-fromloc.city_name B-toloc.city_name B-toloc.city_name I-toloc.city_name I-toloc.city_name
which different airlines go from las vegas to new york city,B-fromloc.city_name I-fromloc.city_name B-toloc.city_name I-toloc.city_name I-toloc.city_name,B-depart_time.time B-aircraft_code I-airline_name B-stoploc.city_name B-fromloc.city_name B-fromloc.city_name I-fromloc.city_name B-toloc.city_name B-toloc.city_name I-toloc.city_name I-toloc.city_name
show me all the flights on america west and twa from las vegas to jfk on a friday,B-airline_name I-airline_name B-airline_code B-fromloc.city_name I-fromloc.city_name B-toloc.airport_code B-depart_date.day_name,B-airline_name B-cost_relative B-class_type B-depart_date.today_relative B-flight_time B-airline_name B-airline_name I-airline_name B-flight_number B-airline_code B-fromloc.city_name B-fromloc.city_name I-fromloc.city_name B-toloc.city_name B-toloc.airport_code B-airline_name B-airline_name B-depart_date.day_name
what are the flights from tacoma to miami that leave after 6 pm tomorrow,B-fromloc.city_name B-toloc.city_name B-depart_time.time_relative B-depart_time.time I-depart_time.time B-depart_date.today_relative,B-airline_code B-fromloc.city_name B-depart_date.today_relative B-flight_time B-fromloc.city_name B-fromloc.city_name B-toloc.city_name B-toloc.city_name I-toloc.city_name B-fromloc.city_name B-depart_time.time_relative B-depart_time.time I-depart_time.time B-depart_date.today_relative
i 'd like to fly from san diego to houston on june tenth,B-fromloc.city_name I-fromloc.city_name B-toloc.city_name B-depart_date.month_name B-depart_date.day_number,B-fromloc.city_name B-depart_time.time B-flight_mod B-toloc.city_name B-airline_name B-fromloc.city_name B-fromloc.city_name I-fromloc.city_name B-toloc.city_name B-toloc.city_name B-depart_date.month_name B-depart_date.month_name B-depart_date.day_number
is there an american airlines flight from houston to newark on june tenth after 6 pm,B-airline_name I-airline_name B-fromloc.city_name B-toloc.city_name B-depart_date.month_name B-depart_date.day_number B-depart_time.time_relative B-depart_time.time I-depart_time.time,B-airline_code B-airline_code B-flight_mod B-airline_name I-airline_name B-flight_number B-fromloc.city_name B-fromloc.city_name B-toloc.city_name B-toloc.city_name B-depart_date.month_name B-depart_date.month_name B-depart_date.day_number B-depart_time.time_relative B-depart_time.time I-depart_time.time
is there an american airlines flight from houston to newark on june tenth after 3 pm,B-airline_name I-airline_name B-fromloc.city_name B-toloc.city_name B-depart_date.month_name B-depart_date.day_number B-depart_time.time_relative B-depart_time.time I-depart_time.time,B-airline_code B-airline_code B-flight_mod B-airline_name I-airline_name B-flight_number B-fromloc.city_name B-fromloc.city_name B-toloc.city_name B-toloc.city_name B-depart_date.month_name B-depart_date.month_name B-depart_date.day_number B-depart_time.time_relative B-depart_time.time I-depart_time.time
i need to get from cincinnati to denver on june sixth by 6 pm,B-fromloc.city_name B-toloc.city_name B-arrive_date.month_name B-arrive_date.day_number B-arrive_time.time_relative B-arrive_time.time I-arrive_time.time,B-fromloc.city_name B-class_type B-toloc.city_name B-toloc.city_name B-fromloc.city_name B-fromloc.city_name B-toloc.city_name B-toloc.city_name B-depart_date.month_name B-depart_date.month_name B-depart_date.day_number I-depart_date.day_number B-depart_time.time I-depart_time.time
what 's the ground transportation in denver,B-city_name,B-airline_code B-airline_code B-depart_date.today_relative B-flight_mod B-city_name B-city_name B-city_name
what 's the fare for a taxi to denver,B-transport_type B-city_name,B-airline_code B-airline_code B-depart_date.today_relative B-airline_code B-airline_code B-aircraft_code B-transport_type B-toloc.city_name B-toloc.city_name
what are the fares for ground transportation in denver,B-city_name,B-airline_code B-fromloc.city_name B-depart_date.today_relative B-depart_time.period_of_day B-airline_name B-depart_date.day_name B-city_name B-city_name B-city_name
i need to fly from denver to westchester county on june seventh after 3 pm,B-fromloc.city_name B-toloc.city_name I-toloc.city_name B-depart_date.month_name B-depart_date.day_number B-depart_time.time_relative B-depart_time.time I-depart_time.time,B-fromloc.city_name B-class_type B-toloc.city_name B-toloc.city_name B-fromloc.city_name B-fromloc.city_name B-toloc.city_name B-toloc.city_name I-toloc.city_name B-depart_date.month_name B-depart_date.month_name B-depart_date.day_number B-depart_time.time_relative B-depart_time.time I-depart_time.time
what 's the ground transportation in westchester county,B-city_name I-city_name,B-airline_code B-airline_code B-depart_date.today_relative B-flight_mod B-city_name B-city_name B-city_name I-city_name
i need to take a united airlines flight on june eighth from westchester county to cincinnati after 3 pm,B-airline_name I-airline_name B-depart_date.month_name B-depart_date.day_number B-fromloc.city_name I-fromloc.city_name B-toloc.city_name B-depart_time.time_relative B-depart_time.time I-depart_time.time,B-fromloc.city_name B-class_type B-toloc.city_name B-toloc.city_name B-toloc.city_name B-airline_name I-airline_name B-flight_number B-airline_name B-depart_date.month_name B-depart_date.day_number B-fromloc.city_name B-fromloc.city_name I-fromloc.city_name B-toloc.city_name B-toloc.city_name B-depart_time.time_relative B-depart_time.time I-depart_time.time
what united airlines flights on june eighth go from westchester county to cincinnati,B-airline_name I-airline_name B-depart_date.month_name B-depart_date.day_number B-fromloc.city_name I-fromloc.city_name B-toloc.city_name,B-airline_code B-airline_name I-airline_name B-fromloc.city_name B-airline_name B-depart_date.month_name B-depart_date.day_number I-depart_date.day_number B-fromloc.city_name B-fromloc.city_name I-fromloc.city_name B-toloc.city_name B-toloc.city_name
on june eighth what flights go from westchester county to cincinnati,B-depart_date.month_name B-depart_date.day_number B-fromloc.city_name I-fromloc.city_name B-toloc.city_name,B-airline_name B-depart_date.month_name B-depart_date.day_number I-depart_date.day_number B-fromloc.city_name B-fromloc.city_name B-fromloc.city_name B-fromloc.city_name I-fromloc.city_name B-toloc.city_name B-toloc.city_name
does us air fly from cincinnati to denver on june sixth,B-airline_name I-airline_name B-fromloc.city_name B-toloc.city_name B-depart_date.month_name B-depart_date.day_number,B-airline_name B-airline_name I-airline_name B-airline_name B-fromloc.city_name B-fromloc.city_name B-toloc.city_name B-toloc.city_name B-depart_date.month_name B-depart_date.month_name B-depart_date.day_number
list the flights from cincinnati to denver on june sixth,B-fromloc.city_name B-toloc.city_name B-depart_date.month_name B-depart_date.day_number,B-depart_date.day_name B-depart_date.today_relative B-flight_time B-fromloc.city_name B-fromloc.city_name B-toloc.city_name B-toloc.city_name B-airline_name B-depart_date.month_name B-depart_date.day_number
list the flights from denver to westchester county on june seventh,B-fromloc.city_name B-toloc.city_name I-toloc.city_name B-depart_date.month_name B-depart_date.day_number,B-depart_date.day_name B-depart_date.today_relative B-flight_time B-fromloc.city_name B-fromloc.city_name B-toloc.city_name B-toloc.city_name I-toloc.city_name B-depart_date.month_name B-depart_date.month_name B-depart_date.day_number
list the flights from westchester county to cincinnati on june eighth,B-fromloc.city_name I-fromloc.city_name B-toloc.city_name B-depart_date.month_name B-depart_date.day_number,B-depart_date.day_name B-depart_date.today_relative B-flight_time B-fromloc.city_name B-fromloc.city_name I-fromloc.city_name B-toloc.city_name B-toloc.city_name B-depart_date.month_name B-depart_date.month_name B-depart_date.day_number
list the flights from cincinnati to westchester county on june sixth,B-fromloc.city_name B-toloc.city_name I-toloc.city_name B-depart_date.month_name B-depart_date.day_number,B-depart_date.day_name B-depart_date.today_relative B-flight_time B-fromloc.city_name B-fromloc.city_name B-toloc.city_name B-toloc.city_name I-toloc.city_name B-depart_date.month_name B-depart_date.month_name B-depart_date.day_number
list the flights from westchester county to denver on june seventh,B-fromloc.city_name I-fromloc.city_name B-toloc.city_name B-depart_date.month_name B-depart_date.day_number,B-depart_date.day_name B-depart_date.today_relative B-flight_time B-fromloc.city_name B-fromloc.city_name I-fromloc.city_name B-toloc.city_name B-toloc.city_name B-airline_name B-depart_date.month_name B-depart_date.day_number
list the flights from denver to cincinnati on june eighth,B-fromloc.city_name B-toloc.city_name B-depart_date.month_name B-depart_date.day_number,B-depart_date.day_name B-depart_date.today_relative B-flight_time B-fromloc.city_name B-fromloc.city_name B-toloc.city_name B-toloc.city_name B-depart_date.month_name B-depart_date.month_name B-depart_date.day_number
list the flights from denver to cincinnati on june sixth after 4 pm,B-fromloc.city_name B-toloc.city_name B-depart_date.month_name B-depart_date.day_number B-depart_time.time_relative B-depart_time.time I-depart_time.time,B-depart_date.day_name B-depart_date.today_relative B-flight_time B-fromloc.city_name B-fromloc.city_name B-toloc.city_name B-toloc.city_name B-depart_date.month_name B-depart_date.month_name B-depart_date.day_number B-depart_time.time_relative B-depart_time.time I-depart_time.time
list the flights from cincinnati to westchester county on june seventh,B-fromloc.city_name B-toloc.city_name I-toloc.city_name B-depart_date.month_name B-depart_date.day_number,B-depart_date.day_name B-depart_date.today_relative B-flight_time B-fromloc.city_name B-fromloc.city_name B-toloc.city_name B-toloc.city_name I-toloc.city_name B-depart_date.month_name B-depart_date.month_name B-depart_date.day_number
list the flights from westchester county to cincinnati on june seventh leaving after 5 pm,B-fromloc.city_name I-fromloc.city_name B-toloc.city_name B-depart_date.month_name B-depart_date.day_number B-depart_time.time_relative B-depart_time.time I-depart_time.time,B-depart_date.day_name B-depart_date.today_relative B-flight_time B-fromloc.city_name B-fromloc.city_name I-fromloc.city_name B-toloc.city_name B-toloc.city_name B-depart_date.month_name B-depart_date.month_name B-depart_date.day_number B-fromloc.city_name B-depart_time.time_relative B-depart_time.time I-depart_time.time
what airlines off from love field between 6 and 10 am on june sixth,B-fromloc.airport_name I-fromloc.airport_name B-depart_time.start_time B-depart_time.end_time I-depart_time.end_time B-depart_date.month_name B-depart_date.day_number,B-airline_code I-airline_name I-airline_name B-fromloc.city_name B-fromloc.airport_name I-fromloc.airport_name B-fromloc.city_name B-depart_time.start_time B-toloc.city_name B-depart_time.end_time I-depart_time.time B-depart_date.month_name B-depart_date.month_name B-depart_date.day_number
what flights arrive at love field on june sixth,B-toloc.airport_name I-toloc.airport_name B-arrive_date.month_name B-arrive_date.day_number,B-airline_code B-fromloc.city_name B-depart_date.day_name B-toloc.city_name B-toloc.airport_name I-toloc.airport_name B-airline_name B-depart_date.month_name B-depart_date.day_number
list the flights from montreal to philly before 9 am,B-fromloc.city_name B-toloc.city_name B-depart_time.time_relative B-depart_time.time I-depart_time.time,B-depart_date.day_name B-depart_date.today_relative B-flight_time B-fromloc.city_name B-fromloc.city_name B-toloc.city_name B-toloc.city_name B-depart_time.time_relative B-depart_time.time I-depart_time.time
list the flights from cleveland to memphis,B-fromloc.city_name B-toloc.city_name,B-depart_date.day_name B-depart_date.today_relative B-flight_time B-fromloc.city_name B-fromloc.city_name B-toloc.city_name B-toloc.city_name
list the flights from memphis to cleveland,B-fromloc.city_name B-toloc.city_name,B-depart_date.day_name B-depart_date.today_relative B-flight_time B-fromloc.city_name B-fromloc.city_name B-toloc.city_name B-toloc.city_name
list the flights from denver to baltimore arriving on july first,B-fromloc.city_name B-toloc.city_name B-arrive_date.month_name B-arrive_date.day_number,B-depart_date.day_name B-depart_date.today_relative B-flight_time B-fromloc.city_name B-fromloc.city_name B-toloc.city_name B-toloc.city_name B-arrive_time.time_relative B-arrive_date.month_name B-arrive_date.month_name B-arrive_date.day_number
list the flights from dallas to baltimore arriving july first,B-fromloc.city_name B-toloc.city_name B-arrive_date.month_name B-arrive_date.day_number,B-depart_date.day_name B-depart_date.today_relative B-flight_time B-fromloc.city_name B-fromloc.city_name B-toloc.city_name B-toloc.city_name B-arrive_time.time_relative B-arrive_date.month_name B-arrive_date.day_number
list the flights from pittsburgh to baltimore arriving on july first,B-fromloc.city_name B-toloc.city_name B-arrive_date.month_name B-arrive_date.day_number,B-depart_date.day_name B-depart_date.today_relative B-flight_time B-fromloc.city_name B-fromloc.city_name B-toloc.city_name B-toloc.city_name B-arrive_time.time_relative B-arrive_date.month_name B-arrive_date.month_name B-arrive_date.day_number
list the flights on canadian airlines international,B-airline_name I-airline_name I-airline_name,B-depart_date.day_name B-depart_date.today_relative B-flight_time B-airline_name B-airline_name I-airline_name I-airline_name
how many canadian airlines international flights use j31,B-airline_name I-airline_name I-airline_name B-aircraft_code,B-city_name B-depart_time.period_of_day B-airline_name I-airline_name I-airline_name B-flight_number B-flight_number B-aircraft_code
how many canadian airlines international flights use aircraft <unk>,B-airline_name I-airline_name I-airline_name B-aircraft_code,B-city_name B-depart_time.period_of_day B-airline_name I-airline_name I-airline_name B-flight_number B-flight_number B-connect B-flight_number
how many canadian airlines flights use aircraft <unk>,B-airline_name I-airline_name B-aircraft_code,B-city_name B-depart_time.period_of_day B-airline_name I-airline_name B-fromloc.city_name B-depart_date.today_relative B-arrive_time.time B-arrive_time.time
show me the flights on american airlines which fly from st. petersburg to ontario canada with a stopover in st. louis,B-airline_name I-airline_name B-fromloc.city_name I-fromloc.city_name B-toloc.city_name B-toloc.country_name B-stoploc.city_name I-stoploc.city_name,B-airline_name B-cost_relative B-depart_date.today_relative B-flight_time B-airline_name B-airline_name I-airline_name B-flight_number B-airline_name B-fromloc.city_name B-fromloc.city_name I-fromloc.city_name B-toloc.city_name B-toloc.city_name B-toloc.country_name B-depart_date.day_name B-depart_time.period_of_day B-stoploc.city_name B-stoploc.city_name B-stoploc.city_name I-stoploc.city_name
show me the flights on american airlines which go from st. petersburg to ontario california by way of st. louis,B-airline_name I-airline_name B-fromloc.city_name I-fromloc.city_name B-toloc.city_name B-toloc.state_name B-stoploc.city_name I-stoploc.city_name,B-airline_name B-cost_relative B-depart_date.today_relative B-flight_time B-airline_name B-airline_name I-airline_name B-flight_number B-stoploc.city_name B-fromloc.city_name B-fromloc.city_name I-fromloc.city_name B-toloc.city_name B-toloc.city_name B-toloc.state_name B-toloc.state_name B-stoploc.city_name B-airline_code B-stoploc.city_name I-stoploc.city_name
which airport is closest to ontario california,B-mod B-city_name B-state_name,B-depart_time.time I-airport_name B-airline_code B-mod B-toloc.city_name B-toloc.city_name B-toloc.state_name
show me the flights from houston to orlando,B-fromloc.city_name B-toloc.city_name,B-airline_name B-cost_relative B-depart_date.today_relative B-flight_time B-fromloc.city_name B-fromloc.city_name B-toloc.city_name B-toloc.city_name
show me the flights from orlando to houston,B-fromloc.city_name B-toloc.city_name,B-airline_name B-cost_relative B-depart_date.today_relative B-flight_time B-fromloc.city_name B-fromloc.city_name B-toloc.city_name B-toloc.city_name
show me the flights from detroit to las vegas,B-fromloc.city_name B-toloc.city_name I-toloc.city_name,B-airline_name B-cost_relative B-depart_date.today_relative B-flight_time B-fromloc.city_name B-fromloc.city_name B-toloc.city_name B-toloc.city_name I-toloc.city_name
show me the cheapest round trip coach fare from las vegas to detroit,B-cost_relative B-round_trip I-round_trip B-class_type B-fromloc.city_name I-fromloc.city_name B-toloc.city_name,B-airline_name B-cost_relative B-depart_date.today_relative B-cost_relative B-round_trip I-round_trip B-class_type B-aircraft_code B-fromloc.city_name B-fromloc.city_name I-fromloc.city_name B-toloc.city_name B-toloc.city_name
show me the cheapest round trip coach fare on twa from las vegas to detroit,B-cost_relative B-round_trip I-round_trip B-class_type B-airline_code B-fromloc.city_name I-fromloc.city_name B-toloc.city_name,B-airline_name B-cost_relative B-depart_date.today_relative B-cost_relative B-round_trip I-round_trip B-class_type B-aircraft_code B-airline_name B-airline_code B-fromloc.city_name B-fromloc.city_name I-fromloc.city_name B-toloc.city_name B-toloc.city_name
show me the delta flights which serve a snack to coach passengers,B-airline_name B-meal_description,B-airline_name B-cost_relative B-depart_date.today_relative B-airline_name I-flight_time B-flight_number B-flight_number B-depart_time.period_of_day B-meal_description B-toloc.city_name B-class_type B-toloc.city_name
what is meal code <unk>,B-meal_code,B-airline_code B-airline_code B-meal B-airline_code B-fare_basis_code
what meals are available on dl <unk> which <unk> arrives in san francisco at <unk> am,B-meal B-airline_code B-flight_number B-toloc.city_name I-toloc.city_name B-arrive_time.time I-arrive_time.time,B-airline_code B-meal B-meal B-meal B-airline_name B-airline_code B-flight_number B-flight_number B-flight_number B-flight_number B-toloc.city_name B-toloc.city_name I-toloc.city_name B-arrive_time.time_relative B-arrive_time.time I-arrive_time.time
show me the delta flights from tampa to san francisco,B-airline_name B-fromloc.city_name B-toloc.city_name I-toloc.city_name,B-airline_name B-cost_relative B-depart_date.today_relative B-airline_name I-flight_time B-fromloc.city_name B-fromloc.city_name B-toloc.city_name B-toloc.city_name I-toloc.city_name
show me delta flight <unk>,B-airline_name B-flight_number,B-airline_name B-cost_relative B-airline_name B-flight_time B-flight_number
list the tower air flights on mondays,B-airline_name I-airline_name B-day_name,B-depart_date.day_name B-depart_date.today_relative B-flight_mod I-airline_name I-flight_time B-airline_name B-depart_date.day_name
list all tower air flights with meals,B-airline_name I-airline_name B-meal,B-depart_date.day_name B-class_type B-airline_name I-airline_name B-fromloc.city_name B-aircraft_code B-meal
what flights depart from baltimore,B-fromloc.city_name,B-airline_code B-fromloc.city_name B-fromloc.city_name B-fromloc.city_name B-fromloc.city_name
what flights depart from baltimore and arrive at san francisco on a friday,B-fromloc.city_name B-toloc.city_name I-toloc.city_name B-arrive_date.day_name,B-airline_code B-fromloc.city_name B-fromloc.city_name B-fromloc.city_name B-fromloc.city_name B-fromloc.state_name B-toloc.city_name B-toloc.city_name B-toloc.city_name I-toloc.city_name B-airline_name B-airline_name B-arrive_date.day_name
what flights leave from cincinnati in the morning and arrive in tampa,B-fromloc.city_name B-depart_time.period_of_day B-toloc.city_name,B-airline_code B-fromloc.city_name B-fromloc.city_name B-fromloc.city_name B-fromloc.city_name B-fromloc.city_name B-depart_date.today_relative B-depart_time.period_of_day B-depart_time.period_of_day B-toloc.city_name B-toloc.city_name B-toloc.city_name
which flights depart from tampa and arrive in cincinnati in the evening,B-fromloc.city_name B-toloc.city_name B-arrive_time.period_of_day,B-depart_time.time I-flight_time B-fromloc.city_name B-fromloc.city_name B-fromloc.city_name B-fromloc.state_name B-toloc.city_name B-toloc.city_name B-toloc.city_name B-toloc.city_name B-depart_date.today_relative B-arrive_time.period_of_day
which flights depart from tampa in the early evening and arrive in cincinnati,B-fromloc.city_name B-depart_time.period_of_day B-depart_time.period_of_day B-toloc.city_name,B-depart_time.time I-flight_time B-fromloc.city_name B-fromloc.city_name B-fromloc.city_name B-fromloc.city_name B-depart_date.today_relative B-depart_time.period_of_day B-depart_time.period_of_day B-depart_time.period_of_day B-toloc.city_name B-toloc.city_name B-toloc.city_name
which flights depart from philadelphia and arrive in atlanta,B-fromloc.city_name B-toloc.city_name,B-depart_time.time I-flight_time B-fromloc.city_name B-fromloc.city_name B-fromloc.city_name B-fromloc.state_name B-toloc.city_name B-toloc.city_name B-toloc.city_name
which flights depart from a atlanta and arrive in toronto,B-fromloc.city_name B-toloc.city_name,B-depart_time.time I-flight_time B-fromloc.city_name B-fromloc.city_name B-fromloc.city_name B-fromloc.city_name B-flight_mod B-toloc.city_name B-toloc.city_name B-toloc.city_name
which flights depart from toronto and arrive in washington dc,B-fromloc.city_name B-toloc.city_name B-toloc.state_code,B-depart_time.time I-flight_time B-fromloc.city_name B-fromloc.city_name B-fromloc.city_name B-fromloc.state_name B-toloc.city_name B-toloc.city_name B-toloc.city_name B-toloc.state_code
which flights depart from new york and arrive in los angeles after 10 am,B-fromloc.city_name I-fromloc.city_name B-toloc.city_name I-toloc.city_name B-arrive_time.time_relative B-arrive_time.time I-arrive_time.time,B-depart_time.time I-flight_time B-fromloc.city_name B-fromloc.city_name B-fromloc.city_name I-fromloc.city_name B-fromloc.state_name B-toloc.city_name B-toloc.city_name B-toloc.city_name I-toloc.city_name B-arrive_time.time_relative B-arrive_time.time I-arrive_time.time
how far is new york 's la guardia from downtown,B-city_name I-city_name I-city_name B-airport_name I-airport_name,B-city_name B-fromloc.airport_name B-fromloc.airport_name B-fromloc.airport_name I-fromloc.city_name I-fromloc.city_name B-fromloc.airport_name I-fromloc.airport_name B-fromloc.city_name B-fromloc.city_name
how far is toronto international from downtown,B-airport_name I-airport_name,B-city_name B-fromloc.airport_name B-fromloc.airport_name B-fromloc.airport_name I-fromloc.airport_name B-fromloc.city_name B-fromloc.airport_name
how far is los angeles international from downtown,B-airport_name I-airport_name I-airport_name,B-city_name B-fromloc.airport_name B-fromloc.airport_name B-city_name B-cost_relative I-fromloc.airport_name B-fromloc.city_name B-fromloc.airport_name
how far is san francisco international from downtown,B-airport_name I-airport_name I-airport_name,B-city_name B-fromloc.airport_name B-fromloc.airport_name B-fromloc.airport_name I-fromloc.city_name I-fromloc.airport_name B-fromloc.city_name B-fromloc.city_name
how much is the limousine service in boston,B-transport_type B-city_name,B-city_name B-transport_type B-airport_code B-depart_date.today_relative B-transport_type I-transport_type B-city_name B-city_name
how much is a limousine service in la guardia,B-transport_type B-airport_name I-airport_name,B-city_name B-transport_type B-airport_code B-aircraft_code B-transport_type B-transport_type B-city_name B-city_name I-fromloc.airport_name
how much is a limousine service in toronto international,B-transport_type B-airport_name I-airport_name,B-city_name B-transport_type B-airport_code B-aircraft_code B-transport_type B-transport_type B-city_name B-city_name I-airport_name
how much is limousine service in los angeles,B-transport_type B-city_name I-city_name,B-city_name B-transport_type B-airport_code B-transport_type B-transport_type B-city_name B-city_name I-city_name
what airlines fly between washington dc and columbus ohio,B-fromloc.city_name B-fromloc.state_code B-toloc.city_name B-toloc.state_name,B-airline_code I-airline_name B-airline_name B-fromloc.city_name B-fromloc.city_name B-fromloc.state_code B-toloc.city_name B-toloc.city_name B-toloc.state_name
what flights are there between washington dc and columbus ohio,B-fromloc.city_name B-fromloc.state_code B-toloc.city_name B-toloc.state_name,B-airline_code B-fromloc.city_name B-fromloc.city_name B-fromloc.city_name B-fromloc.city_name B-fromloc.city_name B-fromloc.state_code B-arrive_time.end_time B-toloc.city_name B-toloc.state_name
what are the flights between washington dc and columbus ohio,B-fromloc.city_name B-fromloc.state_code B-toloc.city_name B-toloc.state_name,B-airline_code B-fromloc.city_name B-depart_date.today_relative B-flight_time B-fromloc.city_name B-fromloc.city_name B-fromloc.state_code B-toloc.city_name B-toloc.city_name B-toloc.state_name
what are the fares for all flights between washington and columbus,B-fromloc.city_name B-toloc.city_name,B-airline_code B-fromloc.city_name B-depart_date.today_relative B-depart_time.period_of_day B-airline_name B-fromloc.city_name B-fromloc.city_name B-fromloc.city_name B-fromloc.city_name B-toloc.city_name B-toloc.city_name
at the charlotte airport how many different types of aircraft are there for us air,B-city_name I-city_name B-airline_name I-airline_name,B-airport_name B-depart_date.today_relative B-airport_name I-airport_name B-aircraft_code B-fromloc.city_name B-depart_date.day_number B-aircraft_code B-aircraft_code B-aircraft_code B-fromloc.city_name B-aircraft_code B-airline_code B-airline_code I-airline_name
list all us air flights arriving in charlotte on saturday at 1 pm,B-airline_name I-airline_name B-toloc.city_name B-arrive_date.day_name B-arrive_time.time I-arrive_time.time,B-depart_date.day_name B-class_type B-airline_name I-airline_name B-flight_number B-arrive_time.time_relative B-toloc.city_name B-toloc.city_name B-arrive_date.day_name B-arrive_date.day_name B-arrive_date.day_name B-arrive_time.time I-arrive_time.time
what is the first class round trip airfare from <unk> indianapolis to memphis,B-class_type I-class_type B-round_trip I-round_trip B-fromloc.city_name B-toloc.city_name,B-airline_code B-airline_code B-depart_date.today_relative B-flight_mod I-class_type B-round_trip I-round_trip I-round_trip B-fromloc.city_name B-fromloc.city_name B-fromloc.city_name B-toloc.city_name B-toloc.city_name
list all flights from memphis to miami,B-fromloc.city_name B-toloc.city_name,B-depart_date.day_name B-class_type I-flight_time B-fromloc.city_name B-fromloc.city_name B-toloc.city_name B-toloc.city_name
list all flights and their fares from indianapolis to memphis on a monday morning,B-fromloc.city_name B-toloc.city_name B-depart_date.day_name B-depart_time.period_of_day,B-depart_date.day_name B-class_type I-flight_time B-airline_name B-depart_time.period_of_day B-depart_time.period_of_day B-fromloc.city_name B-fromloc.city_name B-toloc.city_name B-toloc.city_name B-depart_date.month_name B-airline_name B-depart_date.day_name B-depart_time.period_of_day
list all flights and their fares from memphis to miami on a wednesday evening,B-fromloc.city_name B-toloc.city_name B-depart_date.day_name B-depart_time.period_of_day,B-depart_date.day_name B-class_type I-flight_time B-airline_name B-depart_time.period_of_day B-depart_time.period_of_day B-fromloc.city_name B-fromloc.city_name B-toloc.city_name B-toloc.city_name B-depart_date.month_name B-airline_name B-depart_date.day_name B-depart_time.period_of_day
list all flights and their fares for all flights between miami and indianapolis,B-fromloc.city_name B-toloc.city_name,B-depart_date.day_name B-class_type I-flight_time B-airline_name B-depart_time.period_of_day B-depart_time.period_of_day B-airline_name B-fromloc.city_name B-fromloc.city_name B-fromloc.city_name B-fromloc.city_name B-toloc.city_name B-toloc.city_name
list all flights from cleveland to kansas city on monday,B-fromloc.city_name B-toloc.city_name I-toloc.city_name B-depart_date.day_name,B-depart_date.day_name B-class_type I-flight_time B-fromloc.city_name B-fromloc.city_name B-toloc.city_name B-toloc.city_name I-toloc.city_name B-airline_name B-depart_date.day_name
list all flights from kansas city to cleveland,B-fromloc.city_name I-fromloc.city_name B-toloc.city_name,B-depart_date.day_name B-class_type I-flight_time B-fromloc.city_name B-fromloc.city_name I-fromloc.city_name B-toloc.city_name B-toloc.city_name
list all flights from cleveland to nashville,B-fromloc.city_name B-toloc.city_name,B-depart_date.day_name B-class_type I-flight_time B-fromloc.city_name B-fromloc.city_name B-toloc.city_name B-toloc.city_name
list all flights from nashville to cleveland on sunday,B-fromloc.city_name B-toloc.city_name B-depart_date.day_name,B-depart_date.day_name B-class_type I-flight_time B-fromloc.city_name B-fromloc.city_name B-toloc.city_name B-toloc.city_name B-airline_name B-depart_date.day_name
list all sunday flights from cleveland to nashville and their fares,B-depart_date.day_name B-fromloc.city_name B-toloc.city_name,B-depart_date.day_name B-class_type B-depart_date.day_name B-fromloc.city_name B-fromloc.city_name B-fromloc.city_name B-toloc.city_name B-toloc.city_name B-toloc.state_name B-depart_time.end_time B-fare_amount
what airlines are departing from baltimore,B-fromloc.city_name,B-airline_code I-airline_name B-fromloc.city_name B-fromloc.city_name B-fromloc.city_name B-fromloc.city_name
which airlines fly from baltimore to san francisco,B-fromloc.city_name B-toloc.city_name I-toloc.city_name,B-depart_time.time I-airline_name B-airline_name B-fromloc.city_name B-fromloc.city_name B-toloc.city_name B-toloc.city_name I-toloc.city_name
how long does a flight from baltimore to san francisco take,B-fromloc.city_name B-toloc.city_name I-toloc.city_name,B-city_name B-fromloc.city_name B-city_name B-airline_name B-flight_time B-fromloc.city_name B-fromloc.city_name B-toloc.city_name B-toloc.city_name I-toloc.city_name B-flight_stop
which flights are leaving from kansas city to atlanta early monday morning,B-fromloc.city_name I-fromloc.city_name B-toloc.city_name B-depart_time.period_mod B-depart_date.day_name B-depart_time.period_of_day,B-depart_time.time I-flight_time B-fromloc.city_name B-fromloc.city_name B-fromloc.city_name B-fromloc.city_name I-fromloc.city_name B-toloc.city_name B-toloc.city_name B-depart_time.period_mod B-depart_date.day_name B-depart_time.period_of_day
which flights are leaving atlanta and arriving in st. louis close to 230 pm on tuesday,B-fromloc.city_name B-toloc.city_name I-toloc.city_name B-arrive_time.time_relative B-arrive_time.time I-arrive_time.time B-arrive_date.day_name,B-depart_time.time I-flight_time B-fromloc.city_name B-fromloc.city_name B-fromloc.city_name B-toloc.city_name B-toloc.city_name B-toloc.city_name B-toloc.city_name I-toloc.city_name I-toloc.city_name B-toloc.city_name B-toloc.city_name I-arrive_time.time B-airline_name B-arrive_date.day_name
please list flights from st. louis to st. paul which depart after 10 am thursday morning,B-fromloc.city_name I-fromloc.city_name B-toloc.city_name I-toloc.city_name B-depart_time.time_relative B-depart_time.time I-depart_time.time B-depart_date.day_name B-depart_time.period_of_day,B-cost_relative B-aircraft_code I-flight_time B-fromloc.city_name B-fromloc.city_name I-fromloc.city_name B-toloc.city_name B-toloc.city_name I-toloc.city_name B-toloc.state_name B-fromloc.city_name B-depart_time.time_relative B-depart_time.time I-depart_time.time B-depart_date.day_name B-depart_time.period_of_day
list flights from st. paul to kansas city friday in the evening with a meal <unk>,B-fromloc.city_name I-fromloc.city_name B-toloc.city_name I-toloc.city_name B-depart_date.day_name B-depart_time.period_of_day B-meal,B-depart_date.day_name B-fromloc.city_name B-fromloc.city_name B-fromloc.city_name I-fromloc.city_name B-toloc.city_name B-toloc.city_name I-toloc.city_name B-depart_date.day_name B-stoploc.city_name B-depart_date.today_relative B-depart_time.period_of_day B-depart_date.date_relative B-aircraft_code B-meal B-aircraft_code
list early morning flights from cincinnati to tampa,B-depart_time.period_of_day B-depart_time.period_of_day B-fromloc.city_name B-toloc.city_name,B-depart_date.day_name B-depart_time.period_of_day B-depart_time.period_of_day I-flight_time B-fromloc.city_name B-fromloc.city_name B-toloc.city_name B-toloc.city_name
list early evening flights from tampa to cincinnati,B-depart_time.period_of_day B-depart_time.period_of_day B-fromloc.city_name B-toloc.city_name,B-depart_date.day_name B-depart_time.period_of_day B-depart_time.period_of_day B-fromloc.city_name B-fromloc.city_name B-fromloc.city_name B-toloc.city_name B-toloc.city_name
list evening flights from tampa to cincinnati,B-depart_time.period_of_day B-fromloc.city_name B-toloc.city_name,B-depart_date.day_name B-depart_time.period_of_day I-flight_time B-fromloc.city_name B-fromloc.city_name B-toloc.city_name B-toloc.city_name
list flights from philadelphia to atlanta friday am,B-fromloc.city_name B-toloc.city_name B-depart_date.day_name B-depart_time.period_of_day,B-depart_date.day_name B-fromloc.city_name B-fromloc.city_name B-fromloc.city_name B-toloc.city_name B-toloc.city_name B-depart_date.day_name B-depart_time.period_of_day
list flights from atlanta to toronto friday afternoon,B-fromloc.city_name B-toloc.city_name B-depart_date.day_name B-depart_time.period_of_day,B-depart_date.day_name B-fromloc.city_name B-fromloc.city_name B-fromloc.city_name B-toloc.city_name B-toloc.city_name B-depart_date.day_name B-depart_time.period_of_day
list flights from toronto to washington dc saturday am,B-fromloc.city_name B-toloc.city_name B-toloc.state_code B-depart_date.day_name B-depart_time.period_of_day,B-depart_date.day_name B-fromloc.city_name B-fromloc.city_name B-fromloc.city_name B-toloc.city_name B-toloc.city_name B-toloc.state_code B-depart_date.day_name I-depart_time.time
list flights from washington dc to philadelphia saturday pm,B-fromloc.city_name B-fromloc.state_code B-toloc.city_name B-depart_date.day_name B-depart_time.period_of_day,B-depart_date.day_name B-fromloc.city_name B-fromloc.city_name B-fromloc.city_name B-fromloc.state_code B-toloc.city_name B-toloc.city_name B-depart_date.day_name I-depart_time.time
list direct flights from new york city to los angeles after 10 am,B-connect B-fromloc.city_name I-fromloc.city_name I-fromloc.city_name B-toloc.city_name I-toloc.city_name B-depart_time.time_relative B-depart_time.time I-depart_time.time,B-depart_date.day_name B-connect I-flight_time B-fromloc.city_name B-fromloc.city_name I-fromloc.city_name I-fromloc.city_name B-toloc.city_name B-toloc.city_name I-toloc.city_name B-depart_time.time_relative B-depart_time.time I-depart_time.time
list the airfare for american airlines flight 19 from jfk to lax,B-airline_name I-airline_name B-flight_number B-fromloc.airport_code B-toloc.airport_code,B-depart_date.day_name B-depart_date.today_relative B-flight_mod B-airline_name B-airline_name I-airline_name B-flight_number B-flight_number B-fromloc.city_name B-fromloc.airport_code B-toloc.city_name B-toloc.city_name
what is fare code m,B-fare_basis_code,B-airline_code B-airline_code B-airline_code B-fare_basis_code B-fare_basis_code
list the distance in <unk> from boston airport to downtown boston,B-fromloc.airport_name I-fromloc.airport_name B-city_name,B-depart_date.day_name B-depart_date.today_relative B-airport_name B-city_name I-meal_code B-fromloc.airport_name B-fromloc.airport_name I-fromloc.airport_name B-toloc.city_name B-toloc.city_name B-toloc.city_name
list the distance in <unk> from new york 's la guardia airport to downtown new york city,B-fromloc.city_name I-fromloc.city_name I-fromloc.city_name B-fromloc.airport_name I-fromloc.airport_name I-fromloc.airport_name B-city_name I-city_name I-city_name,B-depart_date.day_name B-depart_date.today_relative B-airport_name B-city_name I-meal_code B-fromloc.airport_name B-fromloc.airport_name I-fromloc.city_name I-fromloc.city_name B-fromloc.airport_name I-fromloc.airport_name I-fromloc.airport_name B-toloc.city_name B-toloc.city_name B-toloc.city_name I-toloc.city_name I-toloc.city_name
list the distance in <unk> from toronto international airport to downtown toronto,B-fromloc.airport_name I-fromloc.airport_name I-fromloc.airport_name B-city_name,B-depart_date.day_name B-depart_date.today_relative B-airport_name B-city_name I-meal_code B-fromloc.airport_name B-fromloc.airport_name I-fromloc.airport_name I-fromloc.airport_name B-toloc.city_name B-toloc.city_name B-toloc.city_name
list the distance in <unk> from san francisco international airport to san francisco downtown,B-fromloc.airport_name I-fromloc.airport_name I-fromloc.airport_name I-fromloc.airport_name B-toloc.city_name I-toloc.city_name,B-depart_date.day_name B-depart_date.today_relative B-airport_name B-city_name I-meal_code B-fromloc.airport_name B-fromloc.airport_name I-fromloc.city_name I-fromloc.airport_name I-fromloc.airport_name B-toloc.city_name B-toloc.city_name I-toloc.city_name B-toloc.state_name
list limousine rates for the city of boston,B-transport_type B-city_name I-city_name I-city_name,B-depart_date.day_name B-transport_type B-transport_type B-airline_name B-depart_date.today_relative I-city_name B-cost_relative I-city_name
list american airlines flights from houston to milwaukee departing friday pm,B-airline_name I-airline_name B-fromloc.city_name B-toloc.city_name B-depart_date.day_name B-depart_time.period_of_day,B-depart_date.day_name B-airline_name I-airline_name B-fromloc.city_name B-fromloc.city_name B-fromloc.city_name B-toloc.city_name B-toloc.city_name B-depart_date.day_name B-depart_date.day_name I-depart_time.time
list flights from houston to milwaukee friday pm,B-fromloc.city_name B-toloc.city_name B-depart_date.day_name B-depart_time.period_of_day,B-depart_date.day_name B-fromloc.city_name B-fromloc.city_name B-fromloc.city_name B-toloc.city_name B-toloc.city_name B-depart_date.day_name B-depart_time.period_of_day
list american airlines flights from milwaukee to san jose wednesday,B-airline_name I-airline_name B-fromloc.city_name B-toloc.city_name I-toloc.city_name B-depart_date.day_name,B-depart_date.day_name B-airline_name I-airline_name B-fromloc.city_name B-fromloc.city_name B-fromloc.city_name B-toloc.city_name B-toloc.city_name I-toloc.city_name B-depart_date.day_name
list american airlines flights from san jose to dallas friday afternoon,B-airline_name I-airline_name B-fromloc.city_name I-fromloc.city_name B-toloc.city_name B-depart_date.day_name B-depart_time.period_of_day,B-depart_date.day_name B-airline_name I-airline_name B-fromloc.city_name B-fromloc.city_name B-fromloc.city_name I-fromloc.city_name B-toloc.city_name B-toloc.city_name B-depart_date.day_name B-depart_time.period_of_day
list flights from dallas to houston arriving sunday afternoon,B-fromloc.city_name B-toloc.city_name B-arrive_date.day_name B-arrive_time.period_of_day,B-depart_date.day_name B-fromloc.city_name B-fromloc.city_name B-fromloc.city_name B-toloc.city_name B-toloc.city_name B-arrive_time.time_relative B-arrive_date.day_name B-arrive_time.period_of_day
list airlines flying from seattle to salt lake city,B-fromloc.city_name B-toloc.city_name I-toloc.city_name I-toloc.city_name,B-depart_date.day_name I-airline_name B-airline_name B-fromloc.city_name B-fromloc.city_name B-toloc.city_name B-toloc.city_name I-toloc.city_name I-toloc.city_name
what is the seating capacity for aircraft <unk>,B-aircraft_code,B-airline_code B-airline_code B-depart_date.today_relative B-flight_mod I-flight_mod B-aircraft_code B-aircraft_code B-aircraft_code
what is the seating capacity for delta <unk>,B-airline_name B-aircraft_code,B-airline_code B-airline_code B-depart_date.today_relative B-flight_mod I-flight_mod B-aircraft_code B-airline_name B-flight_number
list flights from seattle to salt lake city on delta <unk>,B-fromloc.city_name B-toloc.city_name I-toloc.city_name I-toloc.city_name B-airline_name B-aircraft_code,B-depart_date.day_name B-fromloc.city_name B-fromloc.city_name B-fromloc.city_name B-toloc.city_name B-toloc.city_name I-toloc.city_name I-toloc.city_name B-depart_date.month_name B-airline_name I-airline_name
list flights from seattle to salt lake city on delta <unk>,B-fromloc.city_name B-toloc.city_name I-toloc.city_name I-toloc.city_name B-airline_name B-aircraft_code,B-depart_date.day_name B-fromloc.city_name B-fromloc.city_name B-fromloc.city_name B-toloc.city_name B-toloc.city_name I-toloc.city_name I-toloc.city_name B-depart_date.month_name B-airline_name I-airline_name
list flights from boston to pittsburgh daily,B-fromloc.city_name B-toloc.city_name B-flight_days,B-depart_date.day_name B-fromloc.city_name B-fromloc.city_name B-fromloc.city_name B-toloc.city_name B-toloc.city_name B-flight_days
list flights from pittsburgh to newark daily,B-fromloc.city_name B-toloc.city_name B-flight_days,B-depart_date.day_name B-fromloc.city_name B-fromloc.city_name B-fromloc.city_name B-toloc.city_name B-toloc.city_name B-flight_days
list flights from newark to boston daily,B-fromloc.city_name B-toloc.city_name B-flight_days,B-depart_date.day_name B-fromloc.city_name B-fromloc.city_name B-fromloc.city_name B-toloc.city_name B-toloc.city_name B-flight_days
list us air flights leaving saturday from charlotte airport at 1 pm,B-airline_name I-airline_name B-depart_date.day_name B-fromloc.airport_name I-fromloc.airport_name B-depart_time.time I-depart_time.time,B-depart_date.day_name B-airline_name I-airline_name B-flight_number B-fromloc.city_name B-depart_date.day_name B-fromloc.city_name B-fromloc.city_name I-fromloc.airport_name I-fromloc.airport_name B-depart_time.time I-depart_time.time
list us air flights leaving saturday from charlotte airport around 1 pm,B-airline_name I-airline_name B-depart_date.day_name B-fromloc.airport_name I-fromloc.airport_name B-depart_time.time_relative B-depart_time.time I-depart_time.time,B-depart_date.day_name B-airline_name I-airline_name B-flight_number B-fromloc.city_name B-depart_date.day_name B-fromloc.city_name B-fromloc.city_name I-fromloc.airport_name B-depart_time.time_relative B-depart_time.time I-depart_time.time
list first class airfare round trip from indianapolis to memphis,B-class_type I-class_type B-round_trip I-round_trip B-fromloc.city_name B-toloc.city_name,B-depart_date.day_name B-class_type I-class_type I-class_type B-round_trip I-round_trip B-fromloc.city_name B-fromloc.city_name B-toloc.city_name B-toloc.city_name
what is fare code f,B-fare_basis_code,B-airline_code B-airline_code B-airline_code B-fare_basis_code B-fare_basis_code
list flights from memphis to miami wednesday evening,B-fromloc.city_name B-toloc.city_name B-depart_date.day_name B-depart_time.period_of_day,B-depart_date.day_name B-fromloc.city_name B-fromloc.city_name B-fromloc.city_name B-toloc.city_name B-toloc.city_name B-depart_date.day_name B-depart_time.period_of_day
list flights from miami to indianapolis sunday,B-fromloc.city_name B-toloc.city_name B-depart_date.day_name,B-depart_date.day_name B-fromloc.city_name B-fromloc.city_name B-fromloc.city_name B-toloc.city_name B-toloc.city_name B-depart_date.day_name
list flights from ontario california to orlando florida,B-fromloc.city_name B-fromloc.state_name B-toloc.city_name B-toloc.state_name,B-depart_date.day_name B-fromloc.city_name B-fromloc.city_name B-fromloc.city_name B-fromloc.state_name B-toloc.city_name B-toloc.city_name B-toloc.state_name
list flights from ontario california to salt lake city utah,B-fromloc.city_name B-fromloc.state_name B-toloc.city_name I-toloc.city_name I-toloc.city_name B-toloc.state_name,B-depart_date.day_name B-fromloc.city_name B-fromloc.city_name B-fromloc.city_name B-fromloc.state_name B-toloc.city_name B-toloc.city_name I-toloc.city_name I-toloc.city_name B-toloc.state_name
list flights from ontario california to salt lake city utah monday,B-fromloc.city_name B-fromloc.state_name B-toloc.city_name I-toloc.city_name I-toloc.city_name B-toloc.state_name B-depart_date.day_name,B-depart_date.day_name B-fromloc.city_name B-fromloc.city_name B-fromloc.city_name B-fromloc.state_name B-toloc.city_name B-toloc.city_name I-toloc.city_name I-toloc.city_name B-toloc.state_name B-depart_date.day_name
list flights from salt lake city utah to phoenix arizona monday,B-fromloc.city_name I-fromloc.city_name I-fromloc.city_name B-fromloc.state_name B-toloc.city_name B-toloc.state_name B-depart_date.day_name,B-depart_date.day_name B-fromloc.city_name B-fromloc.city_name B-fromloc.city_name I-fromloc.city_name I-fromloc.city_name B-fromloc.state_name B-toloc.city_name B-toloc.city_name B-toloc.state_name B-depart_date.day_name
list flights from salt lake city to phoenix arizona tuesday,B-fromloc.city_name I-fromloc.city_name I-fromloc.city_name B-toloc.city_name B-toloc.state_name B-depart_date.day_name,B-depart_date.day_name B-fromloc.city_name B-fromloc.city_name B-fromloc.city_name I-fromloc.city_name I-fromloc.city_name B-toloc.city_name B-toloc.city_name B-toloc.state_name B-depart_date.day_name
list flights from phoenix arizona to ontario california wednesday,B-fromloc.city_name B-fromloc.state_name B-toloc.city_name B-toloc.state_name B-depart_date.day_name,B-depart_date.day_name B-fromloc.city_name B-fromloc.city_name B-fromloc.city_name I-fromloc.city_name B-toloc.city_name B-toloc.city_name B-toloc.state_name B-depart_date.day_name
what airlines fly from baltimore to san francisco,B-fromloc.city_name B-toloc.city_name I-toloc.city_name,B-airline_code I-airline_name B-airline_name B-fromloc.city_name B-fromloc.city_name B-toloc.city_name B-toloc.city_name I-toloc.city_name
what is the fare for a first class round trip ticket from detroit to st. petersburg,B-class_type I-class_type B-round_trip I-round_trip B-fromloc.city_name B-toloc.city_name I-toloc.city_name,B-airline_code B-airline_code B-depart_date.today_relative B-flight_mod B-airline_code B-aircraft_code B-class_type I-class_type B-round_trip I-round_trip B-fromloc.city_name B-fromloc.city_name B-fromloc.city_name B-toloc.city_name B-toloc.city_name I-toloc.city_name
what is the airfare for a round trip first class ticket from detroit to st. petersburg,B-round_trip I-round_trip B-class_type I-class_type B-fromloc.city_name B-toloc.city_name I-toloc.city_name,B-airline_code B-airline_code B-depart_date.today_relative B-airport_name B-airline_code B-aircraft_code B-round_trip I-round_trip B-class_type I-class_type I-class_type B-fromloc.city_name B-fromloc.city_name B-toloc.city_name B-toloc.city_name I-toloc.city_name
kansas city to atlanta monday morning flights,B-fromloc.city_name I-fromloc.city_name B-toloc.city_name B-depart_date.day_name B-depart_time.period_of_day,B-fromloc.city_name I-fromloc.city_name B-toloc.city_name B-toloc.city_name B-depart_date.day_name B-depart_time.period_of_day B-fromloc.city_name
monday morning flights from atlanta to kansas city,B-depart_date.day_name B-depart_time.period_of_day B-fromloc.city_name B-toloc.city_name I-toloc.city_name,B-depart_date.day_name B-depart_time.period_of_day I-flight_time B-fromloc.city_name B-fromloc.city_name B-toloc.city_name B-toloc.city_name I-toloc.city_name
kansas city to atlanta monday morning flights,B-fromloc.city_name I-fromloc.city_name B-toloc.city_name B-depart_date.day_name B-depart_time.period_of_day,B-fromloc.city_name I-fromloc.city_name B-toloc.city_name B-toloc.city_name B-depart_date.day_name B-depart_time.period_of_day B-fromloc.city_name
atlanta to st. louis tuesday before 230 pm flights,B-fromloc.city_name B-toloc.city_name I-toloc.city_name B-depart_date.day_name B-depart_time.time_relative B-depart_time.time I-depart_time.time,B-fromloc.city_name B-toloc.city_name B-toloc.city_name I-toloc.city_name B-depart_date.day_name B-depart_time.time_relative B-depart_time.time I-depart_time.time I-depart_time.time
st. louis to st. paul thursday after 10 am,B-fromloc.city_name I-fromloc.city_name B-toloc.city_name I-toloc.city_name B-depart_date.day_name B-depart_time.time_relative B-depart_time.time I-depart_time.time,B-fromloc.city_name I-fromloc.city_name B-toloc.city_name B-toloc.city_name I-toloc.city_name B-depart_date.day_name B-depart_time.time_relative B-depart_time.time I-depart_time.time
st. paul to kansas city friday night,B-fromloc.city_name I-fromloc.city_name B-toloc.city_name I-toloc.city_name B-depart_date.day_name B-depart_time.period_of_day,B-fromloc.city_name I-fromloc.city_name B-toloc.city_name B-toloc.city_name I-toloc.city_name B-depart_date.day_name B-depart_time.period_of_day
cleveland to kansas city arrive monday before 3 pm,B-fromloc.city_name B-toloc.city_name I-toloc.city_name B-arrive_date.day_name B-arrive_time.time_relative B-arrive_time.time I-arrive_time.time,B-fromloc.city_name B-toloc.city_name B-toloc.city_name I-toloc.city_name B-arrive_time.time_relative B-arrive_date.day_name B-arrive_time.time_relative B-arrive_time.time I-arrive_time.time
kansas city to cleveland flight arrive wednesday before 5 pm,B-fromloc.city_name I-fromloc.city_name B-toloc.city_name B-arrive_date.day_name B-arrive_time.time_relative B-arrive_time.time I-arrive_time.time,B-fromloc.city_name I-fromloc.city_name B-toloc.city_name B-toloc.city_name B-flight_time B-arrive_time.time_relative B-arrive_date.day_name B-arrive_time.time_relative B-arrive_time.time I-arrive_time.time
cleveland to nashville flight friday morning,B-fromloc.city_name B-toloc.city_name B-depart_date.day_name B-depart_time.period_of_day,B-fromloc.city_name B-toloc.city_name B-toloc.city_name B-flight_time B-depart_date.day_name B-depart_time.period_of_day
nashville to cleveland sunday before 9,B-fromloc.city_name B-toloc.city_name B-depart_date.day_name B-depart_time.time_relative B-depart_time.time,B-fromloc.city_name B-toloc.city_name B-toloc.city_name B-depart_date.day_name B-depart_time.time_relative B-depart_time.time
first class flights pittsburgh to newark monday morning,B-class_type I-class_type B-fromloc.city_name B-toloc.city_name B-depart_date.day_name B-depart_time.period_of_day,B-class_type I-class_type B-fromloc.city_name B-fromloc.city_name B-toloc.city_name B-toloc.city_name B-depart_date.day_name B-depart_time.period_of_day
flights newark to los angeles wednesday morning,B-fromloc.city_name B-toloc.city_name I-toloc.city_name B-depart_date.day_name B-depart_time.period_of_day,I-flight_time B-fromloc.city_name B-toloc.city_name B-toloc.city_name I-toloc.city_name B-depart_date.day_name B-depart_time.period_of_day
los angeles to minneapolis thursday afternoon,B-fromloc.city_name I-fromloc.city_name B-toloc.city_name B-depart_date.day_name B-depart_time.period_of_day,B-fromloc.city_name I-toloc.city_name B-toloc.city_name B-toloc.city_name B-depart_date.day_name B-depart_time.period_of_day
minneapolis to pittsburgh flight,B-fromloc.city_name B-toloc.city_name,B-fromloc.city_name B-toloc.city_name B-toloc.city_name B-flight_time
minneapolis to pittsburgh first class flight,B-fromloc.city_name B-toloc.city_name B-class_type I-class_type,B-fromloc.city_name B-toloc.city_name B-toloc.city_name B-class_type I-class_type I-class_type
i would like flights leaving from milwaukee to orlando,B-fromloc.city_name B-toloc.city_name,B-fromloc.city_name B-fromloc.city_name B-flight_mod I-flight_time B-fromloc.city_name B-fromloc.city_name B-fromloc.city_name B-toloc.city_name B-toloc.city_name
what does hp stand for,B-airline_code,B-airline_code B-airline_code B-airline_code B-airline_code B-airline_code
i would like flights from ontario to tacoma,B-fromloc.city_name B-toloc.city_name,B-fromloc.city_name B-fromloc.city_name B-flight_mod I-flight_time B-fromloc.city_name B-fromloc.city_name B-toloc.city_name B-toloc.city_name
i would like flights from minneapolis to san diego,B-fromloc.city_name B-toloc.city_name I-toloc.city_name,B-fromloc.city_name B-fromloc.city_name B-flight_mod I-flight_time B-fromloc.city_name B-fromloc.city_name B-toloc.city_name B-toloc.city_name I-toloc.city_name
i would like flights from salt lake city to cincinnati,B-fromloc.city_name I-fromloc.city_name I-fromloc.city_name B-toloc.city_name,B-fromloc.city_name B-fromloc.city_name B-flight_mod I-flight_time B-fromloc.city_name B-fromloc.city_name I-fromloc.city_name I-fromloc.city_name B-toloc.city_name B-toloc.city_name
i would like to see flights from cincinnati to salt lake city,B-fromloc.city_name B-toloc.city_name I-toloc.city_name I-toloc.city_name,B-fromloc.city_name B-fromloc.city_name B-flight_mod B-toloc.city_name B-toloc.city_name I-flight_time B-fromloc.city_name B-fromloc.city_name B-toloc.city_name B-toloc.city_name I-toloc.city_name I-toloc.city_name
i 'd like flights from new york to miami,B-fromloc.city_name I-fromloc.city_name B-toloc.city_name,B-fromloc.city_name B-depart_time.time B-flight_mod I-flight_time B-fromloc.city_name B-fromloc.city_name I-fromloc.city_name B-toloc.city_name B-toloc.city_name
i would like flights from miami to new york,B-fromloc.city_name B-toloc.city_name I-toloc.city_name,B-fromloc.city_name B-fromloc.city_name B-flight_mod I-flight_time B-fromloc.city_name B-fromloc.city_name B-toloc.city_name B-toloc.city_name I-toloc.city_name
i would like a flight leaving san francisco for san diego,B-fromloc.city_name I-fromloc.city_name B-toloc.city_name I-toloc.city_name,B-fromloc.city_name B-fromloc.city_name B-flight_mod B-depart_time.period_of_day B-flight_time B-fromloc.city_name B-fromloc.city_name I-fromloc.city_name B-fromloc.state_name B-toloc.city_name I-toloc.city_name
i would like flights from san diego to las vegas,B-fromloc.city_name I-fromloc.city_name B-toloc.city_name I-toloc.city_name,B-fromloc.city_name B-fromloc.city_name B-flight_mod I-flight_time B-fromloc.city_name B-fromloc.city_name I-fromloc.city_name B-toloc.city_name B-toloc.city_name I-toloc.city_name
i would like a flight from san diego to las vegas,B-fromloc.city_name I-fromloc.city_name B-toloc.city_name I-toloc.city_name,B-fromloc.city_name B-fromloc.city_name B-flight_mod B-depart_time.period_of_day B-flight_time B-fromloc.city_name B-fromloc.city_name I-fromloc.city_name B-toloc.city_name B-toloc.city_name I-toloc.city_name
i would like flights from las vegas to san francisco,B-fromloc.city_name I-fromloc.city_name B-toloc.city_name I-toloc.city_name,B-fromloc.city_name B-fromloc.city_name B-flight_mod I-flight_time B-fromloc.city_name B-fromloc.city_name I-fromloc.city_name B-toloc.city_name B-toloc.city_name I-toloc.city_name
what does fare code <unk> mean,B-fare_basis_code,B-airline_code B-airline_code B-airline_code B-fare_basis_code B-fare_basis_code B-fare_basis_code
i would like to have the airline that flies toronto detroit and st. louis,B-fromloc.city_name B-toloc.city_name B-toloc.city_name I-toloc.city_name,B-fromloc.city_name B-fromloc.city_name B-flight_mod B-toloc.city_name B-toloc.city_name B-depart_date.today_relative B-mod B-mod B-mod B-meal B-class_type B-toloc.city_name B-toloc.city_name I-toloc.city_name
i would like a flight from toronto to detroit,B-fromloc.city_name B-toloc.city_name,B-fromloc.city_name B-fromloc.city_name B-flight_mod B-depart_time.period_of_day B-flight_time B-fromloc.city_name B-fromloc.city_name B-toloc.city_name B-toloc.city_name
i would like a flight from detroit to st. louis,B-fromloc.city_name B-toloc.city_name I-toloc.city_name,B-fromloc.city_name B-fromloc.city_name B-flight_mod B-depart_time.period_of_day B-flight_time B-fromloc.city_name B-fromloc.city_name B-toloc.city_name B-toloc.city_name I-toloc.city_name
i would like a flight from toronto to st. louis,B-fromloc.city_name B-toloc.city_name I-toloc.city_name,B-fromloc.city_name B-fromloc.city_name B-flight_mod B-depart_time.period_of_day B-flight_time B-fromloc.city_name B-fromloc.city_name B-toloc.city_name B-toloc.city_name I-toloc.city_name
i would like flights from san francisco to long beach,B-fromloc.city_name I-fromloc.city_name B-toloc.city_name I-toloc.city_name,B-fromloc.city_name B-fromloc.city_name B-flight_mod I-flight_time B-fromloc.city_name B-fromloc.city_name I-fromloc.city_name B-toloc.city_name B-toloc.city_name I-toloc.city_name
i would like flights leaving san francisco to san diego,B-fromloc.city_name I-fromloc.city_name B-toloc.city_name I-toloc.city_name,B-fromloc.city_name B-fromloc.city_name B-flight_mod I-flight_time B-fromloc.city_name B-fromloc.city_name I-fromloc.city_name B-toloc.city_name B-toloc.city_name I-toloc.city_name
i would like a flight from san francisco to st. petersburg,B-fromloc.city_name I-fromloc.city_name B-toloc.city_name I-toloc.city_name,B-fromloc.city_name B-fromloc.city_name B-flight_mod B-depart_time.period_of_day B-flight_time B-fromloc.city_name B-fromloc.city_name I-fromloc.city_name B-toloc.city_name B-toloc.city_name I-toloc.city_name
show me a one way flight from milwaukee to orlando leaving wednesday afternoon after 6 pm,B-round_trip I-round_trip B-fromloc.city_name B-toloc.city_name B-depart_date.day_name B-depart_time.period_of_day B-depart_time.time_relative B-depart_time.time I-depart_time.time,B-airline_name B-cost_relative B-class_type B-round_trip I-round_trip B-flight_time B-fromloc.city_name B-fromloc.city_name B-toloc.city_name B-toloc.city_name B-fromloc.city_name B-depart_date.day_name B-depart_time.period_of_day B-depart_time.time_relative B-depart_time.time I-depart_time.time
show me one way flights from milwaukee to orlando on wednesday,B-round_trip I-round_trip B-fromloc.city_name B-toloc.city_name B-depart_date.day_name,B-airline_name B-cost_relative B-round_trip I-round_trip B-fromloc.city_name B-fromloc.city_name B-fromloc.city_name B-toloc.city_name B-toloc.city_name B-depart_date.month_name B-depart_date.day_name
show me flights from columbus to chicago first class that leave before 10 am,B-fromloc.city_name B-toloc.city_name B-class_type I-class_type B-depart_time.time_relative B-depart_time.time I-depart_time.time,B-airline_name B-cost_relative B-fromloc.city_name B-fromloc.city_name B-fromloc.city_name B-toloc.city_name B-toloc.city_name B-class_type I-class_type I-toloc.city_name B-fromloc.city_name B-depart_time.time_relative B-depart_time.time I-depart_time.time
show me the cheapest round trip between st. petersburg and detroit that arrives before 7 pm,B-cost_relative B-round_trip I-round_trip B-fromloc.city_name I-fromloc.city_name B-toloc.city_name B-arrive_time.time_relative B-arrive_time.time I-arrive_time.time,B-airline_name B-cost_relative B-depart_date.today_relative B-cost_relative B-round_trip I-round_trip B-fromloc.city_name B-fromloc.city_name I-fromloc.city_name B-toloc.city_name B-toloc.city_name I-toloc.city_name B-arrive_time.time_relative B-arrive_time.time_relative B-arrive_time.time I-arrive_time.time
show me nonstop flights from kansas city to phoenix,B-flight_stop B-fromloc.city_name I-fromloc.city_name B-toloc.city_name,B-airline_name B-cost_relative B-flight_stop B-flight_stop B-fromloc.city_name B-fromloc.city_name I-fromloc.city_name B-toloc.city_name B-toloc.city_name
what is airline <unk>,B-airline_code,B-airline_code B-airline_code I-airline_name B-mod
show me the cheapest first class round trip from new york to miami,B-cost_relative B-class_type I-class_type B-round_trip I-round_trip B-fromloc.city_name I-fromloc.city_name B-toloc.city_name,B-airline_name B-cost_relative B-depart_date.today_relative B-cost_relative B-class_type I-class_type B-round_trip I-round_trip B-fromloc.city_name B-fromloc.city_name I-fromloc.city_name B-toloc.city_name B-toloc.city_name
now show me all the round trips from new york to miami,B-round_trip I-round_trip B-fromloc.city_name I-fromloc.city_name B-toloc.city_name,B-depart_date.day_name B-airline_name B-cost_relative B-class_type B-depart_date.today_relative B-round_trip I-round_trip B-fromloc.city_name B-fromloc.city_name I-fromloc.city_name B-toloc.city_name B-toloc.city_name
show me the cheapest one way flight from san francisco to houston,B-cost_relative B-round_trip I-round_trip B-fromloc.city_name I-fromloc.city_name B-toloc.city_name,B-airline_name B-cost_relative B-depart_date.today_relative B-cost_relative B-round_trip I-round_trip B-flight_time B-fromloc.city_name B-fromloc.city_name I-fromloc.city_name B-toloc.city_name B-toloc.city_name
now show me the cheapest one way flight from houston to boston,B-cost_relative B-round_trip I-round_trip B-fromloc.city_name B-toloc.city_name,B-depart_date.day_name B-airline_name B-cost_relative B-depart_date.today_relative B-cost_relative B-round_trip I-round_trip B-flight_time B-fromloc.city_name B-fromloc.city_name B-toloc.city_name B-toloc.city_name
show me the cheapest round trip fares from houston to boston,B-cost_relative B-round_trip I-round_trip B-fromloc.city_name B-toloc.city_name,B-airline_name B-cost_relative B-depart_date.today_relative B-cost_relative B-round_trip I-round_trip B-depart_time.period_of_day B-fromloc.city_name B-fromloc.city_name B-toloc.city_name B-toloc.city_name
show me the cheapest round trip fares from san francisco to houston,B-cost_relative B-round_trip I-round_trip B-fromloc.city_name I-fromloc.city_name B-toloc.city_name,B-airline_name B-cost_relative B-depart_date.today_relative B-cost_relative B-round_trip I-round_trip B-depart_time.period_of_day B-fromloc.city_name B-fromloc.city_name I-fromloc.city_name B-toloc.city_name B-toloc.city_name
show me the cheapest round trip fare from san francisco to houston on february twenty eighth <unk>,B-cost_relative B-round_trip I-round_trip B-fromloc.city_name I-fromloc.city_name B-toloc.city_name B-depart_date.month_name B-depart_date.day_number I-depart_date.day_number B-depart_date.year,B-airline_name B-cost_relative B-depart_date.today_relative B-cost_relative B-round_trip I-round_trip I-round_trip B-fromloc.city_name B-fromloc.city_name I-fromloc.city_name B-toloc.city_name B-toloc.city_name B-depart_date.month_name B-depart_date.month_name B-depart_date.day_number I-depart_date.day_number I-depart_date.day_number
show me the cheapest one way fare from san francisco to houston on february twenty eighth <unk>,B-cost_relative B-round_trip I-round_trip B-fromloc.city_name I-fromloc.city_name B-toloc.city_name B-depart_date.month_name B-depart_date.day_number I-depart_date.day_number B-depart_date.year,B-airline_name B-cost_relative B-depart_date.today_relative B-cost_relative B-round_trip I-round_trip I-round_trip B-fromloc.city_name B-fromloc.city_name I-fromloc.city_name B-toloc.city_name B-toloc.city_name B-depart_date.month_name B-depart_date.month_name B-depart_date.day_number I-depart_date.day_number I-depart_date.day_number
now show me ground transportation in houston on monday afternoon,B-city_name B-day_name B-period_of_day,B-depart_date.day_name B-airline_name B-cost_relative B-city_name B-city_name B-city_name B-city_name B-city_name B-day_name B-period_of_day
now show me one way flights from houston to boston,B-round_trip I-round_trip B-fromloc.city_name B-toloc.city_name,B-depart_date.day_name B-airline_name B-cost_relative B-round_trip I-round_trip B-fromloc.city_name B-fromloc.city_name B-fromloc.city_name B-toloc.city_name B-toloc.city_name
and now show me ground transportation that i could get in boston late night,B-city_name B-period_of_day B-period_of_day,B-arrive_time.end_time B-depart_date.day_name B-economy B-cost_relative B-city_name B-city_name B-city_name B-city_name B-city_name B-city_name B-city_name B-city_name I-city_name B-period_of_day
show me airlines that have flights between toronto and detroit between detroit and st. louis and between st. louis and toronto,B-fromloc.city_name B-toloc.city_name B-fromloc.city_name B-toloc.city_name I-toloc.city_name B-fromloc.city_name I-fromloc.city_name B-toloc.city_name,B-airline_name B-cost_relative I-airline_name I-airline_name B-airline_name B-fromloc.city_name B-fromloc.city_name B-fromloc.city_name B-toloc.city_name B-toloc.city_name B-fromloc.city_name B-fromloc.city_name B-toloc.city_name B-toloc.city_name I-toloc.city_name B-arrive_time.end_time B-fromloc.city_name B-fromloc.city_name I-fromloc.city_name B-arrive_time.end_time B-toloc.city_name
show me round trip fares from toronto to detroit on delta northwest us air and united airlines,B-round_trip I-round_trip B-fromloc.city_name B-toloc.city_name B-airline_name B-airline_name B-airline_name I-airline_name B-airline_name I-airline_name,B-airline_name B-cost_relative B-round_trip I-round_trip B-depart_time.period_of_day B-fromloc.city_name B-fromloc.city_name B-toloc.city_name B-toloc.city_name B-airline_name B-airline_name B-airline_name B-airline_name I-airline_name B-flight_number B-airline_name I-airline_name
show me flights between detroit and st. louis on delta northwest us air and united airlines,B-fromloc.city_name B-toloc.city_name I-toloc.city_name B-airline_name B-airline_name B-airline_name I-airline_name B-airline_name I-airline_name,B-airline_name B-cost_relative B-fromloc.city_name B-fromloc.city_name B-fromloc.city_name B-toloc.city_name B-toloc.city_name I-toloc.city_name B-airline_name B-airline_name B-airline_name B-airline_name I-airline_name B-flight_number B-airline_name I-airline_name
show me flights from montreal to orlando and long beach,B-fromloc.city_name B-toloc.city_name B-toloc.city_name I-toloc.city_name,B-airline_name B-cost_relative B-fromloc.city_name B-fromloc.city_name B-fromloc.city_name B-toloc.city_name B-toloc.city_name B-toloc.state_name B-fromloc.city_name I-fromloc.city_name
show me flights from montreal to orlando,B-fromloc.city_name B-toloc.city_name,B-airline_name B-cost_relative B-fromloc.city_name B-fromloc.city_name B-fromloc.city_name B-toloc.city_name B-toloc.city_name
i need a flight on friday afternoon in june from new york to cleveland,B-depart_date.day_name B-depart_time.period_of_day B-depart_date.month_name B-fromloc.city_name I-fromloc.city_name B-toloc.city_name,B-fromloc.city_name B-class_type B-flight_mod B-flight_time B-airline_name B-depart_date.day_name B-depart_time.period_of_day B-fromloc.city_name B-depart_date.month_name B-fromloc.city_name B-fromloc.city_name I-fromloc.city_name B-toloc.city_name B-toloc.city_name
i need a flight from new york to los angeles on saturday evening on us air,B-fromloc.city_name I-fromloc.city_name B-toloc.city_name I-toloc.city_name B-depart_date.day_name B-depart_time.period_of_day B-airline_name I-airline_name,B-fromloc.city_name B-class_type B-flight_mod B-flight_time B-fromloc.city_name B-fromloc.city_name I-fromloc.city_name B-toloc.city_name B-toloc.city_name I-toloc.city_name B-airline_name B-depart_date.day_name B-depart_time.period_of_day B-depart_date.month_name B-airline_name I-airline_name
i 'd like a red eye flight from new york to los angeles on saturday evening on us air,B-flight_mod I-flight_mod B-fromloc.city_name I-fromloc.city_name B-toloc.city_name I-toloc.city_name B-depart_date.day_name B-depart_time.period_of_day B-airline_name I-airline_name,B-fromloc.city_name B-depart_time.time B-flight_mod B-depart_time.period_of_day B-flight_mod I-flight_mod B-flight_time B-fromloc.city_name B-fromloc.city_name I-fromloc.city_name B-toloc.city_name B-toloc.city_name I-toloc.city_name B-depart_date.month_name B-depart_date.day_name B-depart_time.period_of_day B-depart_date.month_name B-airline_name I-airline_name
i 'd like a flight from new york to los angeles on saturday morning on us air,B-fromloc.city_name I-fromloc.city_name B-toloc.city_name I-toloc.city_name B-depart_date.day_name B-depart_time.period_of_day B-airline_name I-airline_name,B-fromloc.city_name B-depart_time.time B-flight_mod B-depart_time.period_of_day B-flight_time B-fromloc.city_name B-fromloc.city_name I-fromloc.city_name B-toloc.city_name B-toloc.city_name I-toloc.city_name B-depart_date.month_name B-depart_date.day_name B-depart_time.period_of_day B-depart_date.month_name B-airline_name I-airline_name
i need a flight from san francisco to milwaukee on monday morning,B-fromloc.city_name I-fromloc.city_name B-toloc.city_name B-depart_date.day_name B-depart_time.period_of_day,B-fromloc.city_name B-class_type B-flight_mod B-flight_time B-fromloc.city_name B-fromloc.city_name I-fromloc.city_name B-toloc.city_name B-toloc.city_name B-depart_date.month_name B-depart_date.day_name B-depart_time.period_of_day
what does ua mean,B-airline_code,B-airline_code B-airline_code B-airline_code B-airline_code
i need a flight from milwaukee to washington dc on monday night,B-fromloc.city_name B-toloc.city_name B-toloc.state_code B-depart_date.day_name B-depart_time.period_of_day,B-fromloc.city_name B-class_type B-flight_mod B-flight_time B-fromloc.city_name B-fromloc.city_name B-toloc.city_name B-toloc.city_name B-toloc.state_code B-airline_name B-depart_date.day_name B-depart_time.period_of_day
how about flights from milwaukee to washington dc on tuesday mornings,B-fromloc.city_name B-toloc.city_name B-toloc.state_code B-depart_date.day_name B-depart_time.period_of_day,B-city_name B-depart_time.time_relative I-flight_time B-fromloc.city_name B-fromloc.city_name B-toloc.city_name B-toloc.city_name B-toloc.state_code B-airline_name B-depart_date.day_name B-depart_time.period_of_day
what meals are there on flight <unk> from milwaukee to washington dc on tuesday morning,B-meal B-flight_number B-fromloc.city_name B-toloc.city_name B-toloc.state_code B-depart_date.day_name B-depart_time.period_of_day,B-airline_code B-meal B-meal B-meal B-airline_name B-flight_time B-flight_number B-fromloc.city_name B-fromloc.city_name B-toloc.city_name B-toloc.city_name B-toloc.state_code B-airline_name B-depart_date.day_name B-depart_time.period_of_day
i 'll need to rent a car in washington dc,B-transport_type B-city_name B-state_code,B-fromloc.city_name B-transport_type B-flight_mod B-toloc.city_name B-toloc.city_name B-depart_time.period_of_day B-transport_type B-city_name B-city_name B-state_code
can i get a flight on tuesday night from washington dc to oakland,B-depart_date.day_name B-depart_time.period_of_day B-fromloc.city_name B-fromloc.state_code B-toloc.city_name,B-airline_name B-city_name B-depart_time.period_of_day B-depart_time.period_of_day B-flight_time B-airline_name B-depart_date.day_name B-depart_time.period_of_day B-fromloc.city_name B-fromloc.city_name B-fromloc.state_code B-toloc.city_name B-toloc.city_name
how about from dc to oakland on wednesday morning,B-fromloc.state_code B-toloc.city_name B-depart_date.day_name B-depart_time.period_of_day,B-city_name B-depart_time.time_relative B-fromloc.city_name B-fromloc.state_code B-toloc.city_name B-toloc.city_name B-airline_name B-depart_date.day_name B-depart_time.period_of_day
how much does it cost to fly on twa from columbus to milwaukee,B-airline_code B-fromloc.city_name B-toloc.city_name,B-city_name B-transport_type B-airline_code B-airline_name B-airport_name B-toloc.city_name I-toloc.airport_name B-airline_name B-airline_code B-fromloc.city_name B-fromloc.city_name B-toloc.city_name B-toloc.city_name
what does q mean,B-fare_basis_code,B-airline_code B-airline_code B-fare_basis_code B-fare_basis_code
how much does it cost to fly from columbus to st. louis round trip on twa,B-fromloc.city_name B-toloc.city_name I-toloc.city_name B-round_trip I-round_trip B-airline_code,B-city_name B-transport_type B-airline_code B-airline_name B-airport_name B-toloc.city_name I-toloc.airport_name B-fromloc.city_name B-fromloc.city_name B-toloc.city_name B-toloc.city_name I-toloc.city_name B-round_trip I-round_trip B-airline_name B-airline_code
what 's the cheapest flight from columbus to st. louis round trip on twa,B-cost_relative B-fromloc.city_name B-toloc.city_name I-toloc.city_name B-round_trip I-round_trip B-airline_code,B-airline_code B-airline_code B-depart_date.today_relative B-cost_relative B-flight_time B-fromloc.city_name B-fromloc.city_name B-toloc.city_name B-toloc.city_name I-toloc.city_name B-round_trip I-round_trip B-airline_name B-airline_code
what 's the cheapest round trip flight on twa from columbus to st. paul,B-cost_relative B-round_trip I-round_trip B-airline_code B-fromloc.city_name B-toloc.city_name I-toloc.city_name,B-airline_code B-airline_code B-depart_date.today_relative B-cost_relative B-round_trip I-round_trip B-flight_time B-airline_name B-airline_code B-fromloc.city_name B-fromloc.city_name B-toloc.city_name B-toloc.city_name I-toloc.city_name
i want to fly from milwaukee to los angeles,B-fromloc.city_name B-toloc.city_name I-toloc.city_name,B-fromloc.city_name B-airline_name B-toloc.city_name B-airline_name B-fromloc.city_name B-fromloc.city_name B-toloc.city_name B-toloc.city_name I-toloc.city_name
can i get the shortest flight from milwaukee to orlando,B-flight_mod B-fromloc.city_name B-toloc.city_name,B-airline_name B-city_name B-depart_time.period_of_day B-depart_date.today_relative B-flight_mod B-flight_time B-fromloc.city_name B-fromloc.city_name B-toloc.city_name B-toloc.city_name
what is the shortest flight from milwaukee to long beach,B-flight_mod B-fromloc.city_name B-toloc.city_name I-toloc.city_name,B-airline_code B-airline_code B-depart_date.today_relative B-flight_mod B-flight_time B-fromloc.city_name B-fromloc.city_name B-toloc.city_name B-toloc.city_name I-toloc.city_name
what does m mean,B-fare_basis_code,B-airline_code B-airline_code B-meal_code B-meal_code
what does ap 57 mean,B-restriction_code I-restriction_code,B-airline_code B-airline_code B-restriction_code I-restriction_code I-restriction_code
what is the shortest flight from milwaukee to st. petersburg,B-flight_mod B-fromloc.city_name B-toloc.city_name I-toloc.city_name,B-airline_code B-airline_code B-depart_date.today_relative B-flight_mod B-flight_time B-fromloc.city_name B-fromloc.city_name B-toloc.city_name B-toloc.city_name I-toloc.city_name
what is the shortest flight from milwaukee to long beach,B-flight_mod B-fromloc.city_name B-toloc.city_name I-toloc.city_name,B-airline_code B-airline_code B-depart_date.today_relative B-flight_mod B-flight_time B-fromloc.city_name B-fromloc.city_name B-toloc.city_name B-toloc.city_name I-toloc.city_name
what is the shortest flight from milwaukee to san diego,B-flight_mod B-fromloc.city_name B-toloc.city_name I-toloc.city_name,B-airline_code B-airline_code B-depart_date.today_relative B-flight_mod B-flight_time B-fromloc.city_name B-fromloc.city_name B-toloc.city_name B-toloc.city_name I-toloc.city_name
what does ap <unk> mean,B-restriction_code I-restriction_code,B-airline_code B-airline_code B-restriction_code B-airport_code I-restriction_code
can i get a flight today from san francisco to detroit michigan,B-depart_date.today_relative B-fromloc.city_name I-fromloc.city_name B-toloc.city_name B-toloc.state_name,B-airline_name B-city_name B-depart_time.period_of_day B-depart_time.period_of_day B-flight_time B-depart_date.today_relative B-fromloc.city_name B-fromloc.city_name I-fromloc.city_name B-toloc.city_name B-toloc.city_name B-toloc.state_name
what 's the cheapest flight from san francisco to detroit today,B-cost_relative B-fromloc.city_name I-fromloc.city_name B-toloc.city_name B-depart_date.today_relative,B-airline_code B-airline_code B-depart_date.today_relative B-cost_relative B-flight_time B-fromloc.city_name B-fromloc.city_name I-fromloc.city_name B-toloc.city_name B-toloc.city_name B-depart_date.today_relative
i want to fly from san francisco to milwaukee and from milwaukee to denver,B-fromloc.city_name I-fromloc.city_name B-toloc.city_name B-fromloc.city_name B-toloc.city_name,B-fromloc.city_name B-airline_name B-toloc.city_name B-airline_name B-fromloc.city_name B-fromloc.city_name I-fromloc.city_name B-toloc.city_name B-toloc.city_name B-toloc.city_name B-fromloc.city_name B-fromloc.city_name B-toloc.city_name B-toloc.city_name
what 's the cheapest flight from san francisco to milwaukee,B-cost_relative B-fromloc.city_name I-fromloc.city_name B-toloc.city_name,B-airline_code B-airline_code B-depart_date.today_relative B-cost_relative B-flight_time B-fromloc.city_name B-fromloc.city_name I-fromloc.city_name B-toloc.city_name B-toloc.city_name
i need to rent a car in milwaukee,B-transport_type B-city_name,B-fromloc.city_name B-class_type B-toloc.city_name B-toloc.city_name B-depart_time.period_of_day B-transport_type B-city_name B-city_name
what 's the cheapest flight tomorrow from milwaukee to denver,B-cost_relative B-depart_date.today_relative B-fromloc.city_name B-toloc.city_name,B-airline_code B-airline_code B-depart_date.today_relative B-cost_relative B-flight_time B-depart_date.today_relative B-fromloc.city_name B-fromloc.city_name B-toloc.city_name B-toloc.city_name
what ground transportation is available at denver,B-city_name,B-airline_code B-city_name B-city_name B-city_name B-city_name B-city_name B-city_name
what 's the cheapest flight from san francisco to denver,B-cost_relative B-fromloc.city_name I-fromloc.city_name B-toloc.city_name,B-airline_code B-airline_code B-depart_date.today_relative B-cost_relative B-flight_time B-fromloc.city_name B-fromloc.city_name I-fromloc.city_name B-toloc.city_name B-toloc.city_name
what flights leave from cleveland and go to dallas,B-fromloc.city_name B-toloc.city_name,B-airline_code B-fromloc.city_name B-fromloc.city_name B-fromloc.city_name B-fromloc.city_name B-fromloc.state_name B-toloc.city_name B-toloc.city_name B-toloc.city_name
show me all nonstop flights from st. petersburg to charlotte,B-flight_stop B-fromloc.city_name I-fromloc.city_name B-toloc.city_name,B-airline_name B-cost_relative B-class_type B-flight_stop B-flight_stop B-fromloc.city_name B-fromloc.city_name I-fromloc.city_name B-toloc.city_name B-toloc.city_name
what airline is us,B-airline_code,B-airline_code I-airline_name B-airline_code B-airline_code
show me flights between toronto and san diego,B-fromloc.city_name B-toloc.city_name I-toloc.city_name,B-airline_name B-cost_relative B-fromloc.city_name B-fromloc.city_name B-fromloc.city_name B-toloc.city_name B-toloc.city_name I-toloc.city_name
what is <unk>,B-airport_code,B-airline_code B-airline_code B-airport_code
what is <unk>,B-airport_code,B-airline_code B-airline_code B-airport_code
show me the flights between oakland and salt lake city,B-fromloc.city_name B-toloc.city_name I-toloc.city_name I-toloc.city_name,B-airline_name B-cost_relative B-depart_date.today_relative B-flight_time B-fromloc.city_name B-fromloc.city_name B-toloc.city_name B-toloc.city_name I-toloc.city_name I-toloc.city_name
what does <unk> sa mean,B-mod B-days_code,B-airline_code B-airline_code B-airport_code B-days_code I-meal_code
what is the earliest daily flight between oakland and salt lake city,B-flight_mod B-flight_days B-fromloc.city_name B-toloc.city_name I-toloc.city_name I-toloc.city_name,B-airline_code B-airline_code B-depart_date.today_relative B-flight_mod B-flight_days B-flight_time B-fromloc.city_name B-fromloc.city_name B-toloc.city_name B-toloc.city_name I-toloc.city_name I-toloc.city_name
what airline is dl,B-airline_code,B-airline_code I-airline_name B-airline_code B-airline_code
what is the latest daily flight between oakland and salt lake city,B-flight_mod B-flight_days B-fromloc.city_name B-toloc.city_name I-toloc.city_name I-toloc.city_name,B-airline_code B-airline_code B-depart_date.today_relative B-flight_mod B-flight_days B-flight_time B-fromloc.city_name B-fromloc.city_name B-toloc.city_name B-toloc.city_name I-toloc.city_name I-toloc.city_name
show me the flights between los angeles and dallas,B-fromloc.city_name I-fromloc.city_name B-toloc.city_name,B-airline_name B-cost_relative B-depart_date.today_relative B-flight_time B-fromloc.city_name B-fromloc.city_name I-fromloc.city_name B-toloc.city_name B-toloc.city_name
what ground transportation is available from dallas fort worth airport to downtown dallas,B-airport_name I-airport_name I-airport_name I-airport_name B-city_name,B-airline_code B-city_name B-city_name B-city_name B-city_name B-fromloc.city_name B-fromloc.city_name I-fromloc.airport_name I-fromloc.airport_name I-fromloc.airport_name I-fromloc.airport_name B-toloc.city_name B-toloc.city_name
how many passengers can an <unk> aircraft hold,B-aircraft_code,B-city_name B-depart_time.period_of_day B-aircraft_code B-airline_name B-airline_name B-aircraft_code B-aircraft_code B-aircraft_code
what is the seating capacity of a <unk>,B-aircraft_code,B-airline_code B-airline_code B-depart_date.today_relative B-flight_mod I-flight_mod I-flight_time B-aircraft_code B-aircraft_code
what are the flights between dallas and phoenix,B-fromloc.city_name B-toloc.city_name,B-airline_code B-fromloc.city_name B-depart_date.today_relative B-flight_time B-fromloc.city_name B-fromloc.city_name B-toloc.city_name B-toloc.city_name
what ground transportation is available between phoenix airport and downtown phoenix,B-airport_name I-airport_name B-city_name,B-airline_code B-city_name B-city_name B-city_name B-city_name B-fromloc.city_name B-fromloc.city_name I-fromloc.airport_name I-fromloc.airport_name B-toloc.city_name B-toloc.city_name
what is the seating capacity for the aircraft m80,B-aircraft_code,B-airline_code B-airline_code B-depart_date.today_relative B-flight_mod I-flight_mod B-aircraft_code B-depart_date.today_relative B-flight_mod B-aircraft_code
are there any flights between dallas and phoenix using a dc10 aircraft,B-fromloc.city_name B-toloc.city_name B-aircraft_code,B-fromloc.city_name B-fromloc.city_name B-depart_date.day_name I-flight_time B-fromloc.city_name B-fromloc.city_name B-toloc.city_name B-toloc.city_name B-toloc.state_name B-depart_time.period_of_day B-aircraft_code B-aircraft_code
what airline is aa,B-airline_code,B-airline_code I-airline_name B-airline_code B-airline_code
show me the flights between milwaukee and indiana,B-fromloc.city_name B-toloc.state_name,B-airline_name B-cost_relative B-depart_date.today_relative B-flight_time B-fromloc.city_name B-fromloc.city_name B-toloc.city_name B-toloc.city_name
what are the flights between milwaukee and pittsburgh,B-fromloc.city_name B-toloc.city_name,B-airline_code B-fromloc.city_name B-depart_date.today_relative B-flight_time B-fromloc.city_name B-fromloc.city_name B-toloc.city_name B-toloc.city_name
what ground transportation is available between pittsburgh airport and downtown pittsburgh,B-airport_name I-airport_name B-city_name,B-airline_code B-city_name B-city_name B-city_name B-city_name B-fromloc.city_name B-fromloc.city_name I-fromloc.airport_name I-fromloc.airport_name B-toloc.city_name B-toloc.city_name
show me the flights between pittsburgh and washington dc,B-fromloc.city_name B-toloc.city_name B-toloc.state_code,B-airline_name B-cost_relative B-depart_date.today_relative B-flight_time B-fromloc.city_name B-fromloc.city_name B-toloc.city_name B-toloc.city_name B-toloc.state_code
what ground transportation is available between <unk> and downtown washington,B-airport_code B-city_name,B-airline_code B-city_name B-city_name B-city_name B-city_name B-fromloc.city_name B-fromloc.airport_name B-toloc.city_name B-toloc.city_name B-toloc.city_name
what are the flights between <unk> and milwaukee,B-airport_code B-city_name,B-airline_code B-fromloc.city_name B-depart_date.today_relative B-flight_time B-fromloc.city_name B-fromloc.city_name B-toloc.city_name B-toloc.city_name
what ground transportation is available between milwaukee airport and downtown milwaukee,B-airport_name I-airport_name B-city_name,B-airline_code B-city_name B-city_name B-city_name B-city_name B-fromloc.city_name B-fromloc.city_name I-fromloc.airport_name I-fromloc.airport_name B-toloc.city_name B-toloc.city_name
determine the type of aircraft used on a flight from cleveland to dallas that leaves before noon,B-fromloc.city_name B-toloc.city_name B-depart_time.time_relative B-depart_time.period_of_day,B-flight_mod B-depart_date.today_relative B-mod I-flight_time I-flight_time B-class_type B-airline_name B-aircraft_code B-flight_time B-fromloc.city_name B-fromloc.city_name B-toloc.city_name B-toloc.city_name I-toloc.city_name B-fromloc.city_name B-depart_time.time_relative B-depart_time.time
find a flight between st. petersburg and charlotte the flight should leave in the afternoon and arrive as soon after 5 pm as possible it should be a nonstop flight,B-fromloc.city_name I-fromloc.city_name B-toloc.city_name B-depart_time.period_of_day B-arrive_time.time_relative B-arrive_time.time I-arrive_time.time B-flight_stop,B-fromloc.city_name B-depart_time.period_of_day B-flight_time B-fromloc.city_name B-fromloc.city_name I-fromloc.city_name B-toloc.city_name B-toloc.city_name B-depart_date.today_relative B-flight_time B-flight_number B-fromloc.city_name B-fromloc.city_name B-depart_date.today_relative B-depart_time.period_of_day B-depart_time.period_of_day B-arrive_time.time_relative B-toloc.city_name B-toloc.city_name B-arrive_time.time_relative B-arrive_time.time I-arrive_time.time I-arrive_time.time B-arrive_time.time I-arrive_time.time B-arrive_time.time B-arrive_time.time B-arrive_time.time B-flight_stop B-flight_stop
list a flight on delta airlines from toronto to san diego,B-airline_name I-airline_name B-fromloc.city_name B-toloc.city_name I-toloc.city_name,B-depart_date.day_name B-depart_time.period_of_day B-flight_time B-airline_name B-airline_name I-airline_name B-fromloc.city_name B-fromloc.city_name B-toloc.city_name B-toloc.city_name I-toloc.city_name
list a flight on american airlines from toronto to san diego,B-airline_name I-airline_name B-fromloc.city_name B-toloc.city_name I-toloc.city_name,B-depart_date.day_name B-depart_time.period_of_day B-flight_time B-airline_name B-airline_name I-airline_name B-fromloc.city_name B-fromloc.city_name B-toloc.city_name B-toloc.city_name I-toloc.city_name
list a flight from toronto to san diego,B-fromloc.city_name B-toloc.city_name I-toloc.city_name,B-depart_date.day_name B-depart_time.period_of_day B-flight_time B-fromloc.city_name B-fromloc.city_name B-toloc.city_name B-toloc.city_name I-toloc.city_name
list flights from oakland to salt lake city leaving after 1700 wednesday,B-fromloc.city_name B-toloc.city_name I-toloc.city_name I-toloc.city_name B-depart_time.time_relative B-depart_time.time B-depart_date.day_name,B-depart_date.day_name B-fromloc.city_name B-fromloc.city_name B-fromloc.city_name B-toloc.city_name B-toloc.city_name I-toloc.city_name I-toloc.city_name B-fromloc.city_name B-depart_time.time_relative B-depart_time.time B-depart_date.day_name
list flights from oakland to salt lake city leaving after midnight thursday,B-fromloc.city_name B-toloc.city_name I-toloc.city_name I-toloc.city_name B-depart_time.time_relative B-depart_time.period_of_day B-depart_date.day_name,B-depart_date.day_name B-fromloc.city_name B-fromloc.city_name B-fromloc.city_name B-toloc.city_name B-toloc.city_name I-toloc.city_name I-toloc.city_name B-fromloc.city_name B-depart_time.time_relative B-depart_time.period_of_day B-depart_date.day_name
list flights between phoenix and las vegas,B-fromloc.city_name B-toloc.city_name I-toloc.city_name,B-depart_date.day_name B-fromloc.city_name B-fromloc.city_name B-fromloc.city_name B-toloc.city_name B-toloc.city_name I-toloc.city_name
list flights from las vegas to denver,B-fromloc.city_name I-fromloc.city_name B-toloc.city_name,B-depart_date.day_name B-fromloc.city_name B-fromloc.city_name B-fromloc.city_name I-fromloc.city_name B-toloc.city_name B-toloc.city_name
list flights from milwaukee to washington dc before 1200,B-fromloc.city_name B-toloc.city_name B-toloc.state_code B-depart_time.time_relative B-depart_time.time,B-depart_date.day_name B-fromloc.city_name B-fromloc.city_name B-fromloc.city_name B-toloc.city_name B-toloc.city_name B-toloc.state_code B-depart_time.time_relative B-depart_time.time
list flights from washington dc to pittsburgh leaving after <unk>,B-fromloc.city_name B-fromloc.state_code B-toloc.city_name B-depart_time.time_relative B-depart_time.time,B-depart_date.day_name B-fromloc.city_name B-fromloc.city_name B-fromloc.city_name B-fromloc.state_code B-toloc.city_name B-toloc.city_name B-fromloc.city_name B-depart_time.time_relative B-depart_time.time
list flights from washington dc to pittsburgh,B-fromloc.city_name B-fromloc.state_code B-toloc.city_name,B-depart_date.day_name B-fromloc.city_name B-fromloc.city_name B-fromloc.city_name B-fromloc.state_code B-toloc.city_name B-toloc.city_name
list flights between pittsburgh and milwaukee,B-fromloc.city_name B-toloc.city_name,B-depart_date.day_name B-fromloc.city_name B-fromloc.city_name B-fromloc.city_name B-toloc.city_name B-toloc.city_name
i 'd like a flight to san diego from washington dc,B-toloc.city_name I-toloc.city_name B-fromloc.city_name B-fromloc.state_code,B-fromloc.city_name B-depart_time.time B-flight_mod B-depart_time.period_of_day B-flight_time B-toloc.city_name B-toloc.city_name I-toloc.city_name B-fromloc.city_name B-fromloc.city_name B-fromloc.state_code
i 'd like to fly from cleveland to dallas,B-fromloc.city_name B-toloc.city_name,B-fromloc.city_name B-depart_time.time B-flight_mod B-toloc.city_name B-airline_name B-fromloc.city_name B-fromloc.city_name B-toloc.city_name B-toloc.city_name
i want to fly from washington dc to phoenix arizona,B-fromloc.city_name B-fromloc.state_code B-toloc.city_name B-toloc.state_name,B-fromloc.city_name B-airline_name B-toloc.city_name B-airline_name B-fromloc.city_name B-fromloc.city_name B-fromloc.state_code B-toloc.city_name B-toloc.city_name B-toloc.state_name
i need a flight from phoenix to atlanta,B-fromloc.city_name B-toloc.city_name,B-fromloc.city_name B-class_type B-flight_mod B-flight_time B-fromloc.city_name B-fromloc.city_name B-toloc.city_name B-toloc.city_name
i would like to fly from atlanta to san diego,B-fromloc.city_name B-toloc.city_name I-toloc.city_name,B-fromloc.city_name B-fromloc.city_name B-flight_mod B-toloc.city_name B-toloc.city_name B-fromloc.city_name B-fromloc.city_name B-toloc.city_name B-toloc.city_name I-toloc.city_name
i would like to fly from san diego to seattle,B-fromloc.city_name I-fromloc.city_name B-toloc.city_name,B-fromloc.city_name B-fromloc.city_name B-flight_mod B-toloc.city_name B-toloc.city_name B-fromloc.city_name B-fromloc.city_name I-fromloc.city_name B-toloc.city_name B-toloc.city_name
i would like to fly from orlando to kansas city,B-fromloc.city_name B-toloc.city_name I-toloc.city_name,B-fromloc.city_name B-fromloc.city_name B-flight_mod B-toloc.city_name B-toloc.city_name B-fromloc.city_name B-fromloc.city_name B-toloc.city_name B-toloc.city_name I-toloc.city_name
i need a flight from kansas city to minneapolis,B-fromloc.city_name I-fromloc.city_name B-toloc.city_name,B-fromloc.city_name B-class_type B-flight_mod B-flight_time B-fromloc.city_name B-fromloc.city_name I-fromloc.city_name B-toloc.city_name B-toloc.city_name
i need a flight from san diego to washington dc,B-fromloc.city_name I-fromloc.city_name B-toloc.city_name B-toloc.state_code,B-fromloc.city_name B-class_type B-flight_mod B-flight_time B-fromloc.city_name B-fromloc.city_name I-fromloc.city_name B-toloc.city_name B-toloc.city_name B-toloc.state_code
i need a flight from washington dc to san diego,B-fromloc.city_name B-fromloc.state_code B-toloc.city_name I-toloc.city_name,B-fromloc.city_name B-class_type B-flight_mod B-flight_time B-fromloc.city_name B-fromloc.city_name B-fromloc.state_code B-toloc.city_name B-toloc.city_name I-toloc.city_name
i need a round trip flight from san diego to washington dc and the fares,B-round_trip I-round_trip B-fromloc.city_name I-fromloc.city_name B-toloc.city_name B-toloc.state_code,B-fromloc.city_name B-class_type B-flight_mod B-round_trip I-round_trip B-flight_time B-fromloc.city_name B-fromloc.city_name I-fromloc.city_name B-toloc.city_name B-toloc.city_name B-toloc.state_code B-flight_mod B-depart_date.today_relative B-depart_time.period_of_day
i need a round trip from atlanta to washington dc and the fares leaving in the morning,B-round_trip I-round_trip B-fromloc.city_name B-toloc.city_name B-toloc.state_code B-depart_time.period_of_day,B-fromloc.city_name B-class_type B-flight_mod B-round_trip I-round_trip B-fromloc.city_name B-fromloc.city_name B-toloc.city_name B-toloc.city_name B-toloc.state_code B-flight_mod B-depart_date.today_relative B-depart_time.period_of_day B-fromloc.city_name B-fromloc.city_name B-depart_date.today_relative B-depart_time.period_of_day
i need a round trip from phoenix to washington dc and the fare leaving in the morning,B-round_trip I-round_trip B-fromloc.city_name B-toloc.city_name B-toloc.state_code B-depart_time.period_of_day,B-fromloc.city_name B-class_type B-flight_mod B-round_trip I-round_trip B-fromloc.city_name B-fromloc.city_name B-toloc.city_name B-toloc.city_name B-toloc.state_code B-flight_mod B-depart_date.today_relative B-depart_time.time_relative B-fromloc.city_name B-fromloc.city_name B-depart_date.today_relative B-depart_time.period_of_day
what is the lowest fare for a flight from washington dc to boston,B-cost_relative B-fromloc.city_name B-fromloc.state_code B-toloc.city_name,B-airline_code B-airline_code B-depart_date.today_relative B-cost_relative I-cost_relative B-airline_code B-aircraft_code B-flight_time B-fromloc.city_name B-fromloc.city_name B-fromloc.state_code B-toloc.city_name B-toloc.city_name
what is the lowest fare from washington dc to montreal,B-cost_relative B-fromloc.city_name B-fromloc.state_code B-toloc.city_name,B-airline_code B-airline_code B-depart_date.today_relative B-cost_relative I-cost_relative B-fromloc.city_name B-fromloc.city_name B-fromloc.state_code B-toloc.city_name B-toloc.city_name
what is the lowest fare from toronto to washington dc,B-cost_relative B-fromloc.city_name B-toloc.city_name B-toloc.state_code,B-airline_code B-airline_code B-depart_date.today_relative B-cost_relative I-cost_relative B-fromloc.city_name B-fromloc.city_name B-toloc.city_name B-toloc.city_name B-toloc.state_code
i want a flight from montreal to washington dc,B-fromloc.city_name B-toloc.city_name B-toloc.state_code,B-fromloc.city_name B-airline_name B-depart_time.period_of_day B-flight_time B-fromloc.city_name B-fromloc.city_name B-toloc.city_name B-toloc.city_name B-toloc.state_code
i want a flight from nashville to seattle that arrives no later than 3 pm,B-fromloc.city_name B-toloc.city_name B-arrive_time.time_relative I-arrive_time.time_relative I-arrive_time.time_relative B-arrive_time.time I-arrive_time.time,B-fromloc.city_name B-airline_name B-depart_time.period_of_day B-flight_time B-fromloc.city_name B-fromloc.city_name B-toloc.city_name B-toloc.city_name I-toloc.city_name B-arrive_time.time_relative B-arrive_time.time_relative I-arrive_time.time_relative I-arrive_time.time_relative B-arrive_time.time I-arrive_time.time
i want a flight from memphis to seattle that arrives no later than 3 pm,B-fromloc.city_name B-toloc.city_name B-arrive_time.time_relative I-arrive_time.time_relative I-arrive_time.time_relative B-arrive_time.time I-arrive_time.time,B-fromloc.city_name B-airline_name B-depart_time.period_of_day B-flight_time B-fromloc.city_name B-fromloc.city_name B-toloc.city_name B-toloc.city_name I-toloc.city_name B-arrive_time.time_relative B-arrive_time.time_relative I-arrive_time.time_relative I-arrive_time.time_relative B-arrive_time.time I-arrive_time.time
i need a flight from indianapolis to seattle arriving in seattle at 1205 pm,B-fromloc.city_name B-toloc.city_name B-toloc.city_name B-arrive_time.time I-arrive_time.time,B-fromloc.city_name B-class_type B-flight_mod B-flight_time B-fromloc.city_name B-fromloc.city_name B-toloc.city_name B-toloc.city_name B-arrive_time.time_relative B-toloc.city_name B-toloc.city_name B-arrive_time.time_relative B-arrive_time.time I-arrive_time.time
i want a flight round trip from memphis to seattle,B-round_trip I-round_trip B-fromloc.city_name B-toloc.city_name,B-fromloc.city_name B-airline_name B-depart_time.period_of_day B-flight_time B-round_trip I-round_trip B-fromloc.city_name B-fromloc.city_name B-toloc.city_name B-toloc.city_name
i want to fly from nashville to seattle and i want the cheapest fare round trip,B-fromloc.city_name B-toloc.city_name B-cost_relative B-round_trip I-round_trip,B-fromloc.city_name B-airline_name B-toloc.city_name B-airline_name B-fromloc.city_name B-fromloc.city_name B-toloc.city_name B-toloc.city_name B-toloc.state_name B-fromloc.city_name B-depart_time.time_relative B-depart_date.today_relative B-cost_relative I-fare_basis_code B-round_trip I-round_trip
i want to fly from memphis to seattle round trip with the cheapest fare,B-fromloc.city_name B-toloc.city_name B-round_trip I-round_trip B-cost_relative,B-fromloc.city_name B-airline_name B-toloc.city_name B-airline_name B-fromloc.city_name B-fromloc.city_name B-toloc.city_name B-toloc.city_name B-round_trip I-round_trip B-flight_stop B-depart_date.today_relative B-cost_relative I-fare_basis_code
i want to fly from indianapolis to seattle round trip with the cheapest fare,B-fromloc.city_name B-toloc.city_name B-round_trip I-round_trip B-cost_relative,B-fromloc.city_name B-airline_name B-toloc.city_name B-airline_name B-fromloc.city_name B-fromloc.city_name B-toloc.city_name B-toloc.city_name B-round_trip I-round_trip B-flight_stop B-depart_date.today_relative B-cost_relative I-fare_basis_code
please list flights from orlando to philadelphia,B-fromloc.city_name B-toloc.city_name,B-cost_relative B-aircraft_code I-flight_time B-fromloc.city_name B-fromloc.city_name B-toloc.city_name B-toloc.city_name
please list flights from san francisco to charlotte,B-fromloc.city_name I-fromloc.city_name B-toloc.city_name,B-cost_relative B-aircraft_code I-flight_time B-fromloc.city_name B-fromloc.city_name I-fromloc.city_name B-toloc.city_name B-toloc.city_name
please list flights from milwaukee to philadelphia,B-fromloc.city_name B-toloc.city_name,B-cost_relative B-aircraft_code I-flight_time B-fromloc.city_name B-fromloc.city_name B-toloc.city_name B-toloc.city_name
please list flights from philadelphia to san francisco,B-fromloc.city_name B-toloc.city_name I-toloc.city_name,B-cost_relative B-aircraft_code I-flight_time B-fromloc.city_name B-fromloc.city_name B-toloc.city_name B-toloc.city_name I-toloc.city_name
please show ground transportation to milwaukee,B-city_name,B-cost_relative B-airline_name B-city_name B-city_name B-city_name B-city_name
please list flights from san francisco to milwaukee,B-fromloc.city_name I-fromloc.city_name B-toloc.city_name,B-cost_relative B-aircraft_code I-flight_time B-fromloc.city_name B-fromloc.city_name I-fromloc.city_name B-toloc.city_name B-toloc.city_name
list flights from houston to denver,B-fromloc.city_name B-toloc.city_name,B-depart_date.day_name B-fromloc.city_name B-fromloc.city_name B-fromloc.city_name B-toloc.city_name B-toloc.city_name
list flights from houston to phoenix,B-fromloc.city_name B-toloc.city_name,B-depart_date.day_name B-fromloc.city_name B-fromloc.city_name B-fromloc.city_name B-toloc.city_name B-toloc.city_name
list flights from phoenix to houston,B-fromloc.city_name B-toloc.city_name,B-depart_date.day_name B-fromloc.city_name B-fromloc.city_name B-fromloc.city_name B-toloc.city_name B-toloc.city_name
list flights from newark to houston,B-fromloc.city_name B-toloc.city_name,B-depart_date.day_name B-fromloc.city_name B-fromloc.city_name B-fromloc.city_name B-toloc.city_name B-toloc.city_name
show flights from denver to houston,B-fromloc.city_name B-toloc.city_name,B-airline_name B-fromloc.city_name B-fromloc.city_name B-fromloc.city_name B-toloc.city_name B-toloc.city_name
show flights from st. petersburg to charlotte,B-fromloc.city_name I-fromloc.city_name B-toloc.city_name,B-airline_name B-fromloc.city_name B-fromloc.city_name B-fromloc.city_name I-fromloc.city_name B-toloc.city_name B-toloc.city_name
show flights from orlando to kansas city,B-fromloc.city_name B-toloc.city_name I-toloc.city_name,B-airline_name B-fromloc.city_name B-fromloc.city_name B-fromloc.city_name B-toloc.city_name B-toloc.city_name I-toloc.city_name
show flights from kansas city to minneapolis,B-fromloc.city_name I-fromloc.city_name B-toloc.city_name,B-airline_name B-fromloc.city_name B-fromloc.city_name B-fromloc.city_name I-fromloc.city_name B-toloc.city_name B-toloc.city_name
show flights from kansas city to orlando,B-fromloc.city_name I-fromloc.city_name B-toloc.city_name,B-airline_name B-fromloc.city_name B-fromloc.city_name B-fromloc.city_name I-fromloc.city_name B-toloc.city_name B-toloc.city_name
show flights from minneapolis to kansas city,B-fromloc.city_name B-toloc.city_name I-toloc.city_name,B-airline_name B-fromloc.city_name B-fromloc.city_name B-fromloc.city_name B-toloc.city_name B-toloc.city_name I-toloc.city_name
show flights from kansas city to orlando,B-fromloc.city_name I-fromloc.city_name B-toloc.city_name,B-airline_name B-fromloc.city_name B-fromloc.city_name B-fromloc.city_name I-fromloc.city_name B-toloc.city_name B-toloc.city_name
list flights from washington dc to boston,B-fromloc.city_name B-fromloc.state_code B-toloc.city_name,B-depart_date.day_name B-fromloc.city_name B-fromloc.city_name B-fromloc.city_name B-fromloc.state_code B-toloc.city_name B-toloc.city_name
list fares from washington dc to montreal,B-fromloc.city_name B-fromloc.state_code B-toloc.city_name,B-depart_date.day_name B-depart_time.period_of_day B-fromloc.city_name B-fromloc.city_name B-fromloc.state_code B-toloc.city_name B-toloc.city_name
list flights from washington dc to montreal,B-fromloc.city_name B-fromloc.state_code B-toloc.city_name,B-depart_date.day_name B-fromloc.city_name B-fromloc.city_name B-fromloc.city_name B-fromloc.state_code B-toloc.city_name B-toloc.city_name
list fares from washington dc to toronto that should be <unk>,B-fromloc.city_name B-fromloc.state_code B-toloc.city_name,B-depart_date.day_name B-depart_time.period_of_day B-fromloc.city_name B-fromloc.city_name B-fromloc.state_code B-toloc.city_name B-toloc.city_name I-toloc.city_name B-airline_name B-meal_description B-aircraft_code
list fares from washington dc to boston,B-fromloc.city_name B-fromloc.state_code B-toloc.city_name,B-depart_date.day_name B-depart_time.period_of_day B-fromloc.city_name B-fromloc.city_name B-fromloc.state_code B-toloc.city_name B-toloc.city_name
list flights from washington dc to montreal,B-fromloc.city_name B-fromloc.state_code B-toloc.city_name,B-depart_date.day_name B-fromloc.city_name B-fromloc.city_name B-fromloc.city_name B-fromloc.state_code B-toloc.city_name B-toloc.city_name
list flights from washington dc to toronto,B-fromloc.city_name B-fromloc.state_code B-toloc.city_name,B-depart_date.day_name B-fromloc.city_name B-fromloc.city_name B-fromloc.city_name B-fromloc.state_code B-toloc.city_name B-toloc.city_name
list flights from toronto to washington dc,B-fromloc.city_name B-toloc.city_name B-toloc.state_code,B-depart_date.day_name B-fromloc.city_name B-fromloc.city_name B-fromloc.city_name B-toloc.city_name B-toloc.city_name B-toloc.state_code
list flights from oakland to salt lake city,B-fromloc.city_name B-toloc.city_name I-toloc.city_name I-toloc.city_name,B-depart_date.day_name B-fromloc.city_name B-fromloc.city_name B-fromloc.city_name B-toloc.city_name B-toloc.city_name I-toloc.city_name I-toloc.city_name
what flights go from dallas to phoenix,B-fromloc.city_name B-toloc.city_name,B-airline_code B-fromloc.city_name B-fromloc.city_name B-fromloc.city_name B-fromloc.city_name B-toloc.city_name B-toloc.city_name
what flights go from phoenix to salt lake city,B-fromloc.city_name B-toloc.city_name I-toloc.city_name I-toloc.city_name,B-airline_code B-fromloc.city_name B-fromloc.city_name B-fromloc.city_name B-fromloc.city_name B-toloc.city_name B-toloc.city_name I-toloc.city_name I-toloc.city_name
i need an early flight from milwaukee to denver,B-flight_mod B-fromloc.city_name B-toloc.city_name,B-fromloc.city_name B-class_type B-flight_mod B-flight_mod B-flight_time B-fromloc.city_name B-fromloc.city_name B-toloc.city_name B-toloc.city_name
what types of ground transportation are available in denver,B-city_name,B-airline_code B-airline_name B-airline_code B-city_name B-city_name B-city_name B-city_name B-city_name B-city_name
what flights go from denver to st. louis on tuesday morning,B-fromloc.city_name B-toloc.city_name I-toloc.city_name B-depart_date.day_name B-depart_time.period_of_day,B-airline_code B-fromloc.city_name B-fromloc.city_name B-fromloc.city_name B-fromloc.city_name B-toloc.city_name B-toloc.city_name I-toloc.city_name B-depart_date.month_name B-depart_date.day_name B-depart_time.period_of_day
is ground transportation available in st. louis,B-city_name I-city_name,B-airline_code B-city_name B-city_name B-city_name B-city_name B-city_name I-city_name
i need to fly from st. louis to milwaukee on wednesday afternoon,B-fromloc.city_name I-fromloc.city_name B-toloc.city_name B-depart_date.day_name B-depart_time.period_of_day,B-fromloc.city_name B-class_type B-toloc.city_name B-toloc.city_name B-fromloc.city_name B-fromloc.city_name I-fromloc.city_name B-toloc.city_name B-toloc.city_name B-airline_name B-depart_date.day_name B-depart_time.period_of_day
flights from washington to seattle,B-fromloc.city_name B-toloc.city_name,I-flight_time B-fromloc.city_name B-fromloc.city_name B-toloc.city_name B-toloc.city_name
flights from atlanta to seattle,B-fromloc.city_name B-toloc.city_name,I-flight_time B-fromloc.city_name B-fromloc.city_name B-toloc.city_name B-toloc.city_name
flights from san diego to seattle,B-fromloc.city_name I-fromloc.city_name B-toloc.city_name,I-flight_time B-fromloc.city_name B-fromloc.city_name I-fromloc.city_name B-toloc.city_name B-toloc.city_name
i would like flight information from phoenix to denver,B-fromloc.city_name B-toloc.city_name,B-fromloc.city_name B-fromloc.city_name B-flight_mod B-flight_time I-flight_time B-fromloc.city_name B-fromloc.city_name B-toloc.city_name B-toloc.city_name
could i have flight information on flights from salt lake city to phoenix please,B-fromloc.city_name I-fromloc.city_name I-fromloc.city_name B-toloc.city_name,B-depart_time.period_of_day B-fromloc.city_name B-fromloc.city_name B-flight_time B-depart_time.time B-depart_date.month_name B-fromloc.city_name B-fromloc.city_name B-fromloc.city_name I-fromloc.city_name I-fromloc.city_name B-toloc.city_name B-toloc.city_name I-toloc.city_name
could i have flight information on flights from pittsburgh to phoenix please,B-fromloc.city_name B-toloc.city_name,B-depart_time.period_of_day B-fromloc.city_name B-fromloc.city_name B-flight_time B-depart_time.time B-depart_date.month_name B-fromloc.city_name B-fromloc.city_name B-fromloc.city_name B-toloc.city_name B-toloc.city_name I-toloc.city_name
i would like information on flights leaving from washington dc to denver,B-fromloc.city_name B-fromloc.state_code B-toloc.city_name,B-fromloc.city_name B-fromloc.city_name B-flight_mod B-restriction_code B-airline_name B-fromloc.city_name B-fromloc.city_name B-fromloc.city_name B-fromloc.city_name B-fromloc.state_code B-toloc.city_name B-toloc.city_name
i need information on flights from washington to boston that leave on a saturday,B-fromloc.city_name B-toloc.city_name B-depart_date.day_name,B-fromloc.city_name B-class_type B-flight_mod B-airline_name B-fromloc.city_name B-fromloc.city_name B-fromloc.city_name B-toloc.city_name B-toloc.city_name I-toloc.city_name B-fromloc.city_name B-airline_name B-airline_name B-depart_date.day_name
i need the flights from washington to montreal on a saturday,B-fromloc.city_name B-toloc.city_name B-depart_date.day_name,B-fromloc.city_name B-class_type B-depart_date.today_relative B-flight_time B-fromloc.city_name B-fromloc.city_name B-toloc.city_name B-toloc.city_name B-airline_name B-depart_date.day_name B-depart_date.day_name
i need the fares on flights from washington to toronto on a saturday,B-fromloc.city_name B-toloc.city_name B-depart_date.day_name,B-fromloc.city_name B-class_type B-depart_date.today_relative B-flight_mod B-airline_name B-fromloc.city_name B-fromloc.city_name B-fromloc.city_name B-toloc.city_name B-toloc.city_name B-depart_date.month_name B-airline_name B-depart_date.day_name
i want to go from boston to washington on a saturday,B-fromloc.city_name B-toloc.city_name B-depart_date.day_name,B-fromloc.city_name B-airline_name B-toloc.city_name B-toloc.city_name B-fromloc.city_name B-fromloc.city_name B-toloc.city_name B-toloc.city_name B-depart_date.month_name B-airline_name B-depart_date.day_name
i need a flight from cleveland to dallas that leaves before noon see if too much information,B-fromloc.city_name B-toloc.city_name B-depart_time.time_relative B-depart_time.time,B-fromloc.city_name B-class_type B-flight_mod B-flight_time B-fromloc.city_name B-fromloc.city_name B-toloc.city_name B-toloc.city_name I-toloc.city_name B-fromloc.city_name B-depart_time.time_relative B-depart_time.time B-depart_time.time I-depart_time.time B-depart_time.time B-depart_date.today_relative B-depart_time.time
get fares from washington to boston,B-fromloc.city_name B-toloc.city_name,I-arrive_time.time B-depart_time.period_of_day B-fromloc.city_name B-fromloc.city_name B-toloc.city_name B-toloc.city_name
get saturday fares from washington to boston,B-depart_date.day_name B-fromloc.city_name B-toloc.city_name,I-arrive_time.time B-depart_date.day_name B-depart_time.period_of_day B-fromloc.city_name B-fromloc.city_name B-toloc.city_name B-toloc.city_name
get fares from washington to montreal,B-fromloc.city_name B-toloc.city_name,I-arrive_time.time B-depart_time.period_of_day B-fromloc.city_name B-fromloc.city_name B-toloc.city_name B-toloc.city_name
get saturday fares from washington to montreal,B-depart_date.day_name B-fromloc.city_name B-toloc.city_name,I-arrive_time.time B-depart_date.day_name B-depart_time.period_of_day B-fromloc.city_name B-fromloc.city_name B-toloc.city_name B-toloc.city_name
get saturday fares from washington to toronto,B-depart_date.day_name B-fromloc.city_name B-toloc.city_name,I-arrive_time.time B-depart_date.day_name B-depart_time.period_of_day B-fromloc.city_name B-fromloc.city_name B-toloc.city_name B-toloc.city_name
get the saturday fare from washington to toronto,B-depart_date.day_name B-fromloc.city_name B-toloc.city_name,I-arrive_time.time B-depart_date.today_relative B-depart_date.day_name B-depart_time.time B-fromloc.city_name B-fromloc.city_name B-toloc.city_name B-toloc.city_name
list saturday flights from washington to boston,B-depart_date.day_name B-fromloc.city_name B-toloc.city_name,B-depart_date.day_name B-depart_date.day_name B-depart_date.date_relative B-fromloc.city_name B-fromloc.city_name B-toloc.city_name B-toloc.city_name
list saturday flights from boston to washington,B-depart_date.day_name B-fromloc.city_name B-toloc.city_name,B-depart_date.day_name B-depart_date.day_name B-depart_date.date_relative B-fromloc.city_name B-fromloc.city_name B-toloc.city_name B-toloc.city_name
get flights from milwaukee to <unk>,B-fromloc.city_name B-toloc.airport_code,I-arrive_time.time B-fromloc.city_name B-fromloc.city_name B-fromloc.city_name B-toloc.city_name B-toloc.city_name
list flights from milwaukee to detroit,B-fromloc.city_name B-toloc.city_name,B-depart_date.day_name B-fromloc.city_name B-fromloc.city_name B-fromloc.city_name B-toloc.city_name B-toloc.city_name
get flights from detroit to toronto,B-fromloc.city_name B-toloc.city_name,I-arrive_time.time B-fromloc.city_name B-fromloc.city_name B-fromloc.city_name B-toloc.city_name B-toloc.city_name
get flights from toronto to milwaukee,B-fromloc.city_name B-toloc.city_name,I-arrive_time.time B-fromloc.city_name B-fromloc.city_name B-fromloc.city_name B-toloc.city_name B-toloc.city_name
get last flight from oakland to salt lake city on wednesday or first flight from oakland to salt lake city on thursday,B-flight_mod B-fromloc.city_name B-toloc.city_name I-toloc.city_name I-toloc.city_name B-depart_date.day_name B-or B-flight_mod B-fromloc.city_name B-toloc.city_name I-toloc.city_name I-toloc.city_name B-depart_date.day_name,I-arrive_time.time B-flight_mod B-flight_time B-fromloc.city_name B-fromloc.city_name B-toloc.city_name B-toloc.city_name I-toloc.city_name I-toloc.city_name B-depart_date.month_name B-depart_date.day_name B-or B-class_type B-flight_time B-fromloc.city_name B-fromloc.city_name B-toloc.city_name B-toloc.city_name I-toloc.city_name I-toloc.city_name B-depart_date.month_name B-depart_date.day_name
get first flight from oakland to salt lake city on thursday,B-flight_mod B-fromloc.city_name B-toloc.city_name I-toloc.city_name I-toloc.city_name B-depart_date.day_name,I-arrive_time.time B-class_type B-flight_time B-fromloc.city_name B-fromloc.city_name B-toloc.city_name B-toloc.city_name I-toloc.city_name I-toloc.city_name B-depart_date.month_name B-depart_date.day_name
get last flight from oakland to salt lake city on wednesday,B-flight_mod B-fromloc.city_name B-toloc.city_name I-toloc.city_name I-toloc.city_name B-depart_date.day_name,I-arrive_time.time B-flight_mod B-flight_time B-fromloc.city_name B-fromloc.city_name B-toloc.city_name B-toloc.city_name I-toloc.city_name I-toloc.city_name B-depart_date.month_name B-depart_date.day_name
list last wednesday flight from oakland to salt lake city,B-flight_mod B-depart_date.day_name B-fromloc.city_name B-toloc.city_name I-toloc.city_name I-toloc.city_name,B-depart_date.day_name B-flight_mod B-depart_date.day_name B-flight_time B-fromloc.city_name B-fromloc.city_name B-toloc.city_name B-toloc.city_name I-toloc.city_name I-toloc.city_name
get flight from toronto to san diego stopping at <unk>,B-fromloc.city_name B-toloc.city_name I-toloc.city_name,I-arrive_time.time B-flight_time B-fromloc.city_name B-fromloc.city_name B-toloc.city_name B-toloc.city_name I-toloc.city_name I-flight_stop B-stoploc.city_name B-depart_time.time
get flights between st. petersburg and charlotte,B-fromloc.city_name I-fromloc.city_name B-toloc.city_name,I-arrive_time.time B-fromloc.city_name B-fromloc.city_name B-fromloc.city_name I-fromloc.city_name B-toloc.city_name B-toloc.city_name
i need a flight from milwaukee to indianapolis leaving monday before 9 am,B-fromloc.city_name B-toloc.city_name B-depart_date.day_name B-depart_time.time_relative B-depart_time.time I-depart_time.time,B-fromloc.city_name B-class_type B-flight_mod B-flight_time B-fromloc.city_name B-fromloc.city_name B-toloc.city_name B-toloc.city_name B-fromloc.city_name B-depart_date.day_name B-depart_time.time_relative B-depart_time.time I-depart_time.time
i need a flight departing from milwaukee to indianapolis leaving monday before 8 am,B-fromloc.city_name B-toloc.city_name B-depart_date.day_name B-depart_time.time_relative B-depart_time.time I-depart_time.time,B-fromloc.city_name B-class_type B-flight_mod B-flight_time B-fromloc.city_name B-fromloc.city_name B-fromloc.city_name B-toloc.city_name B-toloc.city_name B-fromloc.city_name B-depart_date.day_name B-depart_time.time_relative B-depart_time.time I-depart_time.time
is there ground transportation available at the indianapolis airport,B-airport_name I-airport_name,B-airline_code B-airline_code B-city_name B-city_name B-city_name B-city_name B-airport_name B-airport_name I-airport_name
i need flight information for a flight departing from indianapolis to cleveland departing tuesday at noon,B-fromloc.city_name B-toloc.city_name B-depart_date.day_name B-depart_time.period_of_day,B-fromloc.city_name B-class_type B-flight_time B-flight_number B-depart_date.today_relative B-depart_time.period_of_day B-flight_time B-fromloc.city_name B-fromloc.city_name B-fromloc.city_name B-toloc.city_name B-toloc.city_name B-depart_date.day_name B-depart_date.day_name B-depart_time.time B-depart_time.time
i need flight information for a flight departing from cleveland to milwaukee wednesday after 6 pm,B-fromloc.city_name B-toloc.city_name B-depart_date.day_name B-depart_time.time_relative B-depart_time.time I-depart_time.time,B-fromloc.city_name B-class_type B-flight_time B-flight_number B-depart_date.today_relative B-depart_time.period_of_day B-flight_time B-fromloc.city_name B-fromloc.city_name B-fromloc.city_name B-toloc.city_name B-toloc.city_name B-depart_date.day_name B-depart_time.time_relative B-depart_time.time I-depart_time.time
i need flight information for flights departing from cleveland going back to milwaukee wednesday after 5 pm,B-fromloc.city_name B-toloc.city_name B-depart_date.day_name B-depart_time.time_relative B-depart_time.time I-depart_time.time,B-fromloc.city_name B-class_type B-flight_time B-flight_number B-depart_date.today_relative B-fromloc.city_name B-fromloc.city_name B-fromloc.city_name B-fromloc.city_name I-fromloc.city_name B-depart_time.time B-toloc.city_name B-toloc.city_name B-depart_date.day_name B-depart_time.time_relative B-depart_time.time I-depart_time.time
i need flight information for flights departing from cleveland to milwaukee on wednesday after 5 pm,B-fromloc.city_name B-toloc.city_name B-depart_date.day_name B-depart_time.time_relative B-depart_time.time I-depart_time.time,B-fromloc.city_name B-class_type B-flight_time B-flight_number B-depart_date.today_relative B-fromloc.city_name B-fromloc.city_name B-fromloc.city_name B-fromloc.city_name B-toloc.city_name B-toloc.city_name B-depart_date.month_name B-depart_date.day_name B-depart_time.time_relative B-depart_time.time I-depart_time.time
i need flight information for flights departing from cleveland to milwaukee on wednesday after 5 pm,B-fromloc.city_name B-toloc.city_name B-depart_date.day_name B-depart_time.time_relative B-depart_time.time I-depart_time.time,B-fromloc.city_name B-class_type B-flight_time B-flight_number B-depart_date.today_relative B-fromloc.city_name B-fromloc.city_name B-fromloc.city_name B-fromloc.city_name B-toloc.city_name B-toloc.city_name B-depart_date.month_name B-depart_date.day_name B-depart_time.time_relative B-depart_time.time I-depart_time.time
i need a flight from denver to salt lake city on monday,B-fromloc.city_name B-toloc.city_name I-toloc.city_name I-toloc.city_name B-depart_date.day_name,B-fromloc.city_name B-class_type B-flight_mod B-flight_time B-fromloc.city_name B-fromloc.city_name B-toloc.city_name B-toloc.city_name I-toloc.city_name I-toloc.city_name B-depart_date.month_name B-depart_date.day_name
is there ground transportation available at the denver airport,B-airport_name I-airport_name,B-airline_code B-airline_code B-city_name B-city_name B-city_name B-city_name B-airport_name B-airport_name I-airport_name
i need flight and airline information for a flight from denver to salt lake city on monday departing after 5 pm,B-fromloc.city_name B-toloc.city_name I-toloc.city_name I-toloc.city_name B-depart_date.day_name B-depart_time.time_relative B-depart_time.time I-depart_time.time,B-fromloc.city_name B-class_type B-flight_time B-flight_mod I-airline_name B-connect B-airline_code B-depart_time.period_of_day B-flight_time B-fromloc.city_name B-fromloc.city_name B-toloc.city_name B-toloc.city_name I-toloc.city_name I-toloc.city_name B-depart_date.month_name B-depart_date.day_name B-depart_date.day_name B-depart_time.time_relative B-depart_time.time I-depart_time.time
is there ground transportation available at the salt lake city airport,B-airport_name I-airport_name I-airport_name I-airport_name,B-airline_code B-airline_code B-city_name B-city_name B-city_name B-city_name B-airport_name B-airport_name I-airport_name I-airport_name I-airport_name
i need a flight from salt lake city to phoenix departing wednesday after 5 pm,B-fromloc.city_name I-fromloc.city_name I-fromloc.city_name B-toloc.city_name B-depart_date.day_name B-depart_time.time_relative B-depart_time.time I-depart_time.time,B-fromloc.city_name B-class_type B-flight_mod B-flight_time B-fromloc.city_name B-fromloc.city_name I-fromloc.city_name I-fromloc.city_name B-toloc.city_name B-toloc.city_name B-fromloc.city_name B-depart_date.day_name B-depart_time.time_relative B-depart_time.time I-depart_time.time
is there ground transportation available at the phoenix airport,B-airport_name I-airport_name,B-airline_code B-airline_code B-city_name B-city_name B-city_name B-city_name B-airport_name B-airport_name I-airport_name
i need a flight from oakland to salt lake city on wednesday departing after 6 pm,B-fromloc.city_name B-toloc.city_name I-toloc.city_name I-toloc.city_name B-depart_date.day_name B-depart_time.time_relative B-depart_time.time I-depart_time.time,B-fromloc.city_name B-class_type B-flight_mod B-flight_time B-fromloc.city_name B-fromloc.city_name B-toloc.city_name B-toloc.city_name I-toloc.city_name I-toloc.city_name B-depart_date.month_name B-depart_date.day_name B-depart_date.day_name B-depart_time.time_relative B-depart_time.time I-depart_time.time
i need flight and fare information for thursday departing <unk> to 9 am from oakland going to salt lake city,B-depart_date.day_name B-depart_time.time_relative I-depart_time.time_relative B-depart_time.time I-depart_time.time B-fromloc.city_name B-toloc.city_name I-toloc.city_name I-toloc.city_name,B-fromloc.city_name B-class_type B-flight_time B-flight_mod B-depart_time.time_relative B-depart_time.time B-depart_time.time B-depart_date.day_name B-depart_time.period_of_day B-depart_time.time_relative B-toloc.city_name B-toloc.city_name I-depart_time.time B-fromloc.city_name B-fromloc.city_name I-fromloc.city_name B-toloc.city_name B-toloc.city_name I-toloc.city_name I-toloc.city_name
i need flight and fare information departing from oakland to salt lake city on thursday before 8 am,B-fromloc.city_name B-toloc.city_name I-toloc.city_name I-toloc.city_name B-depart_date.day_name B-depart_time.time_relative B-depart_time.time I-depart_time.time,B-fromloc.city_name B-class_type B-flight_time B-flight_mod B-depart_time.time_relative B-depart_time.time B-depart_time.time B-fromloc.city_name B-fromloc.city_name B-toloc.city_name B-toloc.city_name I-toloc.city_name I-toloc.city_name B-depart_date.month_name B-depart_date.day_name B-depart_time.time_relative B-depart_time.time I-depart_time.time
i need flight numbers and airlines for flights departing from oakland to salt lake city on thursday departing before 8 am,B-fromloc.city_name B-toloc.city_name I-toloc.city_name I-toloc.city_name B-depart_date.day_name B-depart_time.time_relative B-depart_time.time I-depart_time.time,B-fromloc.city_name B-class_type B-flight_time B-flight_number B-flight_mod I-airline_name I-airline_name B-fromloc.city_name B-fromloc.city_name B-fromloc.city_name B-fromloc.city_name B-toloc.city_name B-toloc.city_name I-toloc.city_name I-toloc.city_name B-depart_date.month_name B-depart_date.day_name B-depart_date.day_name B-depart_time.time_relative B-depart_time.time I-depart_time.time
i need flight numbers for those flights departing on thursday before 8 am from oakland going to salt lake city,B-depart_date.day_name B-depart_time.time_relative B-depart_time.time I-depart_time.time B-fromloc.city_name B-toloc.city_name I-toloc.city_name I-toloc.city_name,B-fromloc.city_name B-class_type B-flight_time B-flight_number B-depart_date.today_relative B-depart_date.today_relative I-flight_time B-fromloc.city_name B-airline_name B-depart_date.day_name B-depart_time.time_relative B-depart_time.time I-depart_time.time B-fromloc.city_name B-fromloc.city_name I-fromloc.city_name B-toloc.city_name B-toloc.city_name I-toloc.city_name I-toloc.city_name
list airports in arizona nevada and california please,B-state_name B-state_name,B-depart_date.day_name B-depart_time.period_of_day B-city_name B-city_name B-state_name B-city_name B-toloc.state_name I-airport_name
list california nevada arizona airports,B-state_name B-state_name B-state_name,B-depart_date.day_name B-fromloc.state_name B-toloc.state_name B-flight_number B-flight_number
list the arizona airport,B-state_name,B-depart_date.day_name B-depart_date.today_relative B-flight_time I-fromloc.airport_name
list california airports,B-state_name,B-depart_date.day_name B-fromloc.state_name B-flight_time
list flights from las vegas to phoenix,B-fromloc.city_name I-fromloc.city_name B-toloc.city_name,B-depart_date.day_name B-fromloc.city_name B-fromloc.city_name B-fromloc.city_name I-fromloc.city_name B-toloc.city_name B-toloc.city_name
list california airports,B-state_name,B-depart_date.day_name B-fromloc.state_name B-flight_time
list airports,,B-depart_date.day_name B-depart_time.period_of_day
list wednesday night flights from oakland to salt lake city,B-depart_date.day_name B-depart_time.period_of_day B-fromloc.city_name B-toloc.city_name I-toloc.city_name I-toloc.city_name,B-depart_date.day_name B-depart_date.day_name B-depart_time.period_of_day I-flight_time B-fromloc.city_name B-fromloc.city_name B-toloc.city_name B-toloc.city_name I-toloc.city_name I-toloc.city_name
list flights from oakland to salt lake city before 6 am thursday morning,B-fromloc.city_name B-toloc.city_name I-toloc.city_name I-toloc.city_name B-depart_time.time_relative B-depart_time.time I-depart_time.time B-depart_date.day_name B-depart_time.period_of_day,B-depart_date.day_name B-fromloc.city_name B-fromloc.city_name B-fromloc.city_name B-toloc.city_name B-toloc.city_name I-toloc.city_name I-toloc.city_name B-depart_time.time_relative B-depart_time.time I-depart_time.time B-depart_date.day_name B-depart_time.period_of_day
which airlines fly between toronto and san diego,B-fromloc.city_name B-toloc.city_name I-toloc.city_name,B-depart_time.time I-airline_name B-airline_name B-fromloc.city_name B-fromloc.city_name B-toloc.city_name B-toloc.city_name I-toloc.city_name
please list afternoon flights between st. petersburg and charlotte,B-depart_time.period_of_day B-fromloc.city_name I-fromloc.city_name B-toloc.city_name,B-cost_relative B-aircraft_code B-depart_time.period_of_day I-flight_time B-fromloc.city_name B-fromloc.city_name I-fromloc.city_name B-toloc.city_name B-toloc.city_name
what is <unk>,B-airport_code,B-airline_code B-airline_code B-airport_code
what are the flights from cleveland to dallas,B-fromloc.city_name B-toloc.city_name,B-airline_code B-fromloc.city_name B-depart_date.today_relative B-flight_time B-fromloc.city_name B-fromloc.city_name B-toloc.city_name B-toloc.city_name
please list only the flights from cleveland to dallas that leave before noon,B-fromloc.city_name B-toloc.city_name B-depart_time.time_relative B-depart_time.period_of_day,B-cost_relative B-aircraft_code B-flight_mod B-depart_date.today_relative B-flight_time B-fromloc.city_name B-fromloc.city_name B-toloc.city_name B-toloc.city_name I-toloc.city_name B-fromloc.city_name B-depart_time.time_relative B-depart_time.time
what type of aircraft are flying from cleveland to dallas before noon,B-fromloc.city_name B-toloc.city_name B-depart_time.time_relative B-depart_time.period_of_day,B-airline_code B-depart_time.period_of_day I-flight_time B-aircraft_code B-fromloc.city_name B-airline_code B-fromloc.city_name B-fromloc.city_name B-toloc.city_name B-toloc.city_name B-depart_time.time_relative B-depart_time.time
i need information on flights from indianapolis to seattle,B-fromloc.city_name B-toloc.city_name,B-fromloc.city_name B-class_type B-flight_mod B-airline_name B-fromloc.city_name B-fromloc.city_name B-fromloc.city_name B-toloc.city_name B-toloc.city_name
i need a flight from memphis to seattle,B-fromloc.city_name B-toloc.city_name,B-fromloc.city_name B-class_type B-flight_mod B-flight_time B-fromloc.city_name B-fromloc.city_name B-toloc.city_name B-toloc.city_name
i need a ticket from nashville to seattle,B-fromloc.city_name B-toloc.city_name,B-fromloc.city_name B-class_type B-flight_mod B-flight_mod B-fromloc.city_name B-fromloc.city_name B-toloc.city_name B-toloc.city_name
i need a ticket from nashville tennessee to seattle,B-fromloc.city_name B-fromloc.state_name B-toloc.city_name,B-fromloc.city_name B-class_type B-flight_mod B-flight_mod B-fromloc.city_name B-fromloc.city_name B-fromloc.state_name B-toloc.city_name B-toloc.city_name
i need flight information from milwaukee to tampa,B-fromloc.city_name B-toloc.city_name,B-fromloc.city_name B-class_type B-flight_time B-flight_number B-fromloc.city_name B-fromloc.city_name B-toloc.city_name B-toloc.city_name
i need to rent a car at tampa,B-transport_type B-city_name,B-fromloc.city_name B-class_type B-toloc.city_name B-toloc.city_name B-depart_time.period_of_day B-transport_type B-airport_name B-city_name
i need a daily flight from st. louis to milwaukee,B-flight_days B-fromloc.city_name I-fromloc.city_name B-toloc.city_name,B-fromloc.city_name B-class_type B-flight_mod B-flight_days B-flight_time B-fromloc.city_name B-fromloc.city_name I-fromloc.city_name B-toloc.city_name B-toloc.city_name
i need flights departing from oakland and arriving salt lake city,B-fromloc.city_name B-toloc.city_name I-toloc.city_name I-toloc.city_name,B-fromloc.city_name B-class_type B-fromloc.city_name B-fromloc.city_name B-fromloc.city_name B-fromloc.city_name B-fromloc.state_name B-toloc.city_name B-toloc.city_name I-toloc.city_name I-toloc.city_name
i need information on flights from toronto to san diego,B-fromloc.city_name B-toloc.city_name I-toloc.city_name,B-fromloc.city_name B-class_type B-flight_mod B-airline_name B-fromloc.city_name B-fromloc.city_name B-fromloc.city_name B-toloc.city_name B-toloc.city_name I-toloc.city_name
i need information on flights from toronto to san diego,B-fromloc.city_name B-toloc.city_name I-toloc.city_name,B-fromloc.city_name B-class_type B-flight_mod B-airline_name B-fromloc.city_name B-fromloc.city_name B-fromloc.city_name B-toloc.city_name B-toloc.city_name I-toloc.city_name
i want a flight from toronto to san diego,B-fromloc.city_name B-toloc.city_name I-toloc.city_name,B-fromloc.city_name B-airline_name B-depart_time.period_of_day B-flight_time B-fromloc.city_name B-fromloc.city_name B-toloc.city_name B-toloc.city_name I-toloc.city_name
i need information on flights between st. petersburg and charlotte,B-fromloc.city_name I-fromloc.city_name B-toloc.city_name,B-fromloc.city_name B-class_type B-flight_mod B-airline_name B-fromloc.city_name B-fromloc.city_name B-fromloc.city_name I-fromloc.city_name B-toloc.city_name B-toloc.city_name
i need the flight numbers of flights leaving from cleveland and arriving at dallas,B-fromloc.city_name B-toloc.city_name,B-fromloc.city_name B-class_type B-depart_date.today_relative B-flight_time I-flight_time I-flight_time I-flight_time B-fromloc.city_name B-fromloc.city_name B-fromloc.city_name B-fromloc.state_name B-toloc.city_name B-toloc.city_name B-toloc.city_name
which flights go from new york to miami and back,B-fromloc.city_name I-fromloc.city_name B-toloc.city_name,B-depart_time.time I-flight_time B-fromloc.city_name B-fromloc.city_name B-fromloc.city_name I-fromloc.city_name B-toloc.city_name B-toloc.city_name B-depart_time.end_time B-depart_time.end_time
what does fare code qo mean,B-fare_basis_code,B-airline_code B-airline_code B-airline_code B-fare_basis_code B-fare_basis_code B-fare_basis_code
show me flights from milwaukee to orlando one way,B-fromloc.city_name B-toloc.city_name B-round_trip I-round_trip,B-airline_name B-cost_relative B-fromloc.city_name B-fromloc.city_name B-fromloc.city_name B-toloc.city_name B-toloc.city_name B-round_trip I-round_trip
what the abbreviation us stand for,B-airline_code,B-airline_code B-depart_date.today_relative B-flight_time B-airline_code B-flight_number B-airline_code
i 'd like a one way ticket from milwaukee to orlando either wednesday evening or thursday morning,B-round_trip I-round_trip B-fromloc.city_name B-toloc.city_name B-depart_date.day_name B-depart_time.period_of_day B-or B-depart_date.day_name B-depart_time.period_of_day,B-fromloc.city_name B-depart_time.time B-flight_mod B-depart_time.period_of_day B-round_trip I-round_trip B-fromloc.city_name B-fromloc.city_name B-fromloc.city_name B-toloc.city_name B-toloc.city_name B-toloc.city_name B-depart_date.day_name B-depart_time.period_of_day B-or B-depart_date.day_name B-depart_time.period_of_day
show me flights from milwaukee to orlando,B-fromloc.city_name B-toloc.city_name,B-airline_name B-cost_relative B-fromloc.city_name B-fromloc.city_name B-fromloc.city_name B-toloc.city_name B-toloc.city_name
what does fare code f mean,B-fare_basis_code,B-airline_code B-airline_code B-airline_code B-fare_basis_code B-fare_basis_code B-fare_basis_code
what does fare code h mean,B-fare_basis_code,B-airline_code B-airline_code B-airline_code B-fare_basis_code B-fare_basis_code B-fare_basis_code
what does fare code y mean,B-fare_basis_code,B-airline_code B-airline_code B-airline_code B-fare_basis_code B-fare_basis_code B-fare_basis_code
what are restrictions ap 57,B-restriction_code I-restriction_code,B-airline_code B-fromloc.city_name B-class_type B-restriction_code I-restriction_code
please show me first class flights from indianapolis to memphis one way leaving before 10 am,B-class_type I-class_type B-fromloc.city_name B-toloc.city_name B-round_trip I-round_trip B-depart_time.time_relative B-depart_time.time I-depart_time.time,B-cost_relative B-airline_name B-cost_relative B-class_type I-class_type I-flight_time B-fromloc.city_name B-fromloc.city_name B-toloc.city_name B-toloc.city_name B-round_trip I-round_trip B-fromloc.city_name B-depart_time.time_relative B-depart_time.time I-depart_time.time
now show me all round trip flights from burbank to seattle that arrive before 7 pm in seattle,B-round_trip I-round_trip B-fromloc.city_name B-toloc.city_name B-arrive_time.time_relative B-arrive_time.time I-arrive_time.time B-toloc.city_name,B-depart_date.day_name B-airline_name B-cost_relative B-class_type B-round_trip I-round_trip B-fromloc.city_name B-fromloc.city_name B-fromloc.city_name B-toloc.city_name B-toloc.city_name I-toloc.city_name B-arrive_time.time_relative B-arrive_time.time_relative B-arrive_time.time I-arrive_time.time I-arrive_time.time B-toloc.city_name
round trip flights from orlando to montreal please,B-round_trip I-round_trip B-fromloc.city_name B-toloc.city_name,B-round_trip I-round_trip B-fromloc.city_name B-fromloc.city_name B-fromloc.city_name B-toloc.city_name B-toloc.city_name I-toloc.city_name
what airline is dl,B-airline_code,B-airline_code I-airline_name B-airline_code B-airline_code
show me all delta airlines flights from montreal to orlando,B-airline_name I-airline_name B-fromloc.city_name B-toloc.city_name,B-airline_name B-cost_relative B-class_type B-airline_name I-airline_name B-fromloc.city_name B-fromloc.city_name B-fromloc.city_name B-toloc.city_name B-toloc.city_name
show me all flights from orlando to montreal please,B-fromloc.city_name B-toloc.city_name,B-airline_name B-cost_relative B-class_type I-flight_time B-fromloc.city_name B-fromloc.city_name B-toloc.city_name B-toloc.city_name I-toloc.city_name
which airline is <unk>,B-airline_code,B-depart_time.time I-airline_name B-airline_code B-mod
please list all flights from new york to miami any any type of class,B-fromloc.city_name I-fromloc.city_name B-toloc.city_name,B-cost_relative B-aircraft_code B-airline_name I-flight_time B-fromloc.city_name B-fromloc.city_name I-fromloc.city_name B-toloc.city_name B-toloc.city_name B-depart_date.day_name B-depart_date.day_name B-meal_description B-aircraft_code I-class_type
what does fare code <unk> mean,B-fare_basis_code,B-airline_code B-airline_code B-airline_code B-fare_basis_code B-fare_basis_code B-fare_basis_code
show me a return flight from miami to jfk please,B-round_trip B-fromloc.city_name B-toloc.airport_code,B-airline_name B-cost_relative B-class_type B-round_trip B-flight_time B-fromloc.city_name B-fromloc.city_name B-toloc.city_name B-toloc.airport_code I-toloc.airport_name
what does fare code <unk> mean,B-fare_basis_code,B-airline_code B-airline_code B-airline_code B-fare_basis_code B-fare_basis_code B-fare_basis_code
what does fare code <unk> mean,B-fare_basis_code,B-airline_code B-airline_code B-airline_code B-fare_basis_code B-fare_basis_code B-fare_basis_code
what does fare code <unk> mean,B-fare_basis_code,B-airline_code B-airline_code B-airline_code B-fare_basis_code B-fare_basis_code B-fare_basis_code
what does fare code <unk> mean,B-fare_basis_code,B-airline_code B-airline_code B-airline_code B-fare_basis_code B-fare_basis_code B-fare_basis_code
show me one way flights from milwaukee to orlando after 6 pm on wednesday,B-round_trip I-round_trip B-fromloc.city_name B-toloc.city_name B-depart_time.time_relative B-depart_time.time I-depart_time.time B-depart_date.day_name,B-airline_name B-cost_relative B-round_trip I-round_trip B-fromloc.city_name B-fromloc.city_name B-fromloc.city_name B-toloc.city_name B-toloc.city_name B-depart_time.time_relative B-depart_time.time I-depart_time.time B-airline_name B-depart_date.day_name
show me the flights from indianapolis to memphis,B-fromloc.city_name B-toloc.city_name,B-airline_name B-cost_relative B-depart_date.today_relative B-flight_time B-fromloc.city_name B-fromloc.city_name B-toloc.city_name B-toloc.city_name
show me round trip flights from burbank to seattle,B-round_trip I-round_trip B-fromloc.city_name B-toloc.city_name,B-airline_name B-cost_relative B-round_trip I-round_trip B-fromloc.city_name B-fromloc.city_name B-fromloc.city_name B-toloc.city_name B-toloc.city_name
show me round trip flights from orlando to montreal,B-round_trip I-round_trip B-fromloc.city_name B-toloc.city_name,B-airline_name B-cost_relative B-round_trip I-round_trip B-fromloc.city_name B-fromloc.city_name B-fromloc.city_name B-toloc.city_name B-toloc.city_name
show me nonstop flights from montreal to orlando,B-flight_stop B-fromloc.city_name B-toloc.city_name,B-airline_name B-cost_relative B-flight_stop B-flight_stop B-fromloc.city_name B-fromloc.city_name B-toloc.city_name B-toloc.city_name
show me round trips between montreal and orlando,B-round_trip I-round_trip B-fromloc.city_name B-toloc.city_name,B-airline_name B-cost_relative B-round_trip I-round_trip B-fromloc.city_name B-fromloc.city_name B-toloc.city_name B-toloc.city_name
show me round trip flights from montreal to orlando,B-round_trip I-round_trip B-fromloc.city_name B-toloc.city_name,B-airline_name B-cost_relative B-round_trip I-round_trip B-fromloc.city_name B-fromloc.city_name B-fromloc.city_name B-toloc.city_name B-toloc.city_name
show me the cheapest one way flights from montreal to orlando,B-cost_relative B-round_trip I-round_trip B-fromloc.city_name B-toloc.city_name,B-airline_name B-cost_relative B-depart_date.today_relative B-cost_relative B-round_trip I-round_trip B-fromloc.city_name B-fromloc.city_name B-fromloc.city_name B-toloc.city_name B-toloc.city_name
show me the cheapest one way flights from orlando to montreal,B-cost_relative B-round_trip I-round_trip B-fromloc.city_name B-toloc.city_name,B-airline_name B-cost_relative B-depart_date.today_relative B-cost_relative B-round_trip I-round_trip B-fromloc.city_name B-fromloc.city_name B-fromloc.city_name B-toloc.city_name B-toloc.city_name
show me the cheapest economy flights from miami to new york,B-cost_relative B-economy B-fromloc.city_name B-toloc.city_name I-toloc.city_name,B-airline_name B-cost_relative B-depart_date.today_relative B-cost_relative B-economy B-fromloc.city_name B-fromloc.city_name B-fromloc.city_name B-toloc.city_name B-toloc.city_name I-toloc.city_name
kansas city to las vegas economy,B-fromloc.city_name I-fromloc.city_name B-toloc.city_name I-toloc.city_name B-economy,B-fromloc.city_name I-fromloc.city_name B-toloc.city_name B-toloc.city_name I-toloc.city_name B-economy
kansas city to las vegas economy,B-fromloc.city_name I-fromloc.city_name B-toloc.city_name I-toloc.city_name B-economy,B-fromloc.city_name I-fromloc.city_name B-toloc.city_name B-toloc.city_name I-toloc.city_name B-economy
what airline is hp,B-airline_code,B-airline_code I-airline_name B-airline_code B-airline_code
ground transportation in las vegas,B-city_name I-city_name,B-city_name B-city_name B-city_name B-city_name I-city_name
ground transportation for las vegas,B-city_name I-city_name,B-city_name B-city_name B-city_name B-city_name I-city_name
las vegas to baltimore economy,B-fromloc.city_name I-fromloc.city_name B-toloc.city_name B-economy,B-fromloc.city_name I-city_name B-toloc.city_name B-toloc.city_name B-economy
las vegas to baltimore economy,B-fromloc.city_name I-fromloc.city_name B-toloc.city_name B-economy,B-fromloc.city_name I-city_name B-toloc.city_name B-toloc.city_name B-economy
baltimore to kansas city economy,B-fromloc.city_name B-toloc.city_name I-toloc.city_name B-economy,B-fromloc.city_name B-toloc.city_name B-toloc.city_name I-toloc.city_name B-economy
what airline is us,B-airline_code,B-airline_code I-airline_name B-airline_code B-airline_code
which airline is us,B-airline_code,B-depart_time.time I-airline_name B-airline_code B-airline_name
which airline is us,B-airline_code,B-depart_time.time I-airline_name B-airline_code B-airline_name
which airline is us,B-airline_code,B-depart_time.time I-airline_name B-airline_code B-airline_name
which airline is us,B-airline_code,B-depart_time.time I-airline_name B-airline_code B-airline_name
columbus to chicago one way before 10 am,B-fromloc.city_name B-toloc.city_name B-round_trip I-round_trip B-depart_time.time_relative B-depart_time.time I-depart_time.time,B-fromloc.city_name B-toloc.city_name B-toloc.city_name B-round_trip I-round_trip B-depart_time.time_relative B-depart_time.time I-depart_time.time
what airline is hp,B-airline_code,B-airline_code I-airline_name B-airline_code B-airline_code
st. petersburg to detroit,B-fromloc.city_name I-fromloc.city_name B-toloc.city_name,B-fromloc.city_name I-fromloc.city_name B-toloc.city_name B-toloc.city_name
from milwaukee to orlando one way after 5 pm wednesday,B-fromloc.city_name B-toloc.city_name B-round_trip I-round_trip B-depart_time.time_relative B-depart_time.time I-depart_time.time B-depart_date.day_name,B-fromloc.city_name B-fromloc.city_name B-toloc.city_name B-toloc.city_name B-round_trip I-round_trip B-depart_time.time_relative B-depart_time.time I-depart_time.time B-depart_date.day_name
and from milwaukee to atlanta before 10 am daily,B-fromloc.city_name B-toloc.city_name B-depart_time.time_relative B-depart_time.time I-depart_time.time B-flight_days,B-arrive_time.end_time B-fromloc.city_name B-fromloc.city_name B-toloc.city_name B-toloc.city_name B-depart_time.time_relative B-depart_time.time I-depart_time.time B-flight_days
what airline is <unk>,B-airline_code,B-airline_code I-airline_name B-airline_code B-mod
show me all flights from san jose to phoenix,B-fromloc.city_name I-fromloc.city_name B-toloc.city_name,B-airline_name B-cost_relative B-class_type I-flight_time B-fromloc.city_name B-fromloc.city_name I-fromloc.city_name B-toloc.city_name B-toloc.city_name
show me all flights from san jose to phoenix,B-fromloc.city_name I-fromloc.city_name B-toloc.city_name,B-airline_name B-cost_relative B-class_type I-flight_time B-fromloc.city_name B-fromloc.city_name I-fromloc.city_name B-toloc.city_name B-toloc.city_name
what airline is hp,B-airline_code,B-airline_code I-airline_name B-airline_code B-airline_code
show me ground transportation in phoenix,B-city_name,B-airline_name B-cost_relative B-city_name B-city_name B-city_name B-city_name
show me flights from phoenix to fort worth,B-fromloc.city_name B-toloc.city_name I-toloc.city_name,B-airline_name B-cost_relative B-fromloc.city_name B-fromloc.city_name B-fromloc.city_name B-toloc.city_name B-toloc.city_name I-toloc.city_name
show me ground transportation in fort worth,B-city_name I-city_name,B-airline_name B-cost_relative B-city_name B-city_name B-city_name B-city_name I-city_name
show me flights from fort worth to san jose,B-fromloc.city_name I-fromloc.city_name B-toloc.city_name I-toloc.city_name,B-airline_name B-cost_relative B-fromloc.city_name B-fromloc.city_name B-fromloc.city_name I-fromloc.city_name B-toloc.city_name B-toloc.city_name I-toloc.city_name
show me first class flights from new york to miami round trip,B-class_type I-class_type B-fromloc.city_name I-fromloc.city_name B-toloc.city_name B-round_trip I-round_trip,B-airline_name B-cost_relative B-class_type I-class_type I-flight_time B-fromloc.city_name B-fromloc.city_name I-fromloc.city_name B-toloc.city_name B-toloc.city_name B-round_trip I-round_trip
show me first class flights from new york to miami round trip,B-class_type I-class_type B-fromloc.city_name I-fromloc.city_name B-toloc.city_name B-round_trip I-round_trip,B-airline_name B-cost_relative B-class_type I-class_type I-flight_time B-fromloc.city_name B-fromloc.city_name I-fromloc.city_name B-toloc.city_name B-toloc.city_name B-round_trip I-round_trip
show me all round trip flights from new york to miami nonstop,B-round_trip I-round_trip B-fromloc.city_name I-fromloc.city_name B-toloc.city_name B-flight_stop,B-airline_name B-cost_relative B-class_type B-round_trip I-round_trip B-fromloc.city_name B-fromloc.city_name B-fromloc.city_name I-fromloc.city_name B-toloc.city_name B-toloc.city_name B-flight_stop
show me all round trip flights from miami to new york nonstop,B-round_trip I-round_trip B-fromloc.city_name B-toloc.city_name I-toloc.city_name B-flight_stop,B-airline_name B-cost_relative B-class_type B-round_trip I-round_trip B-fromloc.city_name B-fromloc.city_name B-fromloc.city_name B-toloc.city_name B-toloc.city_name I-toloc.city_name B-flight_stop
show me one way flights from indianapolis to memphis before 10 am on any day,B-round_trip I-round_trip B-fromloc.city_name B-toloc.city_name B-depart_time.time_relative B-depart_time.time I-depart_time.time,B-airline_name B-cost_relative B-round_trip I-round_trip B-fromloc.city_name B-fromloc.city_name B-fromloc.city_name B-toloc.city_name B-toloc.city_name B-depart_time.time_relative B-depart_time.time I-depart_time.time B-airline_name B-depart_date.day_name B-depart_time.time
what does fare code f mean,B-fare_basis_code,B-airline_code B-airline_code B-airline_code B-fare_basis_code B-fare_basis_code B-fare_basis_code
show me round trip flights from burbank to tacoma,B-round_trip I-round_trip B-fromloc.city_name B-toloc.city_name,B-airline_name B-cost_relative B-round_trip I-round_trip B-fromloc.city_name B-fromloc.city_name B-fromloc.city_name B-toloc.city_name B-toloc.city_name
what does the restriction <unk> mean,B-restriction_code,B-airline_code B-airline_code B-depart_date.today_relative B-restriction_code B-restriction_code B-restriction_code
what does fare code h mean,B-fare_basis_code,B-airline_code B-airline_code B-airline_code B-fare_basis_code B-fare_basis_code B-fare_basis_code
what airline is as,B-airline_code,B-airline_code I-airline_name B-airline_code B-airline_code
what airline is as,B-airline_code,B-airline_code I-airline_name B-airline_code B-airline_code
what airline is as,B-airline_code,B-airline_code I-airline_name B-airline_code B-airline_code
what airline is as as in <unk>,B-airline_code,B-airline_code I-airline_name B-airline_code B-airline_code B-airline_code B-fromloc.city_name B-flight_number
show me nonstop flights from st. petersburg to toronto,B-flight_stop B-fromloc.city_name I-fromloc.city_name B-toloc.city_name,B-airline_name B-cost_relative B-flight_stop B-flight_stop B-fromloc.city_name B-fromloc.city_name I-fromloc.city_name B-toloc.city_name B-toloc.city_name
show me nonstop flights from toronto to st. petersburg,B-flight_stop B-fromloc.city_name B-toloc.city_name I-toloc.city_name,B-airline_name B-cost_relative B-flight_stop B-flight_stop B-fromloc.city_name B-fromloc.city_name B-toloc.city_name B-toloc.city_name I-toloc.city_name
show me the nonstop flights and fares from toronto to st. petersburg,B-flight_stop B-fromloc.city_name B-toloc.city_name I-toloc.city_name,B-airline_name B-cost_relative B-depart_date.today_relative B-flight_stop B-flight_stop B-toloc.city_name B-toloc.city_name B-fromloc.city_name B-fromloc.city_name B-toloc.city_name B-toloc.city_name I-toloc.city_name
show me the nonstop flights from toronto to st. petersburg,B-flight_stop B-fromloc.city_name B-toloc.city_name I-toloc.city_name,B-airline_name B-cost_relative B-depart_date.today_relative B-flight_stop B-flight_stop B-fromloc.city_name B-fromloc.city_name B-toloc.city_name B-toloc.city_name I-toloc.city_name
show me weekday flights from milwaukee to orlando one way,B-flight_mod B-fromloc.city_name B-toloc.city_name B-round_trip I-round_trip,B-airline_name B-cost_relative B-flight_mod B-flight_time B-fromloc.city_name B-fromloc.city_name B-toloc.city_name B-toloc.city_name B-round_trip I-round_trip
show me weekday flights from milwaukee to orlando one way,B-flight_mod B-fromloc.city_name B-toloc.city_name B-round_trip I-round_trip,B-airline_name B-cost_relative B-flight_mod B-flight_time B-fromloc.city_name B-fromloc.city_name B-toloc.city_name B-toloc.city_name B-round_trip I-round_trip
what airline is hp,B-airline_code,B-airline_code I-airline_name B-airline_code B-airline_code
list flights from chicago to san diego,B-fromloc.city_name B-toloc.city_name I-toloc.city_name,B-depart_date.day_name B-fromloc.city_name B-fromloc.city_name B-fromloc.city_name B-toloc.city_name B-toloc.city_name I-toloc.city_name
list flights from chicago to san diego,B-fromloc.city_name B-toloc.city_name I-toloc.city_name,B-depart_date.day_name B-fromloc.city_name B-fromloc.city_name B-fromloc.city_name B-toloc.city_name B-toloc.city_name I-toloc.city_name
list flights from kansas city to denver,B-fromloc.city_name I-fromloc.city_name B-toloc.city_name,B-depart_date.day_name B-fromloc.city_name B-fromloc.city_name B-fromloc.city_name I-fromloc.city_name B-toloc.city_name B-toloc.city_name
list flights from denver to phoenix,B-fromloc.city_name B-toloc.city_name,B-depart_date.day_name B-fromloc.city_name B-fromloc.city_name B-fromloc.city_name B-toloc.city_name B-toloc.city_name
list flights from phoenix to las vegas,B-fromloc.city_name B-toloc.city_name I-toloc.city_name,B-depart_date.day_name B-fromloc.city_name B-fromloc.city_name B-fromloc.city_name B-toloc.city_name B-toloc.city_name I-toloc.city_name
list flights from las vegas to san diego,B-fromloc.city_name I-fromloc.city_name B-toloc.city_name I-toloc.city_name,B-depart_date.day_name B-fromloc.city_name B-fromloc.city_name B-fromloc.city_name I-fromloc.city_name B-toloc.city_name B-toloc.city_name I-toloc.city_name
list flights from chicago to kansas city in the morning,B-fromloc.city_name B-toloc.city_name I-toloc.city_name B-depart_time.period_of_day,B-depart_date.day_name B-fromloc.city_name B-fromloc.city_name B-fromloc.city_name B-toloc.city_name B-toloc.city_name I-toloc.city_name B-toloc.city_name B-depart_date.today_relative B-depart_time.period_of_day
list flights from houston to san jose,B-fromloc.city_name B-toloc.city_name I-toloc.city_name,B-depart_date.day_name B-fromloc.city_name B-fromloc.city_name B-fromloc.city_name B-toloc.city_name B-toloc.city_name I-toloc.city_name
list flights from houston to milwaukee,B-fromloc.city_name B-toloc.city_name,B-depart_date.day_name B-fromloc.city_name B-fromloc.city_name B-fromloc.city_name B-toloc.city_name B-toloc.city_name
list flights from milwaukee to san jose on wednesday,B-fromloc.city_name B-toloc.city_name I-toloc.city_name B-depart_date.day_name,B-depart_date.day_name B-fromloc.city_name B-fromloc.city_name B-fromloc.city_name B-toloc.city_name B-toloc.city_name I-toloc.city_name B-depart_date.month_name B-depart_date.day_name
list flights from san jose to dallas on friday,B-fromloc.city_name I-fromloc.city_name B-toloc.city_name B-depart_date.day_name,B-depart_date.day_name B-fromloc.city_name B-fromloc.city_name B-fromloc.city_name I-fromloc.city_name B-toloc.city_name B-toloc.city_name B-depart_date.month_name B-depart_date.day_name
list flights from dallas to houston,B-fromloc.city_name B-toloc.city_name,B-depart_date.day_name B-fromloc.city_name B-fromloc.city_name B-fromloc.city_name B-toloc.city_name B-toloc.city_name
list distance from airports to downtown in new york,B-city_name I-city_name,B-depart_date.day_name B-depart_date.day_name B-fromloc.city_name B-fromloc.airport_name B-toloc.city_name B-toloc.city_name B-toloc.city_name B-toloc.city_name I-toloc.city_name
list airports in new york,B-city_name I-city_name,B-depart_date.day_name B-depart_time.period_of_day B-city_name B-city_name I-city_name
list airports in new york,B-city_name I-city_name,B-depart_date.day_name B-depart_time.period_of_day B-city_name B-city_name I-city_name
list airports in la,B-city_name,B-depart_date.day_name B-depart_time.period_of_day B-city_name B-city_name
list airports,,B-depart_date.day_name B-depart_time.period_of_day
list airports in la,B-city_name,B-depart_date.day_name B-depart_time.period_of_day B-city_name B-city_name
list airports in la,B-city_name,B-depart_date.day_name B-depart_time.period_of_day B-city_name B-city_name
list the airports in la,B-city_name,B-depart_date.day_name B-depart_date.today_relative B-flight_time B-city_name B-city_name
list la,B-city_name,B-depart_date.day_name B-fromloc.airport_name
list la,B-city_name,B-depart_date.day_name B-fromloc.airport_name
list flights from new york to la,B-fromloc.city_name I-fromloc.city_name B-toloc.city_name,B-depart_date.day_name B-fromloc.city_name B-fromloc.city_name B-fromloc.city_name I-fromloc.city_name B-toloc.city_name B-toloc.city_name
list flights from la guardia to burbank,B-fromloc.airport_name I-fromloc.airport_name B-toloc.city_name,B-depart_date.day_name B-fromloc.city_name B-fromloc.city_name B-fromloc.city_name I-fromloc.airport_name B-toloc.city_name B-toloc.city_name
list flights from la to orlando,B-fromloc.city_name B-toloc.city_name,B-depart_date.day_name B-fromloc.city_name B-fromloc.city_name B-fromloc.city_name B-toloc.city_name B-toloc.city_name
list flights from ontario california to orlando,B-fromloc.city_name B-fromloc.state_name B-toloc.city_name,B-depart_date.day_name B-fromloc.city_name B-fromloc.city_name B-fromloc.city_name B-fromloc.state_name B-toloc.city_name B-toloc.city_name
list flights from ontario california to orlando,B-fromloc.city_name B-fromloc.state_name B-toloc.city_name,B-depart_date.day_name B-fromloc.city_name B-fromloc.city_name B-fromloc.city_name B-fromloc.state_name B-toloc.city_name B-toloc.city_name
list flights from indianapolis to memphis with fares on monday,B-fromloc.city_name B-toloc.city_name B-depart_date.day_name,B-depart_date.day_name B-fromloc.city_name B-fromloc.city_name B-fromloc.city_name B-toloc.city_name B-toloc.city_name B-flight_stop B-depart_time.period_of_day B-airline_name B-depart_date.day_name
list flights from indianapolis to memphis on monday,B-fromloc.city_name B-toloc.city_name B-depart_date.day_name,B-depart_date.day_name B-fromloc.city_name B-fromloc.city_name B-fromloc.city_name B-toloc.city_name B-toloc.city_name B-depart_date.month_name B-depart_date.day_name
list flights from memphis to miami on wednesday,B-fromloc.city_name B-toloc.city_name B-depart_date.day_name,B-depart_date.day_name B-fromloc.city_name B-fromloc.city_name B-fromloc.city_name B-toloc.city_name B-toloc.city_name B-depart_date.month_name B-depart_date.day_name
list flights from miami to indianapolis on sunday,B-fromloc.city_name B-toloc.city_name B-depart_date.day_name,B-depart_date.day_name B-fromloc.city_name B-fromloc.city_name B-fromloc.city_name B-toloc.city_name B-toloc.city_name B-depart_date.month_name B-depart_date.day_name
list flights from charlotte on saturday afternoon,B-fromloc.city_name B-depart_date.day_name B-depart_time.period_of_day,B-depart_date.day_name B-fromloc.city_name B-fromloc.city_name B-fromloc.city_name B-depart_date.month_name B-depart_date.day_name B-depart_time.period_of_day
list type of aircraft for all flights from charlotte,B-fromloc.city_name,B-depart_date.day_name B-depart_time.period_of_day I-toloc.city_name B-aircraft_code B-airline_code B-airline_name B-fromloc.city_name B-fromloc.city_name B-fromloc.city_name
list flights and fares from tacoma to orlando round trip leaving saturday returning next saturday,B-fromloc.city_name B-toloc.city_name B-round_trip I-round_trip B-depart_date.day_name B-return_date.date_relative B-return_date.day_name,B-depart_date.day_name B-fromloc.city_name B-depart_date.day_name B-depart_time.period_of_day B-fromloc.city_name B-fromloc.city_name B-toloc.city_name B-toloc.city_name B-round_trip I-round_trip B-fromloc.city_name B-depart_date.day_name B-depart_date.date_relative B-depart_date.date_relative B-depart_date.day_name
what class is fare code q,,B-airline_code I-class_type B-airline_code B-airline_code B-fare_basis_code B-fare_basis_code
list flights from orlando to tacoma on saturday of fare <unk> code of q,B-fromloc.city_name B-toloc.city_name B-depart_date.day_name B-fare_basis_code,B-depart_date.day_name B-fromloc.city_name B-fromloc.city_name B-fromloc.city_name B-toloc.city_name B-toloc.city_name B-airline_name B-depart_date.day_name B-depart_date.day_name B-depart_time.time B-depart_time.time B-fare_basis_code I-fromloc.city_name B-fare_basis_code
list airfares for first class round trip from detroit to st. petersburg,B-class_type I-class_type B-round_trip I-round_trip B-fromloc.city_name B-toloc.city_name I-toloc.city_name,B-depart_date.day_name B-depart_date.day_name B-airline_code B-class_type I-class_type B-round_trip I-round_trip B-fromloc.city_name B-fromloc.city_name B-toloc.city_name B-toloc.city_name I-toloc.city_name
list coach round trip airfare from detroit to st. petersburg,B-class_type B-round_trip I-round_trip B-fromloc.city_name B-toloc.city_name I-toloc.city_name,B-depart_date.day_name B-class_type B-round_trip I-round_trip I-round_trip B-fromloc.city_name B-fromloc.city_name B-toloc.city_name B-toloc.city_name I-toloc.city_name
list flights from pittsburgh to newark on monday morning,B-fromloc.city_name B-toloc.city_name B-depart_date.day_name B-depart_time.period_of_day,B-depart_date.day_name B-fromloc.city_name B-fromloc.city_name B-fromloc.city_name B-toloc.city_name B-toloc.city_name B-depart_date.month_name B-depart_date.day_name B-depart_time.period_of_day
list flights from minneapolis to pittsburgh on friday,B-fromloc.city_name B-toloc.city_name B-depart_date.day_name,B-depart_date.day_name B-fromloc.city_name B-fromloc.city_name B-fromloc.city_name B-toloc.city_name B-toloc.city_name B-depart_date.month_name B-depart_date.day_name
list flights before 9 am from cincinnati to tampa,B-depart_time.time_relative B-depart_time.time I-depart_time.time B-fromloc.city_name B-toloc.city_name,B-depart_date.day_name B-fromloc.city_name B-depart_time.time_relative B-depart_time.time I-depart_time.time B-fromloc.city_name B-fromloc.city_name B-toloc.city_name B-toloc.city_name
list flights from cincinnati to tampa before noon,B-fromloc.city_name B-toloc.city_name B-depart_time.time_relative B-depart_time.period_of_day,B-depart_date.day_name B-fromloc.city_name B-fromloc.city_name B-fromloc.city_name B-toloc.city_name B-toloc.city_name B-depart_time.time_relative B-depart_time.time
list flights from tampa to cincinnati after 3 pm,B-fromloc.city_name B-toloc.city_name B-depart_time.time_relative B-depart_time.time I-depart_time.time,B-depart_date.day_name B-fromloc.city_name B-fromloc.city_name B-fromloc.city_name B-toloc.city_name B-toloc.city_name B-depart_time.time_relative B-depart_time.time I-depart_time.time
list airlines that fly from seattle to salt lake city,B-fromloc.city_name B-toloc.city_name I-toloc.city_name I-toloc.city_name,B-depart_date.day_name I-airline_name I-airline_name B-airline_name B-fromloc.city_name B-fromloc.city_name B-toloc.city_name B-toloc.city_name I-toloc.city_name I-toloc.city_name
list delta flights from seattle to salt lake city,B-airline_name B-fromloc.city_name B-toloc.city_name I-toloc.city_name I-toloc.city_name,B-depart_date.day_name B-airline_name B-fromloc.city_name B-fromloc.city_name B-fromloc.city_name B-toloc.city_name B-toloc.city_name I-toloc.city_name I-toloc.city_name
list seating capacities of delta flights from seattle to salt lake city,B-airline_name B-fromloc.city_name B-toloc.city_name I-toloc.city_name I-toloc.city_name,B-depart_date.day_name B-airline_name B-aircraft_code B-aircraft_code B-airline_name I-flight_time B-fromloc.city_name B-fromloc.city_name B-toloc.city_name B-toloc.city_name I-toloc.city_name I-toloc.city_name
list delta flights from seattle to salt lake city with aircraft type,B-airline_name B-fromloc.city_name B-toloc.city_name I-toloc.city_name I-toloc.city_name,B-depart_date.day_name B-airline_name B-fromloc.city_name B-fromloc.city_name B-fromloc.city_name B-toloc.city_name B-toloc.city_name I-toloc.city_name I-toloc.city_name B-flight_stop B-flight_stop B-meal_description
what ground transportation is there in baltimore,B-city_name,B-airline_code B-city_name B-city_name B-city_name B-city_name B-city_name B-city_name
list ground transportation in baltimore,B-city_name,B-depart_date.day_name B-city_name B-city_name B-city_name B-city_name
list flights from baltimore to san francisco on friday,B-fromloc.city_name B-toloc.city_name I-toloc.city_name B-depart_date.day_name,B-depart_date.day_name B-fromloc.city_name B-fromloc.city_name B-fromloc.city_name B-toloc.city_name B-toloc.city_name I-toloc.city_name B-depart_date.month_name B-depart_date.day_name
give me the flights from los angeles to pittsburgh on tuesday,B-fromloc.city_name I-fromloc.city_name B-toloc.city_name B-depart_date.day_name,B-airline_name B-airline_name B-depart_date.today_relative B-flight_time B-fromloc.city_name B-fromloc.city_name I-fromloc.city_name B-toloc.city_name B-toloc.city_name B-depart_date.month_name B-depart_date.day_name
give me the flights from pittsburgh to los angeles thursday evening,B-fromloc.city_name B-toloc.city_name I-toloc.city_name B-depart_date.day_name B-depart_time.period_of_day,B-airline_name B-airline_name B-depart_date.today_relative B-flight_time B-fromloc.city_name B-fromloc.city_name B-toloc.city_name B-toloc.city_name I-toloc.city_name B-depart_date.day_name B-depart_time.period_of_day
give me the round trip flights from cleveland to miami next wednesday,B-round_trip I-round_trip B-fromloc.city_name B-toloc.city_name B-depart_date.date_relative B-depart_date.day_name,B-airline_name B-airline_name B-depart_date.today_relative B-round_trip I-round_trip B-fromloc.city_name B-fromloc.city_name B-fromloc.city_name B-toloc.city_name B-toloc.city_name B-depart_date.date_relative B-depart_date.day_name
give me the fares for round trip flights from cleveland to miami next wednesday,B-round_trip I-round_trip B-fromloc.city_name B-toloc.city_name B-depart_date.date_relative B-depart_date.day_name,B-airline_name B-airline_name B-depart_date.today_relative B-flight_time B-airline_name B-round_trip I-round_trip B-fromloc.city_name B-fromloc.city_name B-fromloc.city_name B-toloc.city_name B-toloc.city_name B-depart_date.date_relative B-depart_date.day_name
give me the flights and fares for a trip to cleveland from miami on wednesday,B-toloc.city_name B-fromloc.city_name B-depart_date.day_name,B-airline_name B-airline_name B-depart_date.today_relative B-flight_time B-flight_mod B-depart_time.period_of_day B-airline_name B-depart_time.period_of_day I-round_trip B-toloc.city_name B-toloc.city_name B-fromloc.city_name B-fromloc.city_name B-airline_name B-depart_date.day_name
give me the fares from miami to cleveland next sunday,B-fromloc.city_name B-toloc.city_name B-depart_date.date_relative B-depart_date.day_name,B-airline_name B-airline_name B-depart_date.today_relative B-flight_time B-fromloc.city_name B-fromloc.city_name B-toloc.city_name B-toloc.city_name B-depart_date.date_relative B-depart_date.day_name
give me the flights from milwaukee to phoenix on saturday or sunday on american airlines,B-fromloc.city_name B-toloc.city_name B-depart_date.day_name B-or B-depart_date.day_name B-airline_name I-airline_name,B-airline_name B-airline_name B-depart_date.today_relative B-flight_time B-fromloc.city_name B-fromloc.city_name B-toloc.city_name B-toloc.city_name B-depart_date.month_name B-depart_date.day_name B-or B-depart_date.day_name B-depart_date.month_name B-airline_name I-airline_name
give me the flights from phoenix to milwaukee on wednesday evening,B-fromloc.city_name B-toloc.city_name B-depart_date.day_name B-depart_time.period_of_day,B-airline_name B-airline_name B-depart_date.today_relative B-flight_time B-fromloc.city_name B-fromloc.city_name B-toloc.city_name B-toloc.city_name B-depart_date.month_name B-depart_date.day_name B-depart_time.period_of_day
give me the flights from phoenix to milwaukee on wednesday on american airlines,B-fromloc.city_name B-toloc.city_name B-depart_date.day_name B-airline_name I-airline_name,B-airline_name B-airline_name B-depart_date.today_relative B-flight_time B-fromloc.city_name B-fromloc.city_name B-toloc.city_name B-toloc.city_name B-depart_date.month_name B-depart_date.day_name B-depart_date.month_name B-airline_name I-airline_name
give me the flights from phoenix to milwaukee on american airlines,B-fromloc.city_name B-toloc.city_name B-airline_name I-airline_name,B-airline_name B-airline_name B-depart_date.today_relative B-flight_time B-fromloc.city_name B-fromloc.city_name B-toloc.city_name B-toloc.city_name B-depart_date.month_name B-airline_name I-airline_name
give me the flights from phoenix to milwaukee,B-fromloc.city_name B-toloc.city_name,B-airline_name B-airline_name B-depart_date.today_relative B-flight_time B-fromloc.city_name B-fromloc.city_name B-toloc.city_name B-toloc.city_name
give me the meal flights departing early saturday morning from chicago to seattle nonstop,B-meal B-depart_time.period_mod B-depart_date.day_name B-depart_time.period_of_day B-fromloc.city_name B-toloc.city_name B-flight_stop,B-airline_name B-airline_name B-depart_date.today_relative B-meal B-fromloc.city_name B-fromloc.city_name B-depart_time.period_of_day B-depart_date.day_name B-depart_time.period_of_day B-fromloc.city_name B-fromloc.city_name B-toloc.city_name B-toloc.city_name B-flight_stop
give me the flights from chicago to seattle saturday morning that have meals,B-fromloc.city_name B-toloc.city_name B-depart_date.day_name B-depart_time.period_of_day B-meal,B-airline_name B-airline_name B-depart_date.today_relative B-flight_time B-fromloc.city_name B-fromloc.city_name B-toloc.city_name B-toloc.city_name B-depart_date.day_name B-depart_time.period_of_day B-depart_date.day_name B-depart_date.day_name B-meal
give me flights from seattle to chicago that have meals on continental,B-fromloc.city_name B-toloc.city_name B-meal B-airline_name,B-airline_name B-airline_name B-flight_time B-fromloc.city_name B-fromloc.city_name B-toloc.city_name B-toloc.city_name I-toloc.city_name B-depart_date.day_name B-meal B-airline_name B-airline_name
give me the flights from seattle to chicago that have meals on continental saturday morning,B-fromloc.city_name B-toloc.city_name B-meal B-airline_name B-depart_date.day_name B-depart_time.period_of_day,B-airline_name B-airline_name B-depart_date.today_relative B-flight_time B-fromloc.city_name B-fromloc.city_name B-toloc.city_name B-toloc.city_name I-toloc.city_name B-depart_date.day_name B-meal B-airline_name B-airline_name B-depart_date.day_name B-depart_time.period_of_day
give me the flights from chicago to seattle on continental that have meals early saturday morning,B-fromloc.city_name B-toloc.city_name B-airline_name B-meal B-depart_time.period_mod B-depart_date.day_name B-depart_time.period_of_day,B-airline_name B-airline_name B-depart_date.today_relative B-flight_time B-fromloc.city_name B-fromloc.city_name B-toloc.city_name B-toloc.city_name B-depart_date.month_name B-airline_name B-airline_name B-depart_date.day_name B-meal B-depart_time.period_of_day B-depart_date.day_name B-depart_time.period_of_day
give me a <unk> of continental flights from chicago to seattle that have meals early saturday morning,B-airline_name B-fromloc.city_name B-toloc.city_name B-meal B-depart_time.period_mod B-depart_date.day_name B-depart_time.period_of_day,B-airline_name B-airline_name B-depart_time.period_of_day B-aircraft_code B-transport_type B-airline_name I-flight_time B-fromloc.city_name B-fromloc.city_name B-toloc.city_name B-toloc.city_name I-toloc.city_name B-depart_date.day_name B-meal B-depart_time.period_of_day B-depart_date.day_name B-depart_time.period_of_day
give me the saturday morning flights with meals from chicago to minneapolis,B-depart_date.day_name B-depart_time.period_of_day B-meal B-fromloc.city_name B-toloc.city_name,B-airline_name B-airline_name B-depart_date.today_relative B-depart_date.day_name B-depart_time.period_of_day I-flight_time B-depart_date.day_name B-meal B-fromloc.city_name B-fromloc.city_name B-toloc.city_name B-toloc.city_name
give me the saturday morning flights on continental that have meals from chicago to minneapolis,B-depart_date.day_name B-depart_time.period_of_day B-airline_name B-meal B-fromloc.city_name B-toloc.city_name,B-airline_name B-airline_name B-depart_date.today_relative B-depart_date.day_name B-depart_time.period_of_day I-flight_time B-depart_date.month_name B-airline_name B-airline_name B-depart_date.day_name B-meal B-fromloc.city_name B-fromloc.city_name B-toloc.city_name B-toloc.city_name
give me the saturday morning flights from chicago to st. paul on continental that have meals,B-depart_date.day_name B-depart_time.period_of_day B-fromloc.city_name B-toloc.city_name I-toloc.city_name B-airline_name B-meal,B-airline_name B-airline_name B-depart_date.today_relative B-depart_date.day_name B-depart_time.period_of_day I-flight_time B-fromloc.city_name B-fromloc.city_name B-toloc.city_name B-toloc.city_name I-toloc.city_name B-depart_date.month_name B-airline_name B-airline_name B-depart_date.day_name B-meal
give me the flights from new york to las vegas nonstop,B-fromloc.city_name I-fromloc.city_name B-toloc.city_name I-toloc.city_name B-flight_stop,B-airline_name B-airline_name B-depart_date.today_relative B-flight_time B-fromloc.city_name B-fromloc.city_name I-fromloc.city_name B-toloc.city_name B-toloc.city_name I-toloc.city_name B-flight_stop
give me the flights from memphis to las vegas nonstop,B-fromloc.city_name B-toloc.city_name I-toloc.city_name B-flight_stop,B-airline_name B-airline_name B-depart_date.today_relative B-flight_time B-fromloc.city_name B-fromloc.city_name B-toloc.city_name B-toloc.city_name I-toloc.city_name B-flight_stop
give me the cheapest round trip flights from indianapolis to orlando around december twenty fifth,B-cost_relative B-round_trip I-round_trip B-fromloc.city_name B-toloc.city_name B-depart_time.time_relative B-depart_date.month_name B-depart_date.day_number I-depart_date.day_number,B-airline_name B-airline_name B-depart_date.today_relative B-cost_relative B-round_trip I-round_trip B-fromloc.city_name B-fromloc.city_name B-fromloc.city_name B-toloc.city_name B-toloc.city_name B-depart_time.time_relative B-depart_time.time B-depart_date.day_number I-depart_date.day_number
i need a friday flight from newark to tampa,B-depart_date.day_name B-fromloc.city_name B-toloc.city_name,B-fromloc.city_name B-class_type B-flight_mod B-depart_date.day_name B-flight_time B-fromloc.city_name B-fromloc.city_name B-toloc.city_name B-toloc.city_name
i need a sunday flight from tampa to charlotte,B-depart_date.day_name B-fromloc.city_name B-toloc.city_name,B-fromloc.city_name B-class_type B-flight_mod B-depart_date.day_name B-flight_time B-fromloc.city_name B-fromloc.city_name B-toloc.city_name B-toloc.city_name
give me a flight from charlotte to baltimore on tuesday morning,B-fromloc.city_name B-toloc.city_name B-depart_date.day_name B-depart_time.period_of_day,B-airline_name B-airline_name B-depart_time.period_of_day B-flight_time B-fromloc.city_name B-fromloc.city_name B-toloc.city_name B-toloc.city_name B-depart_date.month_name B-depart_date.day_name B-depart_time.period_of_day
can i have a morning flight from baltimore to newark please,B-depart_time.period_of_day B-fromloc.city_name B-toloc.city_name,B-airline_name B-city_name B-fromloc.city_name B-depart_time.period_of_day B-depart_time.period_of_day B-flight_time B-fromloc.city_name B-fromloc.city_name B-toloc.city_name B-toloc.city_name I-toloc.city_name
cheapest round trip fare from or indianapolis to orlando on december twenty fifth,B-cost_relative B-round_trip I-round_trip B-fromloc.city_name B-toloc.city_name B-depart_date.month_name B-depart_date.day_number I-depart_date.day_number,B-cost_relative B-round_trip I-round_trip I-round_trip B-fromloc.city_name B-or B-fromloc.city_name B-toloc.city_name B-toloc.city_name B-depart_date.month_name B-depart_date.month_name B-depart_date.day_number I-depart_date.day_number
cheapest one way fare from indianapolis to orlando on december twenty seventh,B-cost_relative B-round_trip I-round_trip B-fromloc.city_name B-toloc.city_name B-depart_date.month_name B-depart_date.day_number I-depart_date.day_number,B-cost_relative B-round_trip I-round_trip I-round_trip B-fromloc.city_name B-fromloc.city_name B-toloc.city_name B-toloc.city_name B-depart_date.month_name B-depart_date.month_name B-depart_date.day_number I-depart_date.day_number
flight number from dallas to houston,B-fromloc.city_name B-toloc.city_name,B-flight_time B-flight_number B-fromloc.city_name B-fromloc.city_name B-toloc.city_name B-toloc.city_name
flight number from houston to dallas,B-fromloc.city_name B-toloc.city_name,B-flight_time B-flight_number B-fromloc.city_name B-fromloc.city_name B-toloc.city_name B-toloc.city_name
saturday flight on american airlines from milwaukee to phoenix,B-depart_date.day_name B-airline_name I-airline_name B-fromloc.city_name B-toloc.city_name,B-depart_date.day_name B-flight_time B-airline_name B-airline_name I-airline_name B-fromloc.city_name B-fromloc.city_name B-toloc.city_name B-toloc.city_name
flight numbers on american airlines from phoenix to milwaukee,B-airline_name I-airline_name B-fromloc.city_name B-toloc.city_name,B-flight_time B-flight_number B-airline_name B-airline_name I-airline_name B-fromloc.city_name B-fromloc.city_name B-toloc.city_name B-toloc.city_name
flight numbers from chicago to seattle,B-fromloc.city_name B-toloc.city_name,B-flight_time B-flight_number B-fromloc.city_name B-fromloc.city_name B-toloc.city_name B-toloc.city_name
flight numbers from chicago to seattle on continental,B-fromloc.city_name B-toloc.city_name B-airline_name,B-flight_time B-flight_number B-fromloc.city_name B-fromloc.city_name B-toloc.city_name B-toloc.city_name B-depart_date.month_name B-airline_name
flight numbers from seattle to chicago on continental,B-fromloc.city_name B-toloc.city_name B-airline_name,B-flight_time B-flight_number B-fromloc.city_name B-fromloc.city_name B-toloc.city_name B-toloc.city_name B-depart_date.month_name B-airline_name
is there a fare from pittsburgh to cleveland under 200 dollars,B-fromloc.city_name B-toloc.city_name B-cost_relative B-fare_amount I-fare_amount,B-airline_code B-airline_code B-depart_time.period_of_day B-aircraft_code B-fromloc.city_name B-fromloc.city_name B-toloc.city_name B-toloc.city_name B-cost_relative B-fare_amount I-fare_amount
how much is coach flight from pittsburgh to atlanta,B-class_type B-fromloc.city_name B-toloc.city_name,B-city_name B-transport_type B-airport_code B-class_type B-flight_time B-fromloc.city_name B-fromloc.city_name B-toloc.city_name B-toloc.city_name
newark to tampa on friday,B-fromloc.city_name B-toloc.city_name B-depart_date.day_name,B-fromloc.city_name B-toloc.city_name B-toloc.city_name B-depart_date.month_name B-depart_date.day_name
tampa to charlotte sunday morning,B-fromloc.city_name B-toloc.city_name B-depart_date.day_name B-depart_time.period_of_day,B-fromloc.city_name B-toloc.city_name B-toloc.city_name B-depart_date.day_name B-depart_time.period_of_day
charlotte to baltimore on tuesday,B-fromloc.city_name B-toloc.city_name B-depart_date.day_name,B-fromloc.city_name B-toloc.city_name B-toloc.city_name B-depart_date.month_name B-depart_date.day_name
baltimore to newark wednesday morning,B-fromloc.city_name B-toloc.city_name B-depart_date.day_name B-depart_time.period_of_day,B-fromloc.city_name B-toloc.city_name B-toloc.city_name B-depart_date.day_name B-depart_time.period_of_day
dallas to houston after <unk> am,B-fromloc.city_name B-toloc.city_name B-depart_time.time_relative B-depart_time.time I-depart_time.time,B-fromloc.city_name B-toloc.city_name B-toloc.city_name B-depart_time.time_relative B-depart_time.time I-depart_time.time
houston to dallas before midnight,B-fromloc.city_name B-toloc.city_name B-depart_time.time_relative B-depart_time.period_of_day,B-city_name B-toloc.city_name B-toloc.city_name B-depart_time.time_relative B-depart_time.period_of_day
indianapolis to orlando december twenty seventh,B-fromloc.city_name B-toloc.city_name B-depart_date.month_name B-depart_date.day_number I-depart_date.day_number,B-fromloc.city_name B-toloc.city_name B-toloc.city_name I-toloc.city_name B-depart_date.day_number I-depart_date.day_number
cheapest fare from indianapolis to orlando on the twenty seventh of december,B-cost_relative B-fromloc.city_name B-toloc.city_name B-depart_date.day_number I-depart_date.day_number B-depart_date.month_name,B-cost_relative I-fare_basis_code B-fromloc.city_name B-fromloc.city_name B-toloc.city_name B-toloc.city_name B-depart_date.month_name B-depart_date.today_relative B-depart_date.day_number I-depart_date.day_number I-depart_date.day_number B-depart_date.month_name
cheapest fare round trip from indianapolis to orlando on december twenty seventh,B-cost_relative B-round_trip I-round_trip B-fromloc.city_name B-toloc.city_name B-depart_date.month_name B-depart_date.day_number I-depart_date.day_number,B-cost_relative I-fare_basis_code B-round_trip I-round_trip B-fromloc.city_name B-fromloc.city_name B-toloc.city_name B-toloc.city_name B-depart_date.month_name B-depart_date.month_name B-depart_date.day_number I-depart_date.day_number
cleveland to miami on wednesday arriving before 4 pm,B-fromloc.city_name B-toloc.city_name B-depart_date.day_name B-arrive_time.time_relative B-arrive_time.time I-arrive_time.time,B-fromloc.city_name B-toloc.city_name B-toloc.city_name B-airline_name B-depart_date.day_name B-depart_date.day_name B-arrive_time.time_relative B-arrive_time.time I-arrive_time.time
miami to cleveland sunday afternoon,B-fromloc.city_name B-toloc.city_name B-depart_date.day_name B-depart_time.period_of_day,B-fromloc.city_name B-toloc.city_name B-toloc.city_name B-depart_date.day_name B-depart_time.period_of_day
new york city to las vegas and memphis to las vegas on sunday,B-fromloc.city_name I-fromloc.city_name I-fromloc.city_name B-toloc.city_name I-toloc.city_name B-fromloc.city_name B-toloc.city_name I-toloc.city_name B-depart_date.day_name,B-fromloc.city_name I-fromloc.city_name I-fromloc.city_name B-toloc.city_name B-toloc.city_name I-toloc.city_name B-toloc.state_name B-fromloc.city_name B-toloc.city_name B-toloc.city_name I-toloc.city_name B-airline_name B-depart_date.day_name
new york city to las vegas and memphis to las vegas on sunday,B-fromloc.city_name I-fromloc.city_name I-fromloc.city_name B-toloc.city_name I-toloc.city_name B-fromloc.city_name B-toloc.city_name I-toloc.city_name B-depart_date.day_name,B-fromloc.city_name I-fromloc.city_name I-fromloc.city_name B-toloc.city_name B-toloc.city_name I-toloc.city_name B-toloc.state_name B-fromloc.city_name B-toloc.city_name B-toloc.city_name I-toloc.city_name B-airline_name B-depart_date.day_name
new york to las vegas sunday afternoon,B-fromloc.city_name I-fromloc.city_name B-toloc.city_name I-toloc.city_name B-depart_date.day_name B-depart_time.period_of_day,B-fromloc.city_name I-fromloc.city_name B-toloc.city_name B-toloc.city_name I-toloc.city_name B-depart_date.day_name B-depart_time.period_of_day
memphis to las vegas sunday afternoon,B-fromloc.city_name B-toloc.city_name I-toloc.city_name B-depart_date.day_name B-depart_time.period_of_day,B-fromloc.city_name B-toloc.city_name B-toloc.city_name I-toloc.city_name B-depart_date.day_name B-depart_time.period_of_day
new york to las vegas on sunday afternoon,B-fromloc.city_name I-fromloc.city_name B-toloc.city_name I-toloc.city_name B-depart_date.day_name B-depart_time.period_of_day,B-fromloc.city_name I-fromloc.city_name B-toloc.city_name B-toloc.city_name I-toloc.city_name B-airline_name B-depart_date.day_name B-depart_time.period_of_day
chicago to seattle saturday morning,B-fromloc.city_name B-toloc.city_name B-depart_date.day_name B-depart_time.period_of_day,B-fromloc.city_name B-toloc.city_name B-toloc.city_name B-depart_date.day_name B-depart_time.period_of_day
chicago to las vegas saturday morning,B-fromloc.city_name B-toloc.city_name I-toloc.city_name B-depart_date.day_name B-depart_time.period_of_day,B-fromloc.city_name B-toloc.city_name B-toloc.city_name I-toloc.city_name B-depart_date.day_name B-depart_time.period_of_day
los angeles to pittsburgh afternoon tuesday,B-fromloc.city_name I-fromloc.city_name B-toloc.city_name B-depart_time.period_of_day B-depart_date.day_name,B-fromloc.city_name I-toloc.city_name B-toloc.city_name B-toloc.city_name B-depart_time.period_of_day B-depart_date.day_name
los angeles to pittsburgh afternoon on monday,B-fromloc.city_name I-fromloc.city_name B-toloc.city_name B-depart_time.period_of_day B-depart_date.day_name,B-fromloc.city_name I-toloc.city_name B-toloc.city_name B-toloc.city_name B-depart_time.period_of_day B-airline_name B-depart_date.day_name
pittsburgh to los angeles thursday evening,B-fromloc.city_name B-toloc.city_name I-toloc.city_name B-depart_date.day_name B-depart_time.period_of_day,B-fromloc.city_name B-toloc.city_name B-toloc.city_name I-toloc.city_name B-depart_date.day_name B-depart_time.period_of_day
milwaukee to phoenix on saturday,B-fromloc.city_name B-toloc.city_name B-depart_date.day_name,B-city_name B-toloc.city_name B-toloc.city_name B-depart_date.month_name B-depart_date.day_name
phoenix to milwaukee on sunday,B-fromloc.city_name B-toloc.city_name B-depart_date.day_name,B-fromloc.city_name B-toloc.city_name B-toloc.city_name B-airline_name B-depart_date.day_name
phoenix to milwaukee on wednesday,B-fromloc.city_name B-toloc.city_name B-depart_date.day_name,B-fromloc.city_name B-toloc.city_name B-toloc.city_name B-airline_name B-depart_date.day_name
a flight from baltimore to san francisco arriving between 5 and 8 pm,B-fromloc.city_name B-toloc.city_name I-toloc.city_name B-arrive_time.start_time B-arrive_time.end_time I-arrive_time.end_time,B-depart_time.period_of_day B-flight_time B-fromloc.city_name B-fromloc.city_name B-toloc.city_name B-toloc.city_name I-toloc.city_name B-arrive_time.time_relative B-arrive_time.start_time B-arrive_time.start_time B-arrive_time.end_time B-arrive_time.end_time I-arrive_time.end_time
how many northwest flights leave st. paul,B-airline_name B-fromloc.city_name I-fromloc.city_name,B-city_name B-depart_time.period_of_day B-airline_name B-fromloc.city_name B-fromloc.city_name B-fromloc.city_name I-fromloc.city_name
how many northwest flights leave washington dc,B-airline_name B-fromloc.city_name B-fromloc.state_code,B-city_name B-depart_time.period_of_day B-airline_name B-fromloc.city_name B-fromloc.city_name B-fromloc.city_name B-fromloc.state_code
how many flights does northwest have leaving dulles,B-airline_name B-fromloc.airport_name,B-city_name B-depart_time.period_of_day B-fromloc.city_name B-airline_code B-airline_name B-airline_name B-fromloc.city_name B-depart_time.time
what cities does northwest fly out of,B-airline_name,B-airline_code B-fare_basis_code B-airline_code B-airline_name B-airline_name I-airline_name I-fromloc.city_name
list the cities from which northwest flies,B-airline_name,B-depart_date.day_name B-depart_date.today_relative I-flight_mod B-fromloc.city_name B-fromloc.airport_name B-airline_name I-fromloc.airport_name
what cities does northwest fly to,B-airline_name,B-airline_code B-fare_basis_code B-airline_code B-airline_name B-airline_name B-toloc.city_name
i would like a connecting flight from dallas to san francisco leaving after 4 o'clock,B-connect B-fromloc.city_name B-toloc.city_name I-toloc.city_name B-depart_time.time_relative B-depart_time.time I-depart_time.time,B-fromloc.city_name B-fromloc.city_name B-flight_mod B-depart_time.period_of_day B-connect I-flight_time B-fromloc.city_name B-fromloc.city_name B-toloc.city_name B-toloc.city_name I-toloc.city_name B-fromloc.city_name B-depart_time.time_relative B-depart_time.time I-depart_time.time
please list all the flights from dallas to san francisco,B-fromloc.city_name B-toloc.city_name I-toloc.city_name,B-cost_relative B-aircraft_code B-airline_name B-depart_date.today_relative B-flight_time B-fromloc.city_name B-fromloc.city_name B-toloc.city_name B-toloc.city_name I-toloc.city_name
tell me again the morning flights on american airlines from philadelphia to dallas,B-depart_time.period_of_day B-airline_name I-airline_name B-fromloc.city_name B-toloc.city_name,B-fromloc.airport_name B-airport_code B-airline_name B-depart_date.today_relative B-depart_time.period_of_day I-flight_time B-airline_name B-airline_name I-airline_name B-fromloc.city_name B-fromloc.city_name B-toloc.city_name B-toloc.city_name
tell me the flights that leave philadelphia and go to dallas,B-fromloc.city_name B-toloc.city_name,B-fromloc.airport_name B-airport_code B-depart_date.today_relative B-flight_time B-airline_name B-fromloc.city_name B-fromloc.city_name B-toloc.city_name B-toloc.city_name B-toloc.city_name B-toloc.city_name
what is a d9s,B-aircraft_code,B-airline_code B-airline_code B-airline_code B-aircraft_code
what type of plane is a d9s,B-aircraft_code,B-airline_code B-depart_time.period_of_day I-flight_time I-flight_time B-airline_code B-aircraft_code B-aircraft_code
what is a d9s,B-aircraft_code,B-airline_code B-airline_code B-airline_code B-aircraft_code
show me the airports serviced by tower air,B-airline_name I-airline_name,B-airline_name B-cost_relative B-depart_date.today_relative B-flight_time B-flight_time B-airport_name B-airport_name I-airline_name
show me the first class and coach flights between jfk and orlando,B-class_type I-class_type B-class_type B-fromloc.airport_code B-toloc.city_name,B-airline_name B-cost_relative B-depart_date.today_relative B-class_type I-class_type I-class_type B-class_type B-fromloc.city_name B-fromloc.city_name B-fromloc.airport_code B-depart_time.start_time B-toloc.city_name
show me the first class and coach flights from <unk> airport to miami,B-class_type I-class_type B-class_type B-fromloc.airport_name I-fromloc.airport_name B-toloc.city_name,B-airline_name B-cost_relative B-depart_date.today_relative B-class_type I-class_type I-class_type B-class_type B-fromloc.city_name B-fromloc.city_name B-fromloc.city_name I-fromloc.airport_name B-toloc.city_name B-toloc.city_name
show me the first class and coach flights from jfk to miami,B-class_type I-class_type B-class_type B-fromloc.airport_code B-toloc.city_name,B-airline_name B-cost_relative B-depart_date.today_relative B-class_type I-class_type I-class_type B-class_type B-fromloc.city_name B-fromloc.city_name B-fromloc.airport_code B-toloc.city_name B-toloc.city_name
are meals <unk> served on tower air,B-meal B-airline_name I-airline_name,B-fromloc.city_name B-meal B-meal B-transport_type B-airline_name B-airline_name I-airline_name
are <unk> served on tower air,B-meal_description B-airline_name I-airline_name,B-fromloc.city_name B-fromloc.city_name B-airline_name B-airline_name B-airline_name I-airline_name
show delta airlines flights from jfk to miami,B-airline_name I-airline_name B-fromloc.airport_code B-toloc.city_name,B-airline_name B-airline_name I-airline_name B-fromloc.city_name B-fromloc.city_name B-fromloc.airport_code B-toloc.city_name B-toloc.city_name
show delta airlines from boston to salt lake,B-airline_name I-airline_name B-fromloc.city_name B-toloc.city_name I-toloc.city_name,B-airline_name B-airline_name I-airline_name B-fromloc.city_name B-fromloc.city_name B-toloc.city_name B-toloc.city_name I-toloc.city_name
show delta airlines flights from boston to salt lake,B-airline_name I-airline_name B-fromloc.city_name B-toloc.city_name I-toloc.city_name,B-airline_name B-airline_name I-airline_name B-fromloc.city_name B-fromloc.city_name B-fromloc.city_name B-toloc.city_name B-toloc.city_name I-toloc.city_name
show delta airlines flights from boston to salt lake city,B-airline_name I-airline_name B-fromloc.city_name B-toloc.city_name I-toloc.city_name I-toloc.city_name,B-airline_name B-airline_name I-airline_name B-fromloc.city_name B-fromloc.city_name B-fromloc.city_name B-toloc.city_name B-toloc.city_name I-toloc.city_name I-toloc.city_name
what are the fares for flights between boston and washington dc,B-fromloc.city_name B-toloc.city_name B-toloc.state_code,B-airline_code B-fromloc.city_name B-depart_date.today_relative B-depart_time.period_of_day B-airline_name B-fromloc.city_name B-fromloc.city_name B-fromloc.city_name B-toloc.city_name B-toloc.city_name B-toloc.state_code
what is the least expensive fare from boston to salt lake city,B-cost_relative I-cost_relative B-fromloc.city_name B-toloc.city_name I-toloc.city_name I-toloc.city_name,B-airline_code B-airline_code B-depart_date.today_relative B-cost_relative I-cost_relative I-cost_relative B-fromloc.city_name B-fromloc.city_name B-toloc.city_name B-toloc.city_name I-toloc.city_name I-toloc.city_name
what are the lowest fares from washington dc to salt lake city,B-cost_relative B-fromloc.city_name B-fromloc.state_code B-toloc.city_name I-toloc.city_name I-toloc.city_name,B-airline_code B-fromloc.city_name B-depart_date.today_relative B-cost_relative B-cost_relative B-fromloc.city_name B-fromloc.city_name B-fromloc.state_code B-toloc.city_name B-toloc.city_name I-toloc.city_name I-toloc.city_name
what is the lowest fare from bwi to salt lake city,B-cost_relative B-fromloc.airport_code B-toloc.city_name I-toloc.city_name I-toloc.city_name,B-airline_code B-airline_code B-depart_date.today_relative B-cost_relative I-cost_relative B-fromloc.city_name B-fromloc.airport_code B-toloc.city_name B-toloc.city_name I-toloc.city_name I-toloc.city_name
show me the cost of a first class ticket from detroit to las vegas and back,B-class_type I-class_type B-fromloc.city_name B-toloc.city_name I-toloc.city_name B-round_trip,B-airline_name B-cost_relative B-depart_date.today_relative I-cost_relative B-transport_type B-aircraft_code B-class_type I-class_type I-class_type B-fromloc.city_name B-fromloc.city_name B-toloc.city_name B-toloc.city_name I-toloc.city_name B-toloc.state_name B-meal_description
what is the earliest arriving flight from boston to washington dc,B-flight_mod I-flight_mod B-fromloc.city_name B-toloc.city_name B-toloc.state_code,B-airline_code B-airline_code B-depart_date.today_relative B-flight_mod B-flight_mod B-flight_time B-fromloc.city_name B-fromloc.city_name B-toloc.city_name B-toloc.city_name B-toloc.state_code
what is the earliest arriving flight between boston and washington dc,B-flight_mod I-flight_mod B-fromloc.city_name B-toloc.city_name B-toloc.state_code,B-airline_code B-airline_code B-depart_date.today_relative B-flight_mod B-flight_mod B-flight_time B-fromloc.city_name B-fromloc.city_name B-toloc.city_name B-toloc.city_name B-toloc.state_code
what 's the earliest arriving flight between boston and washington dc,B-flight_mod I-flight_mod B-fromloc.city_name B-toloc.city_name B-toloc.state_code,B-airline_code B-airline_code B-depart_date.today_relative B-flight_mod B-flight_mod B-flight_time B-fromloc.city_name B-fromloc.city_name B-toloc.city_name B-toloc.city_name B-toloc.state_code
what is the earliest arriving flight from houston to orlando,B-flight_mod I-flight_mod B-fromloc.city_name B-toloc.city_name,B-airline_code B-airline_code B-depart_date.today_relative B-flight_mod B-flight_mod B-flight_time B-fromloc.city_name B-fromloc.city_name B-toloc.city_name B-toloc.city_name
what is the earliest arriving flight from houston to orlando,B-flight_mod I-flight_mod B-fromloc.city_name B-toloc.city_name,B-airline_code B-airline_code B-depart_date.today_relative B-flight_mod B-flight_mod B-flight_time B-fromloc.city_name B-fromloc.city_name B-toloc.city_name B-toloc.city_name
show me the flights between houston and orlando,B-fromloc.city_name B-toloc.city_name,B-airline_name B-cost_relative B-depart_date.today_relative B-flight_time B-fromloc.city_name B-fromloc.city_name B-toloc.city_name B-toloc.city_name
show me the flights between houston and orlando,B-fromloc.city_name B-toloc.city_name,B-airline_name B-cost_relative B-depart_date.today_relative B-flight_time B-fromloc.city_name B-fromloc.city_name B-toloc.city_name B-toloc.city_name
show me the flights from houston to orlando,B-fromloc.city_name B-toloc.city_name,B-airline_name B-cost_relative B-depart_date.today_relative B-flight_time B-fromloc.city_name B-fromloc.city_name B-toloc.city_name B-toloc.city_name
list all flights leaving denver between 8 pm and 9 pm,B-fromloc.city_name B-depart_time.start_time I-depart_time.start_time B-depart_time.end_time I-depart_time.end_time,B-depart_date.day_name B-class_type I-flight_time B-fromloc.city_name B-fromloc.city_name B-fromloc.city_name B-depart_time.start_time I-depart_time.start_time B-depart_time.end_time B-depart_time.end_time I-depart_time.end_time
what is the seating capacity on the aircraft 733,B-aircraft_code,B-airline_code B-airline_code B-depart_date.today_relative B-flight_mod I-flight_mod B-airline_name B-depart_date.today_relative B-flight_mod B-aircraft_code
what is the seating capacity of a 72s,B-aircraft_code,B-airline_code B-airline_code B-depart_date.today_relative B-flight_mod I-flight_mod I-flight_time B-aircraft_code B-aircraft_code
what is the seating capacity of the aircraft 72s,B-aircraft_code,B-airline_code B-airline_code B-depart_date.today_relative B-flight_mod I-flight_mod I-flight_time B-depart_date.today_relative B-flight_mod B-aircraft_code
what is the seating capacity of the aircraft m80,B-aircraft_code,B-airline_code B-airline_code B-depart_date.today_relative B-flight_mod I-flight_mod I-flight_time B-depart_date.today_relative B-flight_mod B-aircraft_code
what is the seating capacity of the type of aircraft m80,B-aircraft_code,B-airline_code B-airline_code B-depart_date.today_relative B-flight_mod I-flight_mod I-flight_time B-depart_date.today_relative B-mod I-flight_time I-flight_time B-aircraft_code
what is the seating capacity of an m80,B-aircraft_code,B-airline_code B-airline_code B-depart_date.today_relative B-flight_mod I-flight_mod I-flight_time B-aircraft_code B-aircraft_code
what airlines serve denver,B-city_name,B-airline_code I-airline_name B-city_name B-city_name
list the airlines with flights to or from denver,B-city_name,B-depart_date.day_name B-depart_date.today_relative I-airline_name B-stoploc.city_name B-aircraft_code B-toloc.city_name B-or B-fromloc.city_name B-fromloc.city_name
what airlines fly into denver,B-toloc.city_name,B-airline_code I-airline_name B-airline_name B-toloc.city_name B-toloc.city_name
list all flights arriving in denver between 8 and 9 pm,B-toloc.city_name B-arrive_time.start_time B-arrive_time.end_time I-arrive_time.end_time,B-depart_date.day_name B-class_type I-flight_time B-depart_date.day_name B-toloc.city_name B-toloc.city_name B-fromloc.city_name B-arrive_time.start_time B-arrive_time.end_time B-arrive_time.end_time I-arrive_time.end_time
what is the capacity of the 73s,B-aircraft_code,B-airline_code B-airline_code B-depart_date.today_relative B-mod I-flight_time B-depart_date.today_relative B-mod
what is 73s,B-aircraft_code,B-airline_code B-airline_code B-airport_code
what is seating capacity on the aircraft 73s,B-aircraft_code,B-airline_code B-airline_code B-airport_code B-aircraft_code B-airline_name B-depart_date.today_relative B-flight_mod B-aircraft_code
what is the seating capacity of a 757,B-aircraft_code,B-airline_code B-airline_code B-depart_date.today_relative B-flight_mod I-flight_mod I-flight_time B-aircraft_code B-aircraft_code
how many people will a 757 hold,B-aircraft_code,B-city_name B-depart_time.period_of_day B-toloc.city_name I-toloc.airport_name B-aircraft_code B-aircraft_code B-aircraft_code
how many passengers can fly on a 757,B-aircraft_code,B-city_name B-depart_time.period_of_day B-aircraft_code B-airline_name B-airline_name B-airline_name B-airline_name B-aircraft_code
list all of the daily flights arriving in denver between 8 and 9 pm,B-flight_days B-toloc.city_name B-arrive_time.start_time B-arrive_time.end_time I-arrive_time.end_time,B-depart_date.day_name B-class_type B-depart_date.day_name B-depart_date.today_relative B-flight_days B-flight_time B-depart_date.day_name B-toloc.city_name B-toloc.city_name B-fromloc.city_name B-arrive_time.start_time B-arrive_time.end_time B-arrive_time.end_time I-arrive_time.end_time
list all of the daily flights arriving in denver from 8 to 9 pm,B-flight_days B-toloc.city_name B-arrive_time.start_time B-arrive_time.end_time I-arrive_time.end_time,B-depart_date.day_name B-class_type B-depart_date.day_name B-depart_date.today_relative B-flight_days B-flight_time B-depart_date.day_name B-toloc.city_name B-toloc.city_name B-fromloc.city_name B-fromloc.city_name B-toloc.city_name B-toloc.city_name I-arrive_time.time
show me all of the daily flights arriving in denver between 8 pm and 9 pm,B-flight_days B-toloc.city_name B-arrive_time.start_time I-arrive_time.start_time B-arrive_time.end_time I-arrive_time.end_time,B-airline_name B-cost_relative B-class_type I-fromloc.city_name B-depart_date.today_relative B-flight_days B-flight_time B-depart_date.day_name B-toloc.city_name B-toloc.city_name B-fromloc.city_name B-arrive_time.start_time I-arrive_time.start_time B-arrive_time.end_time B-arrive_time.end_time I-arrive_time.end_time
what is the seating capacity of the 757,B-aircraft_code,B-airline_code B-airline_code B-depart_date.today_relative B-flight_mod I-flight_mod I-flight_time B-depart_date.today_relative B-aircraft_code
tell me about the m80 aircraft,B-aircraft_code,B-fromloc.airport_name B-airport_code B-airline_code B-depart_date.today_relative B-mod B-flight_number
tell me about the m80 aircraft,B-aircraft_code,B-fromloc.airport_name B-airport_code B-airline_code B-depart_date.today_relative B-mod B-flight_number
tell me about the type of aircraft <unk> an m80,B-aircraft_code,B-fromloc.airport_name B-airport_code B-airline_code B-depart_date.today_relative B-mod I-flight_time I-flight_time I-flight_time B-airline_name B-aircraft_code
what is the seating capacity of the 733,B-aircraft_code,B-airline_code B-airline_code B-depart_date.today_relative B-flight_mod I-flight_mod I-flight_time B-depart_date.today_relative B-mod
what is the seating capacity of the m80,B-aircraft_code,B-airline_code B-airline_code B-depart_date.today_relative B-flight_mod I-flight_mod I-flight_time B-depart_date.today_relative B-aircraft_code
what is the seating capacity on the aircraft m80,B-aircraft_code,B-airline_code B-airline_code B-depart_date.today_relative B-flight_mod I-flight_mod B-airline_name B-depart_date.today_relative B-flight_mod B-aircraft_code
list all flights arriving or leaving denver between 8 and 9 pm,B-city_name B-depart_time.start_time B-depart_time.end_time I-depart_time.end_time,B-depart_date.day_name B-class_type I-flight_time B-depart_date.day_name B-or B-fromloc.city_name B-fromloc.city_name B-fromloc.city_name B-depart_time.start_time B-depart_time.end_time B-depart_time.end_time I-depart_time.end_time
list all flights arriving in denver between 8 and 9 pm,B-toloc.city_name B-arrive_time.start_time B-arrive_time.end_time I-arrive_time.end_time,B-depart_date.day_name B-class_type I-flight_time B-depart_date.day_name B-toloc.city_name B-toloc.city_name B-fromloc.city_name B-arrive_time.start_time B-arrive_time.end_time B-arrive_time.end_time I-arrive_time.end_time
list all flights on all types of aircraft arriving in denver between 8 and 9 pm,B-toloc.city_name B-arrive_time.start_time B-arrive_time.end_time I-arrive_time.end_time,B-depart_date.day_name B-class_type I-flight_time B-airline_name B-airline_name B-airline_name B-depart_date.day_name B-aircraft_code B-arrive_time.time_relative B-toloc.city_name B-toloc.city_name B-fromloc.city_name B-arrive_time.start_time B-arrive_time.end_time B-arrive_time.end_time I-arrive_time.end_time
please list all flights from nashville to memphis on monday morning,B-fromloc.city_name B-toloc.city_name B-depart_date.day_name B-depart_time.period_of_day,B-cost_relative B-aircraft_code B-airline_name I-flight_time B-fromloc.city_name B-fromloc.city_name B-toloc.city_name B-toloc.city_name B-depart_date.month_name B-depart_date.day_name B-depart_time.period_of_day
please list the flights from nashville to memphis on monday morning,B-fromloc.city_name B-toloc.city_name B-depart_date.day_name B-depart_time.period_of_day,B-cost_relative B-aircraft_code B-depart_date.today_relative B-flight_time B-fromloc.city_name B-fromloc.city_name B-toloc.city_name B-toloc.city_name B-depart_date.month_name B-depart_date.day_name B-depart_time.period_of_day
is there ground transportation from the memphis airport into town when if i arrive at <unk> in the morning,B-airport_name I-airport_name B-period_of_day,B-airline_code B-airline_code B-city_name B-city_name B-fromloc.airport_name B-fromloc.airport_name B-fromloc.airport_name I-fromloc.airport_name I-fromloc.airport_name B-toloc.city_name B-toloc.city_name I-toloc.airport_name B-flight_stop B-flight_stop B-arrive_time.time_relative B-arrive_time.time B-toloc.city_name B-depart_date.today_relative B-arrive_time.period_of_day
please list the flights from memphis to new york city on a monday night,B-fromloc.city_name B-toloc.city_name I-toloc.city_name I-toloc.city_name B-depart_date.day_name B-depart_time.period_of_day,B-cost_relative B-aircraft_code B-depart_date.today_relative B-flight_time B-fromloc.city_name B-fromloc.city_name B-toloc.city_name B-toloc.city_name I-toloc.city_name I-toloc.city_name B-airline_name B-airline_name B-depart_date.day_name B-depart_time.period_of_day
what is <unk>,B-airport_code,B-airline_code B-airline_code B-airport_code
what ground transportation is available from la guardia airport into new york city,B-airport_name I-airport_name I-airport_name B-city_name I-city_name I-city_name,B-airline_code B-city_name B-city_name B-city_name B-city_name B-fromloc.city_name B-fromloc.airport_name I-fromloc.airport_name I-fromloc.airport_name I-fromloc.airport_name B-toloc.city_name I-toloc.city_name I-toloc.city_name
is there ground transportation from <unk> into new york city,B-airport_code B-city_name I-city_name I-city_name,B-airline_code B-airline_code B-city_name B-city_name B-fromloc.airport_name B-fromloc.airport_name B-fromloc.airport_name B-toloc.city_name I-toloc.city_name I-toloc.city_name
please list the ground transportation from <unk> into new york city,B-airport_code B-city_name I-city_name I-city_name,B-cost_relative B-aircraft_code B-depart_date.today_relative B-flight_mod B-city_name B-fromloc.airport_name B-fromloc.airport_name B-fromloc.airport_name B-toloc.city_name I-toloc.city_name I-toloc.city_name
please list ground transportation from ewr into new york city,B-airport_code B-city_name I-city_name I-city_name,B-cost_relative B-aircraft_code B-city_name B-city_name B-fromloc.airport_name B-fromloc.airport_name B-fromloc.airport_name B-toloc.city_name I-city_name I-toloc.city_name
show me the morning flights from memphis to new york city,B-depart_time.period_of_day B-fromloc.city_name B-toloc.city_name I-toloc.city_name I-toloc.city_name,B-airline_name B-cost_relative B-depart_date.today_relative B-depart_time.period_of_day I-flight_time B-fromloc.city_name B-fromloc.city_name B-toloc.city_name B-toloc.city_name I-toloc.city_name I-toloc.city_name
give me the flights from new york city to nashville leaving after 5 pm on wednesday,B-fromloc.city_name I-fromloc.city_name I-fromloc.city_name B-toloc.city_name B-depart_time.time_relative B-depart_time.time I-depart_time.time B-depart_date.day_name,B-airline_name B-airline_name B-depart_date.today_relative B-flight_time B-fromloc.city_name B-fromloc.city_name I-fromloc.city_name I-fromloc.city_name B-toloc.city_name B-toloc.city_name B-fromloc.city_name B-depart_time.time_relative B-depart_time.time I-depart_time.time B-airline_name B-depart_date.day_name
tell me about the ground transportation from nashville airport,B-airport_name I-airport_name,B-fromloc.airport_name B-airport_code B-airline_code B-depart_date.today_relative B-depart_time.time B-city_name B-fromloc.city_name B-fromloc.airport_name I-fromloc.airport_name
what are the nonstop flights from cincinnati to charlotte leaving after noon and arriving before 7 pm,B-flight_stop B-fromloc.city_name B-toloc.city_name B-depart_time.time_relative B-depart_time.period_of_day B-arrive_time.time_relative B-arrive_time.time I-arrive_time.time,B-airline_code B-fromloc.city_name B-depart_date.today_relative B-flight_stop B-flight_stop B-fromloc.city_name B-fromloc.city_name B-toloc.city_name B-toloc.city_name B-arrive_time.time B-arrive_time.time_relative B-arrive_time.time B-arrive_time.time B-arrive_time.time_relative B-arrive_time.time_relative B-arrive_time.time I-arrive_time.time
how many flights does alaska airlines have to burbank,B-airline_name I-airline_name B-toloc.city_name,B-city_name B-depart_time.period_of_day B-fromloc.city_name B-airline_code B-airline_name I-airline_name I-airline_name B-toloc.city_name B-toloc.city_name
list the alaska airline flights from burbank to anywhere,B-airline_name I-airline_name B-fromloc.city_name,B-depart_date.day_name B-depart_date.today_relative B-depart_time.period_of_day I-airline_name I-flight_time B-fromloc.city_name B-fromloc.city_name B-toloc.city_name B-toloc.city_name
list the alaska airline flights from burbank,B-airline_name I-airline_name B-fromloc.city_name,B-depart_date.day_name B-depart_date.today_relative B-depart_time.period_of_day I-airline_name I-flight_time B-fromloc.city_name B-fromloc.city_name
which airline is as,B-airline_code,B-depart_time.time I-airline_name B-airline_code B-airline_code
list the alaska airlines flights arriving in burbank,B-airline_name I-airline_name B-toloc.city_name,B-depart_date.day_name B-depart_date.today_relative B-depart_time.period_of_day I-airline_name B-fromloc.city_name B-arrive_time.time_relative B-toloc.city_name B-toloc.city_name
list the alaska airlines flights a departing from burbank,B-airline_name I-airline_name B-fromloc.city_name,B-depart_date.day_name B-depart_date.today_relative B-depart_time.period_of_day I-airline_name B-fromloc.city_name B-depart_time.period_of_day B-fromloc.city_name B-fromloc.city_name B-fromloc.city_name
list all alaska airlines flights,B-airline_name I-airline_name,B-depart_date.day_name B-class_type B-airline_name I-airline_name B-fromloc.city_name
list all flights departing from seattle,B-fromloc.city_name,B-depart_date.day_name B-class_type I-flight_time B-fromloc.city_name B-fromloc.city_name B-fromloc.city_name
list the flights from indianapolis to memphis that leave before noon,B-fromloc.city_name B-toloc.city_name B-depart_time.time_relative B-depart_time.period_of_day,B-depart_date.day_name B-depart_date.today_relative B-flight_time B-fromloc.city_name B-fromloc.city_name B-toloc.city_name B-toloc.city_name I-toloc.city_name B-fromloc.city_name B-depart_time.time_relative B-depart_time.time
list the cheapest fare from charlotte to las vegas,B-cost_relative B-fromloc.city_name B-toloc.city_name I-toloc.city_name,B-depart_date.day_name B-depart_date.today_relative B-cost_relative B-aircraft_code B-fromloc.city_name B-fromloc.city_name B-toloc.city_name B-toloc.city_name I-toloc.city_name
i want a flight from los angeles to charlotte early in the morning,B-fromloc.city_name I-fromloc.city_name B-toloc.city_name B-depart_time.period_mod B-depart_time.period_of_day,B-fromloc.city_name B-airline_name B-depart_time.period_of_day B-flight_time B-fromloc.city_name B-fromloc.city_name I-fromloc.city_name B-toloc.city_name B-toloc.city_name B-depart_time.period_mod B-stoploc.city_name B-depart_date.today_relative B-depart_time.period_of_day
i would like a morning flight from charlotte to newark,B-depart_time.period_of_day B-fromloc.city_name B-toloc.city_name,B-fromloc.city_name B-fromloc.city_name B-flight_mod B-depart_time.period_of_day B-depart_time.period_of_day B-flight_time B-fromloc.city_name B-fromloc.city_name B-toloc.city_name B-toloc.city_name
i 'd like a morning flight from newark to los angeles,B-depart_time.period_of_day B-fromloc.city_name B-toloc.city_name I-toloc.city_name,B-fromloc.city_name B-depart_time.time B-flight_mod B-depart_time.period_of_day B-depart_time.period_of_day B-flight_time B-fromloc.city_name B-fromloc.city_name B-toloc.city_name B-toloc.city_name I-toloc.city_name
i 'd like an evening flight from newark to los angeles,B-depart_time.period_of_day B-fromloc.city_name B-toloc.city_name I-toloc.city_name,B-fromloc.city_name B-depart_time.time B-flight_mod B-airline_name B-depart_time.period_of_day B-flight_time B-fromloc.city_name B-fromloc.city_name B-toloc.city_name B-toloc.city_name I-toloc.city_name
i would like a flight that leaves on sunday from montreal quebec to san diego california,B-depart_date.day_name B-fromloc.city_name B-fromloc.state_name B-toloc.city_name I-toloc.city_name B-toloc.state_name,B-fromloc.city_name B-fromloc.city_name B-flight_mod B-depart_time.period_of_day B-flight_time B-airline_name B-fromloc.city_name B-airline_name B-depart_date.day_name B-fromloc.city_name B-fromloc.city_name B-fromloc.state_name B-toloc.city_name B-toloc.city_name I-toloc.city_name B-toloc.state_name
i would like a flight on tuesday which leaves from san diego to indianapolis indiana and that leaves in the afternoon,B-depart_date.day_name B-fromloc.city_name I-fromloc.city_name B-toloc.city_name B-toloc.state_name B-depart_time.period_of_day,B-fromloc.city_name B-fromloc.city_name B-flight_mod B-depart_time.period_of_day B-flight_time B-airline_name B-depart_date.day_name B-depart_time.time B-fromloc.city_name B-fromloc.city_name B-fromloc.city_name I-fromloc.city_name B-toloc.city_name B-toloc.city_name B-toloc.state_name B-toloc.state_name B-depart_date.day_name B-fromloc.city_name B-fromloc.city_name B-depart_date.today_relative B-depart_time.period_of_day
i would like to leave thursday morning from indianapolis to toronto,B-depart_date.day_name B-depart_time.period_of_day B-fromloc.city_name B-toloc.city_name,B-fromloc.city_name B-fromloc.city_name B-flight_mod B-toloc.city_name B-toloc.city_name B-depart_date.day_name B-depart_time.period_of_day B-fromloc.city_name B-fromloc.city_name B-toloc.city_name B-toloc.city_name
i would like a flight on friday morning from toronto to montreal,B-depart_date.day_name B-depart_time.period_of_day B-fromloc.city_name B-toloc.city_name,B-fromloc.city_name B-fromloc.city_name B-flight_mod B-depart_time.period_of_day B-flight_time B-airline_name B-depart_date.day_name B-depart_time.period_of_day B-fromloc.city_name B-fromloc.city_name B-toloc.city_name B-toloc.city_name
i would like a flight from cincinnati to burbank on american,B-fromloc.city_name B-toloc.city_name B-airline_name,B-fromloc.city_name B-fromloc.city_name B-flight_mod B-depart_time.period_of_day B-flight_time B-fromloc.city_name B-fromloc.city_name B-toloc.city_name B-toloc.city_name B-depart_date.month_name B-airline_name
what type of aircraft is used for the american flight leaving at <unk> pm,B-airline_name B-depart_time.time I-depart_time.time,B-airline_code B-depart_time.period_of_day I-flight_time B-aircraft_code B-airline_code B-airport_code B-airline_code B-depart_date.today_relative B-airline_name B-flight_time B-fromloc.city_name B-fromloc.city_name B-depart_time.time I-depart_time.time
i need a flight leaving kansas city to chicago leaving next wednesday and returning the following day,B-fromloc.city_name I-fromloc.city_name B-toloc.city_name B-depart_date.date_relative B-depart_date.day_name B-return_date.date_relative I-return_date.date_relative I-return_date.date_relative,B-fromloc.city_name B-class_type B-flight_mod B-flight_time B-fromloc.city_name B-fromloc.city_name I-fromloc.city_name B-toloc.city_name B-toloc.city_name B-fromloc.city_name B-depart_date.date_relative B-depart_date.day_name B-depart_time.end_time B-depart_time.end_time B-return_date.date_relative I-return_date.date_relative I-return_date.date_relative
what flights go from long beach to st. louis,B-fromloc.city_name I-fromloc.city_name B-toloc.city_name I-toloc.city_name,B-airline_code B-fromloc.city_name B-fromloc.city_name B-fromloc.city_name B-fromloc.city_name I-fromloc.city_name B-toloc.city_name B-toloc.city_name I-toloc.city_name
what are the flights from memphis to las vegas,B-fromloc.city_name B-toloc.city_name I-toloc.city_name,B-airline_code B-fromloc.city_name B-depart_date.today_relative B-flight_time B-fromloc.city_name B-fromloc.city_name B-toloc.city_name B-toloc.city_name I-toloc.city_name
what are the flights from las vegas to ontario,B-fromloc.city_name I-fromloc.city_name B-toloc.city_name,B-airline_code B-fromloc.city_name B-depart_date.today_relative B-flight_time B-fromloc.city_name B-fromloc.city_name I-fromloc.city_name B-toloc.city_name B-toloc.city_name
what are the flights from ontario to memphis,B-fromloc.city_name B-toloc.city_name,B-airline_code B-fromloc.city_name B-depart_date.today_relative B-flight_time B-fromloc.city_name B-fromloc.city_name B-toloc.city_name B-toloc.city_name
what type of ground transportation is there at the las vegas airport,B-airport_name I-airport_name I-airport_name,B-airline_code B-depart_time.period_of_day I-flight_time B-meal_code B-city_name B-city_name B-city_name B-city_name B-airport_name B-city_name I-city_name I-airport_name
is there taxi service at the ontario airport,B-transport_type I-transport_type B-airport_name I-airport_name,B-airline_code B-airline_code B-transport_type B-transport_type B-airport_name B-airport_name B-airport_name I-airport_name
what are the flights from tampa to milwaukee,B-fromloc.city_name B-toloc.city_name,B-airline_code B-fromloc.city_name B-depart_date.today_relative B-flight_time B-fromloc.city_name B-fromloc.city_name B-toloc.city_name B-toloc.city_name
what are the flights from milwaukee to seattle,B-fromloc.city_name B-toloc.city_name,B-airline_code B-fromloc.city_name B-depart_date.today_relative B-flight_time B-fromloc.city_name B-fromloc.city_name B-toloc.city_name B-toloc.city_name
what are the flights from la guardia to san jose on united,B-fromloc.airport_name I-fromloc.airport_name B-toloc.city_name I-toloc.city_name B-airline_name,B-airline_code B-fromloc.city_name B-depart_date.today_relative B-flight_time B-fromloc.city_name B-fromloc.city_name I-fromloc.airport_name B-toloc.city_name B-toloc.city_name I-toloc.city_name B-airline_name B-airline_name
what are the flights on mondays that travel from charlotte north carolina to phoenix arizona,B-depart_date.day_name B-fromloc.city_name B-fromloc.state_name I-fromloc.state_name B-toloc.city_name B-toloc.state_name,B-airline_code B-fromloc.city_name B-depart_date.today_relative B-flight_time B-airline_name B-depart_date.day_name B-depart_date.day_name B-fare_basis_code B-fromloc.city_name B-fromloc.city_name B-fromloc.state_name I-fromloc.state_name B-toloc.city_name B-toloc.city_name B-toloc.state_name
what are the flights from phoenix arizona to st. paul minnesota on tuesday,B-fromloc.city_name B-fromloc.state_name B-toloc.city_name I-toloc.city_name B-toloc.state_name B-depart_date.day_name,B-airline_code B-fromloc.city_name B-depart_date.today_relative B-flight_time B-fromloc.city_name B-fromloc.city_name I-fromloc.city_name B-toloc.city_name B-toloc.city_name I-toloc.city_name B-toloc.state_name B-airline_name B-depart_date.day_name
what are the flights on thursday leaving from st. paul minnesota to st. louis,B-depart_date.day_name B-fromloc.city_name I-fromloc.city_name B-fromloc.state_name B-toloc.city_name I-toloc.city_name,B-airline_code B-fromloc.city_name B-depart_date.today_relative B-flight_time B-airline_name B-depart_date.day_name B-fromloc.city_name B-fromloc.city_name B-fromloc.city_name I-fromloc.city_name B-fromloc.state_name B-toloc.city_name B-toloc.city_name I-toloc.city_name
what are the flights from st. louis to charlotte north carolina leaving on friday,B-fromloc.city_name I-fromloc.city_name B-toloc.city_name B-toloc.state_name I-toloc.state_name B-depart_date.day_name,B-airline_code B-fromloc.city_name B-depart_date.today_relative B-flight_time B-fromloc.city_name B-fromloc.city_name I-fromloc.city_name B-toloc.city_name B-toloc.city_name B-toloc.state_name I-toloc.state_name B-fromloc.city_name B-airline_name B-depart_date.day_name
what are the flights from boston to orlando that stop in new york,B-fromloc.city_name B-toloc.city_name B-stoploc.city_name I-stoploc.city_name,B-airline_code B-fromloc.city_name B-depart_date.today_relative B-flight_time B-fromloc.city_name B-fromloc.city_name B-toloc.city_name B-toloc.city_name I-toloc.city_name B-flight_stop B-stoploc.city_name B-stoploc.city_name I-stoploc.city_name
i need a morning flight from burbank to milwaukee on next monday,B-depart_time.period_of_day B-fromloc.city_name B-toloc.city_name B-depart_date.date_relative B-depart_date.day_name,B-fromloc.city_name B-class_type B-flight_mod B-depart_time.period_of_day B-flight_time B-fromloc.city_name B-fromloc.city_name B-toloc.city_name B-toloc.city_name B-depart_date.month_name B-depart_date.date_relative B-depart_date.day_name
how about a flight from milwaukee to st. louis that leaves monday night,B-fromloc.city_name B-toloc.city_name I-toloc.city_name B-depart_date.day_name B-depart_time.period_of_day,B-city_name B-depart_time.time_relative B-aircraft_code B-flight_time B-fromloc.city_name B-fromloc.city_name B-toloc.city_name B-toloc.city_name I-toloc.city_name I-toloc.city_name B-fromloc.city_name B-depart_date.day_name B-depart_time.period_of_day
and a flight from st. louis to burbank that leaves tuesday afternoon,B-fromloc.city_name I-fromloc.city_name B-toloc.city_name B-depart_date.day_name B-depart_time.period_of_day,B-arrive_time.end_time B-depart_time.period_of_day B-flight_time B-fromloc.city_name B-fromloc.city_name I-fromloc.city_name B-toloc.city_name B-toloc.city_name I-toloc.city_name B-fromloc.city_name B-depart_date.day_name B-depart_time.period_of_day
how about a flight leaving tuesday night from st. louis to burbank,B-depart_date.day_name B-depart_time.period_of_day B-fromloc.city_name I-fromloc.city_name B-toloc.city_name,B-city_name B-depart_time.time_relative B-aircraft_code B-flight_time B-fromloc.city_name B-depart_date.day_name B-depart_time.period_of_day B-fromloc.city_name B-fromloc.city_name I-fromloc.city_name B-toloc.city_name B-toloc.city_name
i need a flight from salt lake to newark airport that arrives on saturday before 6 pm,B-fromloc.city_name I-fromloc.city_name B-toloc.airport_name I-toloc.airport_name B-arrive_date.day_name B-arrive_time.time_relative B-arrive_time.time I-arrive_time.time,B-fromloc.city_name B-class_type B-flight_mod B-flight_time B-fromloc.city_name B-fromloc.city_name I-fromloc.city_name B-toloc.city_name B-toloc.city_name I-toloc.airport_name B-flight_stop B-depart_date.day_name B-airline_name B-arrive_date.day_name B-arrive_time.time_relative B-arrive_time.time I-arrive_time.time
i 'd like a flight from cincinnati to newark airport that arrives on saturday before 6 pm,B-fromloc.city_name B-toloc.airport_name I-toloc.airport_name B-arrive_date.day_name B-arrive_time.time_relative B-arrive_time.time I-arrive_time.time,B-fromloc.city_name B-depart_time.time B-flight_mod B-depart_time.period_of_day B-flight_time B-fromloc.city_name B-fromloc.city_name B-toloc.city_name B-toloc.city_name I-toloc.airport_name B-flight_stop B-depart_date.day_name B-airline_name B-depart_date.day_name B-arrive_time.time_relative B-arrive_time.time I-arrive_time.time
i need a flight on american airlines from miami to chicago that arrives around 5 pm,B-airline_name I-airline_name B-fromloc.city_name B-toloc.city_name B-arrive_time.time_relative B-arrive_time.time I-arrive_time.time,B-fromloc.city_name B-class_type B-flight_mod B-flight_time B-airline_name B-airline_name I-airline_name B-fromloc.city_name B-fromloc.city_name B-toloc.city_name B-toloc.city_name I-toloc.city_name B-arrive_time.time_relative B-arrive_time.time_relative B-arrive_time.time I-arrive_time.time
i need a flight from memphis to tacoma that goes through los angeles,B-fromloc.city_name B-toloc.city_name B-stoploc.city_name I-stoploc.city_name,B-fromloc.city_name B-class_type B-flight_mod B-flight_time B-fromloc.city_name B-fromloc.city_name B-toloc.city_name B-toloc.city_name I-toloc.city_name B-flight_stop B-stoploc.city_name B-stoploc.city_name I-stoploc.city_name
what are the flights between cincinnati and san jose california which leave after 6 pm,B-fromloc.city_name B-toloc.city_name I-toloc.city_name B-toloc.state_name B-depart_time.time_relative B-depart_time.time I-depart_time.time,B-airline_code B-fromloc.city_name B-depart_date.today_relative B-flight_time B-fromloc.city_name B-fromloc.city_name B-toloc.city_name B-toloc.city_name I-toloc.city_name B-toloc.state_name B-toloc.state_name B-fromloc.city_name B-depart_time.time_relative B-depart_time.time I-depart_time.time
what are the nonstop flights between san jose and houston texas,B-flight_stop B-fromloc.city_name I-fromloc.city_name B-toloc.city_name B-toloc.state_name,B-airline_code B-fromloc.city_name B-depart_date.today_relative B-flight_stop B-flight_stop B-fromloc.city_name B-fromloc.city_name I-fromloc.city_name B-arrive_time.end_time B-toloc.city_name B-arrive_time.end_time
what are the nonstop flights between houston and memphis,B-flight_stop B-fromloc.city_name B-toloc.city_name,B-airline_code B-fromloc.city_name B-depart_date.today_relative B-flight_stop B-flight_stop B-fromloc.city_name B-fromloc.city_name B-toloc.city_name B-toloc.city_name
what are the flights between memphis and cincinnati on wednesday,B-fromloc.city_name B-toloc.city_name B-depart_date.day_name,B-airline_code B-fromloc.city_name B-depart_date.today_relative B-flight_time B-fromloc.city_name B-fromloc.city_name B-toloc.city_name B-toloc.city_name B-depart_date.month_name B-depart_date.day_name
what are the american flights from newark to nashville,B-airline_name B-fromloc.city_name B-toloc.city_name,B-airline_code B-fromloc.city_name B-depart_date.today_relative B-airline_name I-flight_time B-fromloc.city_name B-fromloc.city_name B-toloc.city_name B-toloc.city_name
the flights from ontario to westchester that stop in chicago,B-fromloc.city_name B-toloc.city_name B-stoploc.city_name,B-depart_date.today_relative B-flight_time B-fromloc.city_name B-fromloc.city_name B-toloc.city_name B-toloc.city_name I-toloc.city_name B-flight_stop B-stoploc.city_name B-stoploc.city_name
please list the flights from los angeles to charlotte,B-fromloc.city_name I-fromloc.city_name B-toloc.city_name,B-cost_relative B-aircraft_code B-depart_date.today_relative B-flight_time B-fromloc.city_name B-fromloc.city_name I-fromloc.city_name B-toloc.city_name B-toloc.city_name
please list the flights from charlotte to newark,B-fromloc.city_name B-toloc.city_name,B-cost_relative B-aircraft_code B-depart_date.today_relative B-flight_time B-fromloc.city_name B-fromloc.city_name B-toloc.city_name B-toloc.city_name
please list the flights from newark to los angeles,B-fromloc.city_name B-toloc.city_name I-toloc.city_name,B-cost_relative B-aircraft_code B-depart_date.today_relative B-flight_time B-fromloc.city_name B-fromloc.city_name B-toloc.city_name B-toloc.city_name I-toloc.city_name
please list the flights from cincinnati to burbank on american airlines,B-fromloc.city_name B-toloc.city_name B-airline_name I-airline_name,B-cost_relative B-aircraft_code B-depart_date.today_relative B-flight_time B-fromloc.city_name B-fromloc.city_name B-toloc.city_name B-toloc.city_name B-depart_date.month_name B-airline_name I-airline_name
please give me the flights from kansas city to chicago on june sixteenth,B-fromloc.city_name I-fromloc.city_name B-toloc.city_name B-depart_date.month_name B-depart_date.day_number,B-cost_relative B-airline_name B-airline_name B-depart_date.today_relative B-flight_time B-fromloc.city_name B-fromloc.city_name I-fromloc.city_name B-toloc.city_name B-toloc.city_name B-depart_date.month_name B-depart_date.month_name B-depart_date.day_number
please give me the flights from chicago to kansas city on june seventeenth,B-fromloc.city_name B-toloc.city_name I-toloc.city_name B-depart_date.month_name B-depart_date.day_number,B-cost_relative B-airline_name B-airline_name B-depart_date.today_relative B-flight_time B-fromloc.city_name B-fromloc.city_name B-toloc.city_name B-toloc.city_name I-toloc.city_name B-depart_date.month_name B-depart_date.month_name B-depart_date.day_number
please list all the flights from kansas city to chicago on june sixteenth,B-fromloc.city_name I-fromloc.city_name B-toloc.city_name B-depart_date.month_name B-depart_date.day_number,B-cost_relative B-aircraft_code B-airline_name B-depart_date.today_relative B-flight_time B-fromloc.city_name B-fromloc.city_name I-fromloc.city_name B-toloc.city_name B-toloc.city_name B-depart_date.month_name B-depart_date.month_name B-depart_date.day_number
please list all the flights from chicago to kansas city on june seventeenth,B-fromloc.city_name B-toloc.city_name I-toloc.city_name B-depart_date.month_name B-depart_date.day_number,B-cost_relative B-aircraft_code B-airline_name B-depart_date.today_relative B-flight_time B-fromloc.city_name B-fromloc.city_name B-toloc.city_name B-toloc.city_name I-toloc.city_name B-depart_date.month_name B-depart_date.month_name B-depart_date.day_number
i 'd like to travel from burbank to milwaukee,B-fromloc.city_name B-toloc.city_name,B-fromloc.city_name B-depart_time.time B-flight_mod B-toloc.city_name B-toloc.city_name B-fromloc.city_name B-fromloc.city_name B-toloc.city_name B-toloc.city_name
can you find me a flight from salt lake city to new york city next saturday before arriving before 6 pm,B-fromloc.city_name I-fromloc.city_name I-fromloc.city_name B-toloc.city_name I-toloc.city_name I-toloc.city_name B-depart_date.date_relative B-depart_date.day_name B-arrive_time.time_relative B-arrive_time.time_relative B-arrive_time.time I-arrive_time.time,B-airline_name B-airline_name B-city_name B-airport_code B-depart_time.period_of_day B-flight_time B-fromloc.city_name B-fromloc.city_name I-fromloc.city_name I-fromloc.city_name B-toloc.city_name B-toloc.city_name I-toloc.city_name I-toloc.city_name B-depart_date.date_relative B-depart_date.day_name B-depart_time.time_relative B-arrive_time.time_relative B-arrive_time.time_relative B-arrive_time.time I-arrive_time.time
can you find me another flight from cincinnati to new york on saturday before 6 pm,B-fromloc.city_name B-toloc.city_name I-toloc.city_name B-depart_date.day_name B-depart_time.time_relative B-depart_time.time I-depart_time.time,B-airline_name B-airline_name B-city_name B-airport_code B-fare_basis_code B-flight_time B-fromloc.city_name B-fromloc.city_name B-toloc.city_name B-toloc.city_name I-toloc.city_name B-depart_date.month_name B-depart_date.day_name B-depart_time.time_relative B-depart_time.time I-depart_time.time
can you list all of the delta flights from salt lake city to new york next saturday arriving before 6 pm,B-airline_name B-fromloc.city_name I-fromloc.city_name I-fromloc.city_name B-toloc.city_name I-toloc.city_name B-depart_date.date_relative B-depart_date.day_name B-arrive_time.time_relative B-arrive_time.time I-arrive_time.time,B-airline_name B-airline_name B-aircraft_code B-airline_name B-depart_date.day_name B-depart_date.today_relative B-airline_name I-flight_time B-fromloc.city_name B-fromloc.city_name I-fromloc.city_name I-fromloc.city_name B-toloc.city_name B-toloc.city_name I-toloc.city_name B-depart_date.date_relative B-depart_date.day_name B-arrive_time.time_relative B-arrive_time.time_relative B-arrive_time.time I-arrive_time.time
i 'd like to fly from miami to chicago on on american airlines arriving around 5 pm,B-fromloc.city_name B-toloc.city_name B-airline_name I-airline_name B-arrive_time.time_relative B-arrive_time.time I-arrive_time.time,B-fromloc.city_name B-depart_time.time B-flight_mod B-toloc.city_name B-airline_name B-fromloc.city_name B-fromloc.city_name B-toloc.city_name B-toloc.city_name B-depart_date.month_name B-depart_date.month_name B-airline_name I-airline_name B-toloc.city_name B-arrive_time.time_relative B-arrive_time.time I-arrive_time.time
i 'd like to travel from kansas city to chicago next wednesday,B-fromloc.city_name I-fromloc.city_name B-toloc.city_name B-depart_date.date_relative B-depart_date.day_name,B-fromloc.city_name B-depart_time.time B-flight_mod B-toloc.city_name B-toloc.city_name B-fromloc.city_name B-fromloc.city_name I-fromloc.city_name B-toloc.city_name B-toloc.city_name B-depart_date.date_relative B-depart_date.day_name
i 'd like a round trip flight from kansas city to chicago on wednesday may twenty sixth arriving at 7 pm,B-round_trip I-round_trip B-fromloc.city_name I-fromloc.city_name B-toloc.city_name B-depart_date.day_name B-depart_date.month_name B-depart_date.day_number I-depart_date.day_number B-arrive_time.time I-arrive_time.time,B-fromloc.city_name B-depart_time.time B-flight_mod B-depart_time.period_of_day B-round_trip I-round_trip B-flight_time B-fromloc.city_name B-fromloc.city_name I-fromloc.city_name B-toloc.city_name B-toloc.city_name B-airline_name B-depart_date.day_name B-depart_date.month_name B-depart_date.day_number I-depart_date.day_number I-depart_date.day_number B-toloc.city_name B-arrive_time.time I-arrive_time.time
yes i 'd like to find a flight from memphis to tacoma stopping in los angeles,B-fromloc.city_name B-toloc.city_name B-stoploc.city_name I-stoploc.city_name,B-depart_time.period_of_day B-airline_code B-depart_time.time I-flight_time B-toloc.city_name B-toloc.city_name B-depart_time.period_of_day B-flight_time B-fromloc.city_name B-fromloc.city_name B-toloc.city_name B-toloc.city_name I-flight_stop B-stoploc.city_name B-stoploc.city_name I-stoploc.city_name
find flight from san diego to phoenix on monday am,B-fromloc.city_name I-fromloc.city_name B-toloc.city_name B-depart_date.day_name B-depart_time.period_of_day,B-fromloc.city_name B-flight_time B-fromloc.city_name B-fromloc.city_name I-fromloc.city_name B-toloc.city_name B-toloc.city_name B-depart_date.month_name B-depart_date.day_name B-depart_time.period_of_day
find flight from phoenix to detroit on monday,B-fromloc.city_name B-toloc.city_name B-depart_date.day_name,B-fromloc.city_name B-flight_time B-fromloc.city_name B-fromloc.city_name B-toloc.city_name B-toloc.city_name B-depart_date.month_name B-depart_date.day_name
find flight from detroit to san diego on tuesday,B-fromloc.city_name B-toloc.city_name I-toloc.city_name B-depart_date.day_name,B-fromloc.city_name B-flight_time B-fromloc.city_name B-fromloc.city_name B-toloc.city_name B-toloc.city_name I-toloc.city_name B-depart_date.month_name B-depart_date.day_name
find flight from cincinnati to san jose on monday,B-fromloc.city_name B-toloc.city_name I-toloc.city_name B-depart_date.day_name,B-fromloc.city_name B-flight_time B-fromloc.city_name B-fromloc.city_name B-toloc.city_name B-toloc.city_name I-toloc.city_name B-depart_date.month_name B-depart_date.day_name
find flight from san jose to houston on wednesday,B-fromloc.city_name I-fromloc.city_name B-toloc.city_name B-depart_date.day_name,B-fromloc.city_name B-flight_time B-fromloc.city_name B-fromloc.city_name I-fromloc.city_name B-toloc.city_name B-toloc.city_name B-depart_date.month_name B-depart_date.day_name
find flight from houston to memphis on friday,B-fromloc.city_name B-toloc.city_name B-depart_date.day_name,B-fromloc.city_name B-flight_time B-fromloc.city_name B-fromloc.city_name B-toloc.city_name B-toloc.city_name B-depart_date.month_name B-depart_date.day_name
find flight from memphis to cincinnati on sunday,B-fromloc.city_name B-toloc.city_name B-depart_date.day_name,B-fromloc.city_name B-flight_time B-fromloc.city_name B-fromloc.city_name B-toloc.city_name B-toloc.city_name B-depart_date.month_name B-depart_date.day_name
find american flight from newark to nashville around 630 pm,B-airline_name B-fromloc.city_name B-toloc.city_name B-depart_time.time_relative B-depart_time.time I-depart_time.time,B-fromloc.city_name B-airline_name B-flight_number B-fromloc.city_name B-fromloc.city_name B-toloc.city_name B-toloc.city_name B-depart_time.time_relative B-depart_time.time I-depart_time.time
please find a flight round trip from los angeles to tacoma washington with a stopover in san francisco <unk> <unk> the price of 300 dollars for june tenth 1993,B-round_trip I-round_trip B-fromloc.city_name I-fromloc.city_name B-toloc.city_name B-toloc.state_name B-stoploc.city_name I-stoploc.city_name B-cost_relative I-cost_relative B-fare_amount I-fare_amount B-depart_date.month_name B-depart_date.day_number B-depart_date.year,B-cost_relative B-class_type B-depart_time.period_of_day B-flight_time B-round_trip I-round_trip B-fromloc.city_name B-fromloc.city_name I-fromloc.city_name B-toloc.city_name B-toloc.city_name B-toloc.state_name B-flight_stop B-stoploc.city_name B-stoploc.city_name B-stoploc.city_name B-stoploc.city_name I-stoploc.city_name I-stoploc.city_name I-stoploc.city_name B-depart_date.today_relative B-meal I-flight_time B-transport_type I-fare_amount B-airline_code B-depart_date.month_name B-depart_date.day_number B-fare_amount
are there any flights on june tenth from burbank to tacoma,B-depart_date.month_name B-depart_date.day_number B-fromloc.city_name B-toloc.city_name,B-fromloc.city_name B-fromloc.city_name B-depart_date.day_name I-flight_time B-airline_name B-depart_date.month_name B-depart_date.day_number B-fromloc.city_name B-fromloc.city_name B-toloc.city_name B-toloc.city_name
please find a flight from ontario to westchester that makes a stop in chicago on may seventeenth one way with dinner,B-fromloc.city_name B-toloc.city_name B-stoploc.city_name B-depart_date.month_name B-depart_date.day_number B-round_trip I-round_trip B-meal_description,B-cost_relative B-class_type B-depart_time.period_of_day B-flight_time B-fromloc.city_name B-fromloc.city_name B-toloc.city_name B-toloc.city_name I-toloc.city_name B-depart_time.time B-aircraft_code I-flight_stop B-stoploc.city_name B-stoploc.city_name B-stoploc.city_name B-depart_date.month_name B-arrive_date.day_number B-arrive_date.day_number I-round_trip B-stoploc.city_name B-meal_description
like to book a flight from burbank to milwaukee,B-fromloc.city_name B-toloc.city_name,B-flight_mod B-toloc.city_name B-toloc.city_name B-depart_time.period_of_day B-flight_time B-fromloc.city_name B-fromloc.city_name B-toloc.city_name B-toloc.city_name
show me all the flights from burbank to milwaukee,B-fromloc.city_name B-toloc.city_name,B-airline_name B-cost_relative B-class_type B-depart_date.today_relative B-flight_time B-fromloc.city_name B-fromloc.city_name B-toloc.city_name B-toloc.city_name
find me all the flights from milwaukee to st. louis,B-fromloc.city_name B-city_name I-city_name,B-fromloc.city_name B-round_trip B-class_type B-flight_mod B-flight_time B-fromloc.city_name B-fromloc.city_name B-toloc.city_name B-toloc.city_name I-toloc.city_name
now show me all the flights from st. louis to burbank,B-city_name I-city_name B-toloc.city_name,B-depart_date.day_name B-airline_name B-cost_relative B-class_type B-depart_date.today_relative B-flight_time B-fromloc.city_name B-fromloc.city_name I-fromloc.city_name B-toloc.city_name B-toloc.city_name
is there one airline that flies from burbank to milwaukee milwaukee to st. louis and from st. louis to burbank,B-fromloc.city_name B-toloc.city_name B-fromloc.city_name B-toloc.city_name I-toloc.city_name B-fromloc.city_name I-fromloc.city_name B-toloc.city_name,B-airline_code B-airline_code B-flight_stop I-airline_name B-airline_code B-aircraft_code B-fromloc.city_name B-fromloc.city_name B-toloc.city_name B-toloc.city_name B-toloc.city_name B-toloc.city_name B-toloc.city_name I-toloc.city_name B-toloc.state_name B-fromloc.city_name B-fromloc.city_name I-fromloc.city_name B-toloc.city_name B-toloc.city_name
find me all the round trip flights from burbank to milwaukee stopping in st. louis,B-round_trip I-round_trip B-fromloc.city_name B-toloc.city_name B-stoploc.city_name I-stoploc.city_name,B-fromloc.city_name B-round_trip B-class_type B-flight_mod B-round_trip I-round_trip B-fromloc.city_name B-fromloc.city_name B-fromloc.city_name B-toloc.city_name B-toloc.city_name I-flight_stop B-stoploc.city_name B-stoploc.city_name I-stoploc.city_name
i 'd like to book two flights to westchester county,B-toloc.city_name I-toloc.city_name,B-fromloc.city_name B-depart_time.time B-flight_mod B-toloc.city_name B-toloc.city_name B-depart_date.date_relative I-flight_time B-toloc.city_name B-toloc.city_name I-toloc.city_name
i want to book a flight from salt lake city to westchester county,B-fromloc.city_name I-fromloc.city_name I-fromloc.city_name B-toloc.city_name I-toloc.city_name,B-fromloc.city_name B-airline_name B-toloc.city_name B-toloc.city_name B-depart_time.period_of_day B-flight_time B-fromloc.city_name B-fromloc.city_name I-fromloc.city_name I-fromloc.city_name B-toloc.city_name B-toloc.city_name I-toloc.city_name
tell me all the airports near westchester county,B-city_name I-city_name,B-fromloc.airport_name B-airport_code B-class_type B-depart_date.today_relative B-flight_time B-city_name B-city_name I-city_name
i 'd like to book a flight from cincinnati to new york city on united airlines for next saturday,B-fromloc.city_name B-toloc.city_name I-toloc.city_name I-toloc.city_name B-airline_name I-airline_name B-depart_date.date_relative B-depart_date.day_name,B-fromloc.city_name B-depart_time.time B-flight_mod B-toloc.city_name B-toloc.city_name B-depart_time.period_of_day B-flight_time B-fromloc.city_name B-fromloc.city_name B-toloc.city_name B-toloc.city_name I-toloc.city_name I-toloc.city_name B-airline_name B-airline_name I-airline_name I-airline_name B-depart_date.date_relative B-depart_date.day_name
tell me all the airports in the new york city area,B-city_name I-city_name I-city_name,B-fromloc.airport_name B-airport_code B-class_type B-depart_date.today_relative B-flight_time B-city_name B-depart_date.today_relative B-city_name I-city_name I-city_name I-city_name
please find all the flights from cincinnati to any airport in the new york city area that arrive next saturday before 6 pm,B-fromloc.city_name B-toloc.city_name I-toloc.city_name I-toloc.city_name B-arrive_date.date_relative B-arrive_date.day_name B-arrive_time.time_relative B-arrive_time.time I-arrive_time.time,B-cost_relative B-class_type B-class_type B-flight_mod B-flight_time B-fromloc.city_name B-fromloc.city_name B-toloc.city_name B-toloc.city_name I-toloc.airport_name B-fromloc.city_name B-depart_date.today_relative B-fromloc.city_name I-fromloc.city_name I-fromloc.city_name I-toloc.city_name B-fare_amount B-arrive_time.time_relative B-arrive_date.date_relative B-arrive_date.day_name B-arrive_time.time_relative B-arrive_time.time I-arrive_time.time
find me a flight from cincinnati to any airport in the new york city area,B-fromloc.city_name B-toloc.city_name I-toloc.city_name I-toloc.city_name,B-fromloc.city_name B-round_trip B-depart_time.period_of_day B-flight_time B-fromloc.city_name B-fromloc.city_name B-toloc.city_name B-toloc.city_name I-toloc.airport_name B-fromloc.city_name B-depart_date.today_relative B-fromloc.city_name I-fromloc.city_name I-fromloc.city_name I-toloc.city_name
i 'd like to fly from miami to chicago on american airlines,B-fromloc.city_name B-toloc.city_name B-airline_name I-airline_name,B-fromloc.city_name B-depart_time.time B-flight_mod B-toloc.city_name B-airline_name B-fromloc.city_name B-fromloc.city_name B-toloc.city_name B-toloc.city_name B-depart_date.month_name B-airline_name I-airline_name
i would like to book a round trip flight from kansas city to chicago,B-round_trip I-round_trip B-fromloc.city_name I-fromloc.city_name B-toloc.city_name,B-fromloc.city_name B-fromloc.city_name B-flight_mod B-toloc.city_name B-toloc.city_name B-depart_time.period_of_day B-round_trip I-round_trip B-flight_time B-fromloc.city_name B-fromloc.city_name I-fromloc.city_name B-toloc.city_name B-toloc.city_name
find me a flight that flies from memphis to tacoma,B-fromloc.city_name B-toloc.city_name,B-fromloc.city_name B-round_trip B-depart_time.period_of_day B-flight_time B-airline_name I-flight_time B-fromloc.city_name B-fromloc.city_name B-toloc.city_name B-toloc.city_name
